[2026-02-02 14:00:33] local.ERROR: Class "ZipArchive" not found {"userId":62,"exception":"[object] (Error(code: 0): Class \"ZipArchive\" not found at /var/www/norloxsolutionscrm.com/wowcrm/vendor/phpoffice/phpword/src/PhpWord/Shared/XMLReader.php:64)
[stacktrace]
#0 /var/www/norloxsolutionscrm.com/wowcrm/vendor/phpoffice/phpword/src/PhpWord/Reader/Word2007.php(169): PhpOffice\\PhpWord\\Shared\\XMLReader->getDomFromZip()
#1 /var/www/norloxsolutionscrm.com/wowcrm/vendor/phpoffice/phpword/src/PhpWord/Reader/Word2007.php(133): PhpOffice\\PhpWord\\Reader\\Word2007->getRels()
#2 /var/www/norloxsolutionscrm.com/wowcrm/vendor/phpoffice/phpword/src/PhpWord/Reader/Word2007.php(48): PhpOffice\\PhpWord\\Reader\\Word2007->readRelationships()
#3 /var/www/norloxsolutionscrm.com/wowcrm/vendor/phpoffice/phpword/src/PhpWord/IOFactory.php(92): PhpOffice\\PhpWord\\Reader\\Word2007->load()
#4 /var/www/norloxsolutionscrm.com/wowcrm/app/Http/Controllers/GoogleSheetController.php(7226): PhpOffice\\PhpWord\\IOFactory::load()
#5 /var/www/norloxsolutionscrm.com/wowcrm/vendor/laravel/framework/src/Illuminate/Routing/ControllerDispatcher.php(47): App\\Http\\Controllers\\GoogleSheetController->viewJuniorResume()
#6 /var/www/norloxsolutionscrm.com/wowcrm/vendor/laravel/framework/src/Illuminate/Routing/Route.php(266): Illuminate\\Routing\\ControllerDispatcher->dispatch()
#7 /var/www/norloxsolutionscrm.com/wowcrm/vendor/laravel/framework/src/Illuminate/Routing/Route.php(212): Illuminate\\Routing\\Route->runController()
#8 /var/www/norloxsolutionscrm.com/wowcrm/vendor/laravel/framework/src/Illuminate/Routing/Router.php(808): Illuminate\\Routing\\Route->run()
#9 /var/www/norloxsolutionscrm.com/wowcrm/vendor/laravel/framework/src/Illuminate/Pipeline/Pipeline.php(170): Illuminate\\Routing\\Router->Illuminate\\Routing\\{closure}()
#10 /var/www/norloxsolutionscrm.com/wowcrm/vendor/laravel/framework/src/Illuminate/Routing/Middleware/SubstituteBindings.php(51): Illuminate\\Pipeline\\Pipeline->Illuminate\\Pipeline\\{closure}()
#11 /var/www/norloxsolutionscrm.com/wowcrm/vendor/laravel/framework/src/Illuminate/Pipeline/Pipeline.php(209): Illuminate\\Routing\\Middleware\\SubstituteBindings->handle()
#12 /var/www/norloxsolutionscrm.com/wowcrm/vendor/laravel/framework/src/Illuminate/Auth/Middleware/Authenticate.php(64): Illuminate\\Pipeline\\Pipeline->Illuminate\\Pipeline\\{closure}()
#13 /var/www/norloxsolutionscrm.com/wowcrm/vendor/laravel/framework/src/Illuminate/Pipeline/Pipeline.php(209): Illuminate\\Auth\\Middleware\\Authenticate->handle()
#14 /var/www/norloxsolutionscrm.com/wowcrm/vendor/laravel/framework/src/Illuminate/Foundation/Http/Middleware/VerifyCsrfToken.php(88): Illuminate\\Pipeline\\Pipeline->Illuminate\\Pipeline\\{closure}()
#15 /var/www/norloxsolutionscrm.com/wowcrm/vendor/laravel/framework/src/Illuminate/Pipeline/Pipeline.php(209): Illuminate\\Foundation\\Http\\Middleware\\VerifyCsrfToken->handle()
#16 /var/www/norloxsolutionscrm.com/wowcrm/vendor/laravel/framework/src/Illuminate/View/Middleware/ShareErrorsFromSession.php(49): Illuminate\\Pipeline\\Pipeline->Illuminate\\Pipeline\\{closure}()
#17 /var/www/norloxsolutionscrm.com/wowcrm/vendor/laravel/framework/src/Illuminate/Pipeline/Pipeline.php(209): Illuminate\\View\\Middleware\\ShareErrorsFromSession->handle()
#18 /var/www/norloxsolutionscrm.com/wowcrm/vendor/laravel/framework/src/Illuminate/Session/Middleware/StartSession.php(121): Illuminate\\Pipeline\\Pipeline->Illuminate\\Pipeline\\{closure}()
#19 /var/www/norloxsolutionscrm.com/wowcrm/vendor/laravel/framework/src/Illuminate/Session/Middleware/StartSession.php(64): Illuminate\\Session\\Middleware\\StartSession->handleStatefulRequest()
#20 /var/www/norloxsolutionscrm.com/wowcrm/vendor/laravel/framework/src/Illuminate/Pipeline/Pipeline.php(209): Illuminate\\Session\\Middleware\\StartSession->handle()
#21 /var/www/norloxsolutionscrm.com/wowcrm/vendor/laravel/framework/src/Illuminate/Cookie/Middleware/AddQueuedCookiesToResponse.php(37): Illuminate\\Pipeline\\Pipeline->Illuminate\\Pipeline\\{closure}()
#22 /var/www/norloxsolutionscrm.com/wowcrm/vendor/laravel/framework/src/Illuminate/Pipeline/Pipeline.php(209): Illuminate\\Cookie\\Middleware\\AddQueuedCookiesToResponse->handle()
#23 /var/www/norloxsolutionscrm.com/wowcrm/vendor/laravel/framework/src/Illuminate/Cookie/Middleware/EncryptCookies.php(75): Illuminate\\Pipeline\\Pipeline->Illuminate\\Pipeline\\{closure}()
#24 /var/www/norloxsolutionscrm.com/wowcrm/vendor/laravel/framework/src/Illuminate/Pipeline/Pipeline.php(209): Illuminate\\Cookie\\Middleware\\EncryptCookies->handle()
#25 /var/www/norloxsolutionscrm.com/wowcrm/vendor/laravel/framework/src/Illuminate/Pipeline/Pipeline.php(127): Illuminate\\Pipeline\\Pipeline->Illuminate\\Pipeline\\{closure}()
#26 /var/www/norloxsolutionscrm.com/wowcrm/vendor/laravel/framework/src/Illuminate/Routing/Router.php(807): Illuminate\\Pipeline\\Pipeline->then()
#27 /var/www/norloxsolutionscrm.com/wowcrm/vendor/laravel/framework/src/Illuminate/Routing/Router.php(786): Illuminate\\Routing\\Router->runRouteWithinStack()
#28 /var/www/norloxsolutionscrm.com/wowcrm/vendor/laravel/framework/src/Illuminate/Routing/Router.php(750): Illuminate\\Routing\\Router->runRoute()
#29 /var/www/norloxsolutionscrm.com/wowcrm/vendor/laravel/framework/src/Illuminate/Routing/Router.php(739): Illuminate\\Routing\\Router->dispatchToRoute()
#30 /var/www/norloxsolutionscrm.com/wowcrm/vendor/laravel/framework/src/Illuminate/Foundation/Http/Kernel.php(201): Illuminate\\Routing\\Router->dispatch()
#31 /var/www/norloxsolutionscrm.com/wowcrm/vendor/laravel/framework/src/Illuminate/Pipeline/Pipeline.php(170): Illuminate\\Foundation\\Http\\Kernel->Illuminate\\Foundation\\Http\\{closure}()
#32 /var/www/norloxsolutionscrm.com/wowcrm/vendor/laravel/framework/src/Illuminate/Foundation/Http/Middleware/TransformsRequest.php(21): Illuminate\\Pipeline\\Pipeline->Illuminate\\Pipeline\\{closure}()
#33 /var/www/norloxsolutionscrm.com/wowcrm/vendor/laravel/framework/src/Illuminate/Foundation/Http/Middleware/ConvertEmptyStringsToNull.php(31): Illuminate\\Foundation\\Http\\Middleware\\TransformsRequest->handle()
#34 /var/www/norloxsolutionscrm.com/wowcrm/vendor/laravel/framework/src/Illuminate/Pipeline/Pipeline.php(209): Illuminate\\Foundation\\Http\\Middleware\\ConvertEmptyStringsToNull->handle()
#35 /var/www/norloxsolutionscrm.com/wowcrm/vendor/laravel/framework/src/Illuminate/Foundation/Http/Middleware/TransformsRequest.php(21): Illuminate\\Pipeline\\Pipeline->Illuminate\\Pipeline\\{closure}()
#36 /var/www/norloxsolutionscrm.com/wowcrm/vendor/laravel/framework/src/Illuminate/Foundation/Http/Middleware/TrimStrings.php(51): Illuminate\\Foundation\\Http\\Middleware\\TransformsRequest->handle()
#37 /var/www/norloxsolutionscrm.com/wowcrm/vendor/laravel/framework/src/Illuminate/Pipeline/Pipeline.php(209): Illuminate\\Foundation\\Http\\Middleware\\TrimStrings->handle()
#38 /var/www/norloxsolutionscrm.com/wowcrm/vendor/laravel/framework/src/Illuminate/Http/Middleware/ValidatePostSize.php(27): Illuminate\\Pipeline\\Pipeline->Illuminate\\Pipeline\\{closure}()
#39 /var/www/norloxsolutionscrm.com/wowcrm/vendor/laravel/framework/src/Illuminate/Pipeline/Pipeline.php(209): Illuminate\\Http\\Middleware\\ValidatePostSize->handle()
#40 /var/www/norloxsolutionscrm.com/wowcrm/vendor/laravel/framework/src/Illuminate/Foundation/Http/Middleware/PreventRequestsDuringMaintenance.php(110): Illuminate\\Pipeline\\Pipeline->Illuminate\\Pipeline\\{closure}()
#41 /var/www/norloxsolutionscrm.com/wowcrm/vendor/laravel/framework/src/Illuminate/Pipeline/Pipeline.php(209): Illuminate\\Foundation\\Http\\Middleware\\PreventRequestsDuringMaintenance->handle()
#42 /var/www/norloxsolutionscrm.com/wowcrm/vendor/laravel/framework/src/Illuminate/Http/Middleware/HandleCors.php(49): Illuminate\\Pipeline\\Pipeline->Illuminate\\Pipeline\\{closure}()
#43 /var/www/norloxsolutionscrm.com/wowcrm/vendor/laravel/framework/src/Illuminate/Pipeline/Pipeline.php(209): Illuminate\\Http\\Middleware\\HandleCors->handle()
#44 /var/www/norloxsolutionscrm.com/wowcrm/vendor/laravel/framework/src/Illuminate/Http/Middleware/TrustProxies.php(58): Illuminate\\Pipeline\\Pipeline->Illuminate\\Pipeline\\{closure}()
#45 /var/www/norloxsolutionscrm.com/wowcrm/vendor/laravel/framework/src/Illuminate/Pipeline/Pipeline.php(209): Illuminate\\Http\\Middleware\\TrustProxies->handle()
#46 /var/www/norloxsolutionscrm.com/wowcrm/vendor/laravel/framework/src/Illuminate/Foundation/Http/Middleware/InvokeDeferredCallbacks.php(22): Illuminate\\Pipeline\\Pipeline->Illuminate\\Pipeline\\{closure}()
#47 /var/www/norloxsolutionscrm.com/wowcrm/vendor/laravel/framework/src/Illuminate/Pipeline/Pipeline.php(209): Illuminate\\Foundation\\Http\\Middleware\\InvokeDeferredCallbacks->handle()
#48 /var/www/norloxsolutionscrm.com/wowcrm/vendor/laravel/framework/src/Illuminate/Pipeline/Pipeline.php(127): Illuminate\\Pipeline\\Pipeline->Illuminate\\Pipeline\\{closure}()
#49 /var/www/norloxsolutionscrm.com/wowcrm/vendor/laravel/framework/src/Illuminate/Foundation/Http/Kernel.php(176): Illuminate\\Pipeline\\Pipeline->then()
#50 /var/www/norloxsolutionscrm.com/wowcrm/vendor/laravel/framework/src/Illuminate/Foundation/Http/Kernel.php(145): Illuminate\\Foundation\\Http\\Kernel->sendRequestThroughRouter()
#51 /var/www/norloxsolutionscrm.com/wowcrm/vendor/laravel/framework/src/Illuminate/Foundation/Application.php(1220): Illuminate\\Foundation\\Http\\Kernel->handle()
#52 /var/www/norloxsolutionscrm.com/wowcrm/index.php(17): Illuminate\\Foundation\\Application->handleRequest()
#53 {main}
"} 
[2026-02-02 16:20:21] local.ERROR: Class "ZipArchive" not found {"userId":79,"exception":"[object] (Error(code: 0): Class \"ZipArchive\" not found at /var/www/norloxsolutionscrm.com/wowcrm/vendor/phpoffice/phpword/src/PhpWord/Shared/XMLReader.php:64)
[stacktrace]
#0 /var/www/norloxsolutionscrm.com/wowcrm/vendor/phpoffice/phpword/src/PhpWord/Reader/Word2007.php(169): PhpOffice\\PhpWord\\Shared\\XMLReader->getDomFromZip()
#1 /var/www/norloxsolutionscrm.com/wowcrm/vendor/phpoffice/phpword/src/PhpWord/Reader/Word2007.php(133): PhpOffice\\PhpWord\\Reader\\Word2007->getRels()
#2 /var/www/norloxsolutionscrm.com/wowcrm/vendor/phpoffice/phpword/src/PhpWord/Reader/Word2007.php(48): PhpOffice\\PhpWord\\Reader\\Word2007->readRelationships()
#3 /var/www/norloxsolutionscrm.com/wowcrm/vendor/phpoffice/phpword/src/PhpWord/IOFactory.php(92): PhpOffice\\PhpWord\\Reader\\Word2007->load()
#4 /var/www/norloxsolutionscrm.com/wowcrm/app/Http/Controllers/GoogleSheetController.php(7226): PhpOffice\\PhpWord\\IOFactory::load()
#5 /var/www/norloxsolutionscrm.com/wowcrm/vendor/laravel/framework/src/Illuminate/Routing/ControllerDispatcher.php(47): App\\Http\\Controllers\\GoogleSheetController->viewJuniorResume()
#6 /var/www/norloxsolutionscrm.com/wowcrm/vendor/laravel/framework/src/Illuminate/Routing/Route.php(266): Illuminate\\Routing\\ControllerDispatcher->dispatch()
#7 /var/www/norloxsolutionscrm.com/wowcrm/vendor/laravel/framework/src/Illuminate/Routing/Route.php(212): Illuminate\\Routing\\Route->runController()
#8 /var/www/norloxsolutionscrm.com/wowcrm/vendor/laravel/framework/src/Illuminate/Routing/Router.php(808): Illuminate\\Routing\\Route->run()
#9 /var/www/norloxsolutionscrm.com/wowcrm/vendor/laravel/framework/src/Illuminate/Pipeline/Pipeline.php(170): Illuminate\\Routing\\Router->Illuminate\\Routing\\{closure}()
#10 /var/www/norloxsolutionscrm.com/wowcrm/vendor/laravel/framework/src/Illuminate/Routing/Middleware/SubstituteBindings.php(51): Illuminate\\Pipeline\\Pipeline->Illuminate\\Pipeline\\{closure}()
#11 /var/www/norloxsolutionscrm.com/wowcrm/vendor/laravel/framework/src/Illuminate/Pipeline/Pipeline.php(209): Illuminate\\Routing\\Middleware\\SubstituteBindings->handle()
#12 /var/www/norloxsolutionscrm.com/wowcrm/vendor/laravel/framework/src/Illuminate/Auth/Middleware/Authenticate.php(64): Illuminate\\Pipeline\\Pipeline->Illuminate\\Pipeline\\{closure}()
#13 /var/www/norloxsolutionscrm.com/wowcrm/vendor/laravel/framework/src/Illuminate/Pipeline/Pipeline.php(209): Illuminate\\Auth\\Middleware\\Authenticate->handle()
#14 /var/www/norloxsolutionscrm.com/wowcrm/vendor/laravel/framework/src/Illuminate/Foundation/Http/Middleware/VerifyCsrfToken.php(88): Illuminate\\Pipeline\\Pipeline->Illuminate\\Pipeline\\{closure}()
#15 /var/www/norloxsolutionscrm.com/wowcrm/vendor/laravel/framework/src/Illuminate/Pipeline/Pipeline.php(209): Illuminate\\Foundation\\Http\\Middleware\\VerifyCsrfToken->handle()
#16 /var/www/norloxsolutionscrm.com/wowcrm/vendor/laravel/framework/src/Illuminate/View/Middleware/ShareErrorsFromSession.php(49): Illuminate\\Pipeline\\Pipeline->Illuminate\\Pipeline\\{closure}()
#17 /var/www/norloxsolutionscrm.com/wowcrm/vendor/laravel/framework/src/Illuminate/Pipeline/Pipeline.php(209): Illuminate\\View\\Middleware\\ShareErrorsFromSession->handle()
#18 /var/www/norloxsolutionscrm.com/wowcrm/vendor/laravel/framework/src/Illuminate/Session/Middleware/StartSession.php(121): Illuminate\\Pipeline\\Pipeline->Illuminate\\Pipeline\\{closure}()
#19 /var/www/norloxsolutionscrm.com/wowcrm/vendor/laravel/framework/src/Illuminate/Session/Middleware/StartSession.php(64): Illuminate\\Session\\Middleware\\StartSession->handleStatefulRequest()
#20 /var/www/norloxsolutionscrm.com/wowcrm/vendor/laravel/framework/src/Illuminate/Pipeline/Pipeline.php(209): Illuminate\\Session\\Middleware\\StartSession->handle()
#21 /var/www/norloxsolutionscrm.com/wowcrm/vendor/laravel/framework/src/Illuminate/Cookie/Middleware/AddQueuedCookiesToResponse.php(37): Illuminate\\Pipeline\\Pipeline->Illuminate\\Pipeline\\{closure}()
#22 /var/www/norloxsolutionscrm.com/wowcrm/vendor/laravel/framework/src/Illuminate/Pipeline/Pipeline.php(209): Illuminate\\Cookie\\Middleware\\AddQueuedCookiesToResponse->handle()
#23 /var/www/norloxsolutionscrm.com/wowcrm/vendor/laravel/framework/src/Illuminate/Cookie/Middleware/EncryptCookies.php(75): Illuminate\\Pipeline\\Pipeline->Illuminate\\Pipeline\\{closure}()
#24 /var/www/norloxsolutionscrm.com/wowcrm/vendor/laravel/framework/src/Illuminate/Pipeline/Pipeline.php(209): Illuminate\\Cookie\\Middleware\\EncryptCookies->handle()
#25 /var/www/norloxsolutionscrm.com/wowcrm/vendor/laravel/framework/src/Illuminate/Pipeline/Pipeline.php(127): Illuminate\\Pipeline\\Pipeline->Illuminate\\Pipeline\\{closure}()
#26 /var/www/norloxsolutionscrm.com/wowcrm/vendor/laravel/framework/src/Illuminate/Routing/Router.php(807): Illuminate\\Pipeline\\Pipeline->then()
#27 /var/www/norloxsolutionscrm.com/wowcrm/vendor/laravel/framework/src/Illuminate/Routing/Router.php(786): Illuminate\\Routing\\Router->runRouteWithinStack()
#28 /var/www/norloxsolutionscrm.com/wowcrm/vendor/laravel/framework/src/Illuminate/Routing/Router.php(750): Illuminate\\Routing\\Router->runRoute()
#29 /var/www/norloxsolutionscrm.com/wowcrm/vendor/laravel/framework/src/Illuminate/Routing/Router.php(739): Illuminate\\Routing\\Router->dispatchToRoute()
#30 /var/www/norloxsolutionscrm.com/wowcrm/vendor/laravel/framework/src/Illuminate/Foundation/Http/Kernel.php(201): Illuminate\\Routing\\Router->dispatch()
#31 /var/www/norloxsolutionscrm.com/wowcrm/vendor/laravel/framework/src/Illuminate/Pipeline/Pipeline.php(170): Illuminate\\Foundation\\Http\\Kernel->Illuminate\\Foundation\\Http\\{closure}()
#32 /var/www/norloxsolutionscrm.com/wowcrm/vendor/laravel/framework/src/Illuminate/Foundation/Http/Middleware/TransformsRequest.php(21): Illuminate\\Pipeline\\Pipeline->Illuminate\\Pipeline\\{closure}()
#33 /var/www/norloxsolutionscrm.com/wowcrm/vendor/laravel/framework/src/Illuminate/Foundation/Http/Middleware/ConvertEmptyStringsToNull.php(31): Illuminate\\Foundation\\Http\\Middleware\\TransformsRequest->handle()
#34 /var/www/norloxsolutionscrm.com/wowcrm/vendor/laravel/framework/src/Illuminate/Pipeline/Pipeline.php(209): Illuminate\\Foundation\\Http\\Middleware\\ConvertEmptyStringsToNull->handle()
#35 /var/www/norloxsolutionscrm.com/wowcrm/vendor/laravel/framework/src/Illuminate/Foundation/Http/Middleware/TransformsRequest.php(21): Illuminate\\Pipeline\\Pipeline->Illuminate\\Pipeline\\{closure}()
#36 /var/www/norloxsolutionscrm.com/wowcrm/vendor/laravel/framework/src/Illuminate/Foundation/Http/Middleware/TrimStrings.php(51): Illuminate\\Foundation\\Http\\Middleware\\TransformsRequest->handle()
#37 /var/www/norloxsolutionscrm.com/wowcrm/vendor/laravel/framework/src/Illuminate/Pipeline/Pipeline.php(209): Illuminate\\Foundation\\Http\\Middleware\\TrimStrings->handle()
#38 /var/www/norloxsolutionscrm.com/wowcrm/vendor/laravel/framework/src/Illuminate/Http/Middleware/ValidatePostSize.php(27): Illuminate\\Pipeline\\Pipeline->Illuminate\\Pipeline\\{closure}()
#39 /var/www/norloxsolutionscrm.com/wowcrm/vendor/laravel/framework/src/Illuminate/Pipeline/Pipeline.php(209): Illuminate\\Http\\Middleware\\ValidatePostSize->handle()
#40 /var/www/norloxsolutionscrm.com/wowcrm/vendor/laravel/framework/src/Illuminate/Foundation/Http/Middleware/PreventRequestsDuringMaintenance.php(110): Illuminate\\Pipeline\\Pipeline->Illuminate\\Pipeline\\{closure}()
#41 /var/www/norloxsolutionscrm.com/wowcrm/vendor/laravel/framework/src/Illuminate/Pipeline/Pipeline.php(209): Illuminate\\Foundation\\Http\\Middleware\\PreventRequestsDuringMaintenance->handle()
#42 /var/www/norloxsolutionscrm.com/wowcrm/vendor/laravel/framework/src/Illuminate/Http/Middleware/HandleCors.php(49): Illuminate\\Pipeline\\Pipeline->Illuminate\\Pipeline\\{closure}()
#43 /var/www/norloxsolutionscrm.com/wowcrm/vendor/laravel/framework/src/Illuminate/Pipeline/Pipeline.php(209): Illuminate\\Http\\Middleware\\HandleCors->handle()
#44 /var/www/norloxsolutionscrm.com/wowcrm/vendor/laravel/framework/src/Illuminate/Http/Middleware/TrustProxies.php(58): Illuminate\\Pipeline\\Pipeline->Illuminate\\Pipeline\\{closure}()
#45 /var/www/norloxsolutionscrm.com/wowcrm/vendor/laravel/framework/src/Illuminate/Pipeline/Pipeline.php(209): Illuminate\\Http\\Middleware\\TrustProxies->handle()
#46 /var/www/norloxsolutionscrm.com/wowcrm/vendor/laravel/framework/src/Illuminate/Foundation/Http/Middleware/InvokeDeferredCallbacks.php(22): Illuminate\\Pipeline\\Pipeline->Illuminate\\Pipeline\\{closure}()
#47 /var/www/norloxsolutionscrm.com/wowcrm/vendor/laravel/framework/src/Illuminate/Pipeline/Pipeline.php(209): Illuminate\\Foundation\\Http\\Middleware\\InvokeDeferredCallbacks->handle()
#48 /var/www/norloxsolutionscrm.com/wowcrm/vendor/laravel/framework/src/Illuminate/Pipeline/Pipeline.php(127): Illuminate\\Pipeline\\Pipeline->Illuminate\\Pipeline\\{closure}()
#49 /var/www/norloxsolutionscrm.com/wowcrm/vendor/laravel/framework/src/Illuminate/Foundation/Http/Kernel.php(176): Illuminate\\Pipeline\\Pipeline->then()
#50 /var/www/norloxsolutionscrm.com/wowcrm/vendor/laravel/framework/src/Illuminate/Foundation/Http/Kernel.php(145): Illuminate\\Foundation\\Http\\Kernel->sendRequestThroughRouter()
#51 /var/www/norloxsolutionscrm.com/wowcrm/vendor/laravel/framework/src/Illuminate/Foundation/Application.php(1220): Illuminate\\Foundation\\Http\\Kernel->handle()
#52 /var/www/norloxsolutionscrm.com/wowcrm/index.php(17): Illuminate\\Foundation\\Application->handleRequest()
#53 {main}
"} 
[2026-02-02 16:20:30] local.ERROR: Class "ZipArchive" not found {"userId":79,"exception":"[object] (Error(code: 0): Class \"ZipArchive\" not found at /var/www/norloxsolutionscrm.com/wowcrm/vendor/phpoffice/phpword/src/PhpWord/Shared/XMLReader.php:64)
[stacktrace]
#0 /var/www/norloxsolutionscrm.com/wowcrm/vendor/phpoffice/phpword/src/PhpWord/Reader/Word2007.php(169): PhpOffice\\PhpWord\\Shared\\XMLReader->getDomFromZip()
#1 /var/www/norloxsolutionscrm.com/wowcrm/vendor/phpoffice/phpword/src/PhpWord/Reader/Word2007.php(133): PhpOffice\\PhpWord\\Reader\\Word2007->getRels()
#2 /var/www/norloxsolutionscrm.com/wowcrm/vendor/phpoffice/phpword/src/PhpWord/Reader/Word2007.php(48): PhpOffice\\PhpWord\\Reader\\Word2007->readRelationships()
#3 /var/www/norloxsolutionscrm.com/wowcrm/vendor/phpoffice/phpword/src/PhpWord/IOFactory.php(92): PhpOffice\\PhpWord\\Reader\\Word2007->load()
#4 /var/www/norloxsolutionscrm.com/wowcrm/app/Http/Controllers/GoogleSheetController.php(7226): PhpOffice\\PhpWord\\IOFactory::load()
#5 /var/www/norloxsolutionscrm.com/wowcrm/vendor/laravel/framework/src/Illuminate/Routing/ControllerDispatcher.php(47): App\\Http\\Controllers\\GoogleSheetController->viewJuniorResume()
#6 /var/www/norloxsolutionscrm.com/wowcrm/vendor/laravel/framework/src/Illuminate/Routing/Route.php(266): Illuminate\\Routing\\ControllerDispatcher->dispatch()
#7 /var/www/norloxsolutionscrm.com/wowcrm/vendor/laravel/framework/src/Illuminate/Routing/Route.php(212): Illuminate\\Routing\\Route->runController()
#8 /var/www/norloxsolutionscrm.com/wowcrm/vendor/laravel/framework/src/Illuminate/Routing/Router.php(808): Illuminate\\Routing\\Route->run()
#9 /var/www/norloxsolutionscrm.com/wowcrm/vendor/laravel/framework/src/Illuminate/Pipeline/Pipeline.php(170): Illuminate\\Routing\\Router->Illuminate\\Routing\\{closure}()
#10 /var/www/norloxsolutionscrm.com/wowcrm/vendor/laravel/framework/src/Illuminate/Routing/Middleware/SubstituteBindings.php(51): Illuminate\\Pipeline\\Pipeline->Illuminate\\Pipeline\\{closure}()
#11 /var/www/norloxsolutionscrm.com/wowcrm/vendor/laravel/framework/src/Illuminate/Pipeline/Pipeline.php(209): Illuminate\\Routing\\Middleware\\SubstituteBindings->handle()
#12 /var/www/norloxsolutionscrm.com/wowcrm/vendor/laravel/framework/src/Illuminate/Auth/Middleware/Authenticate.php(64): Illuminate\\Pipeline\\Pipeline->Illuminate\\Pipeline\\{closure}()
#13 /var/www/norloxsolutionscrm.com/wowcrm/vendor/laravel/framework/src/Illuminate/Pipeline/Pipeline.php(209): Illuminate\\Auth\\Middleware\\Authenticate->handle()
#14 /var/www/norloxsolutionscrm.com/wowcrm/vendor/laravel/framework/src/Illuminate/Foundation/Http/Middleware/VerifyCsrfToken.php(88): Illuminate\\Pipeline\\Pipeline->Illuminate\\Pipeline\\{closure}()
#15 /var/www/norloxsolutionscrm.com/wowcrm/vendor/laravel/framework/src/Illuminate/Pipeline/Pipeline.php(209): Illuminate\\Foundation\\Http\\Middleware\\VerifyCsrfToken->handle()
#16 /var/www/norloxsolutionscrm.com/wowcrm/vendor/laravel/framework/src/Illuminate/View/Middleware/ShareErrorsFromSession.php(49): Illuminate\\Pipeline\\Pipeline->Illuminate\\Pipeline\\{closure}()
#17 /var/www/norloxsolutionscrm.com/wowcrm/vendor/laravel/framework/src/Illuminate/Pipeline/Pipeline.php(209): Illuminate\\View\\Middleware\\ShareErrorsFromSession->handle()
#18 /var/www/norloxsolutionscrm.com/wowcrm/vendor/laravel/framework/src/Illuminate/Session/Middleware/StartSession.php(121): Illuminate\\Pipeline\\Pipeline->Illuminate\\Pipeline\\{closure}()
#19 /var/www/norloxsolutionscrm.com/wowcrm/vendor/laravel/framework/src/Illuminate/Session/Middleware/StartSession.php(64): Illuminate\\Session\\Middleware\\StartSession->handleStatefulRequest()
#20 /var/www/norloxsolutionscrm.com/wowcrm/vendor/laravel/framework/src/Illuminate/Pipeline/Pipeline.php(209): Illuminate\\Session\\Middleware\\StartSession->handle()
#21 /var/www/norloxsolutionscrm.com/wowcrm/vendor/laravel/framework/src/Illuminate/Cookie/Middleware/AddQueuedCookiesToResponse.php(37): Illuminate\\Pipeline\\Pipeline->Illuminate\\Pipeline\\{closure}()
#22 /var/www/norloxsolutionscrm.com/wowcrm/vendor/laravel/framework/src/Illuminate/Pipeline/Pipeline.php(209): Illuminate\\Cookie\\Middleware\\AddQueuedCookiesToResponse->handle()
#23 /var/www/norloxsolutionscrm.com/wowcrm/vendor/laravel/framework/src/Illuminate/Cookie/Middleware/EncryptCookies.php(75): Illuminate\\Pipeline\\Pipeline->Illuminate\\Pipeline\\{closure}()
#24 /var/www/norloxsolutionscrm.com/wowcrm/vendor/laravel/framework/src/Illuminate/Pipeline/Pipeline.php(209): Illuminate\\Cookie\\Middleware\\EncryptCookies->handle()
#25 /var/www/norloxsolutionscrm.com/wowcrm/vendor/laravel/framework/src/Illuminate/Pipeline/Pipeline.php(127): Illuminate\\Pipeline\\Pipeline->Illuminate\\Pipeline\\{closure}()
#26 /var/www/norloxsolutionscrm.com/wowcrm/vendor/laravel/framework/src/Illuminate/Routing/Router.php(807): Illuminate\\Pipeline\\Pipeline->then()
#27 /var/www/norloxsolutionscrm.com/wowcrm/vendor/laravel/framework/src/Illuminate/Routing/Router.php(786): Illuminate\\Routing\\Router->runRouteWithinStack()
#28 /var/www/norloxsolutionscrm.com/wowcrm/vendor/laravel/framework/src/Illuminate/Routing/Router.php(750): Illuminate\\Routing\\Router->runRoute()
#29 /var/www/norloxsolutionscrm.com/wowcrm/vendor/laravel/framework/src/Illuminate/Routing/Router.php(739): Illuminate\\Routing\\Router->dispatchToRoute()
#30 /var/www/norloxsolutionscrm.com/wowcrm/vendor/laravel/framework/src/Illuminate/Foundation/Http/Kernel.php(201): Illuminate\\Routing\\Router->dispatch()
#31 /var/www/norloxsolutionscrm.com/wowcrm/vendor/laravel/framework/src/Illuminate/Pipeline/Pipeline.php(170): Illuminate\\Foundation\\Http\\Kernel->Illuminate\\Foundation\\Http\\{closure}()
#32 /var/www/norloxsolutionscrm.com/wowcrm/vendor/laravel/framework/src/Illuminate/Foundation/Http/Middleware/TransformsRequest.php(21): Illuminate\\Pipeline\\Pipeline->Illuminate\\Pipeline\\{closure}()
#33 /var/www/norloxsolutionscrm.com/wowcrm/vendor/laravel/framework/src/Illuminate/Foundation/Http/Middleware/ConvertEmptyStringsToNull.php(31): Illuminate\\Foundation\\Http\\Middleware\\TransformsRequest->handle()
#34 /var/www/norloxsolutionscrm.com/wowcrm/vendor/laravel/framework/src/Illuminate/Pipeline/Pipeline.php(209): Illuminate\\Foundation\\Http\\Middleware\\ConvertEmptyStringsToNull->handle()
#35 /var/www/norloxsolutionscrm.com/wowcrm/vendor/laravel/framework/src/Illuminate/Foundation/Http/Middleware/TransformsRequest.php(21): Illuminate\\Pipeline\\Pipeline->Illuminate\\Pipeline\\{closure}()
#36 /var/www/norloxsolutionscrm.com/wowcrm/vendor/laravel/framework/src/Illuminate/Foundation/Http/Middleware/TrimStrings.php(51): Illuminate\\Foundation\\Http\\Middleware\\TransformsRequest->handle()
#37 /var/www/norloxsolutionscrm.com/wowcrm/vendor/laravel/framework/src/Illuminate/Pipeline/Pipeline.php(209): Illuminate\\Foundation\\Http\\Middleware\\TrimStrings->handle()
#38 /var/www/norloxsolutionscrm.com/wowcrm/vendor/laravel/framework/src/Illuminate/Http/Middleware/ValidatePostSize.php(27): Illuminate\\Pipeline\\Pipeline->Illuminate\\Pipeline\\{closure}()
#39 /var/www/norloxsolutionscrm.com/wowcrm/vendor/laravel/framework/src/Illuminate/Pipeline/Pipeline.php(209): Illuminate\\Http\\Middleware\\ValidatePostSize->handle()
#40 /var/www/norloxsolutionscrm.com/wowcrm/vendor/laravel/framework/src/Illuminate/Foundation/Http/Middleware/PreventRequestsDuringMaintenance.php(110): Illuminate\\Pipeline\\Pipeline->Illuminate\\Pipeline\\{closure}()
#41 /var/www/norloxsolutionscrm.com/wowcrm/vendor/laravel/framework/src/Illuminate/Pipeline/Pipeline.php(209): Illuminate\\Foundation\\Http\\Middleware\\PreventRequestsDuringMaintenance->handle()
#42 /var/www/norloxsolutionscrm.com/wowcrm/vendor/laravel/framework/src/Illuminate/Http/Middleware/HandleCors.php(49): Illuminate\\Pipeline\\Pipeline->Illuminate\\Pipeline\\{closure}()
#43 /var/www/norloxsolutionscrm.com/wowcrm/vendor/laravel/framework/src/Illuminate/Pipeline/Pipeline.php(209): Illuminate\\Http\\Middleware\\HandleCors->handle()
#44 /var/www/norloxsolutionscrm.com/wowcrm/vendor/laravel/framework/src/Illuminate/Http/Middleware/TrustProxies.php(58): Illuminate\\Pipeline\\Pipeline->Illuminate\\Pipeline\\{closure}()
#45 /var/www/norloxsolutionscrm.com/wowcrm/vendor/laravel/framework/src/Illuminate/Pipeline/Pipeline.php(209): Illuminate\\Http\\Middleware\\TrustProxies->handle()
#46 /var/www/norloxsolutionscrm.com/wowcrm/vendor/laravel/framework/src/Illuminate/Foundation/Http/Middleware/InvokeDeferredCallbacks.php(22): Illuminate\\Pipeline\\Pipeline->Illuminate\\Pipeline\\{closure}()
#47 /var/www/norloxsolutionscrm.com/wowcrm/vendor/laravel/framework/src/Illuminate/Pipeline/Pipeline.php(209): Illuminate\\Foundation\\Http\\Middleware\\InvokeDeferredCallbacks->handle()
#48 /var/www/norloxsolutionscrm.com/wowcrm/vendor/laravel/framework/src/Illuminate/Pipeline/Pipeline.php(127): Illuminate\\Pipeline\\Pipeline->Illuminate\\Pipeline\\{closure}()
#49 /var/www/norloxsolutionscrm.com/wowcrm/vendor/laravel/framework/src/Illuminate/Foundation/Http/Kernel.php(176): Illuminate\\Pipeline\\Pipeline->then()
#50 /var/www/norloxsolutionscrm.com/wowcrm/vendor/laravel/framework/src/Illuminate/Foundation/Http/Kernel.php(145): Illuminate\\Foundation\\Http\\Kernel->sendRequestThroughRouter()
#51 /var/www/norloxsolutionscrm.com/wowcrm/vendor/laravel/framework/src/Illuminate/Foundation/Application.php(1220): Illuminate\\Foundation\\Http\\Kernel->handle()
#52 /var/www/norloxsolutionscrm.com/wowcrm/index.php(17): Illuminate\\Foundation\\Application->handleRequest()
#53 {main}
"} 
[2026-02-02 16:20:40] local.ERROR: Class "ZipArchive" not found {"userId":79,"exception":"[object] (Error(code: 0): Class \"ZipArchive\" not found at /var/www/norloxsolutionscrm.com/wowcrm/vendor/phpoffice/phpword/src/PhpWord/Shared/XMLReader.php:64)
[stacktrace]
#0 /var/www/norloxsolutionscrm.com/wowcrm/vendor/phpoffice/phpword/src/PhpWord/Reader/Word2007.php(169): PhpOffice\\PhpWord\\Shared\\XMLReader->getDomFromZip()
#1 /var/www/norloxsolutionscrm.com/wowcrm/vendor/phpoffice/phpword/src/PhpWord/Reader/Word2007.php(133): PhpOffice\\PhpWord\\Reader\\Word2007->getRels()
#2 /var/www/norloxsolutionscrm.com/wowcrm/vendor/phpoffice/phpword/src/PhpWord/Reader/Word2007.php(48): PhpOffice\\PhpWord\\Reader\\Word2007->readRelationships()
#3 /var/www/norloxsolutionscrm.com/wowcrm/vendor/phpoffice/phpword/src/PhpWord/IOFactory.php(92): PhpOffice\\PhpWord\\Reader\\Word2007->load()
#4 /var/www/norloxsolutionscrm.com/wowcrm/app/Http/Controllers/GoogleSheetController.php(7226): PhpOffice\\PhpWord\\IOFactory::load()
#5 /var/www/norloxsolutionscrm.com/wowcrm/vendor/laravel/framework/src/Illuminate/Routing/ControllerDispatcher.php(47): App\\Http\\Controllers\\GoogleSheetController->viewJuniorResume()
#6 /var/www/norloxsolutionscrm.com/wowcrm/vendor/laravel/framework/src/Illuminate/Routing/Route.php(266): Illuminate\\Routing\\ControllerDispatcher->dispatch()
#7 /var/www/norloxsolutionscrm.com/wowcrm/vendor/laravel/framework/src/Illuminate/Routing/Route.php(212): Illuminate\\Routing\\Route->runController()
#8 /var/www/norloxsolutionscrm.com/wowcrm/vendor/laravel/framework/src/Illuminate/Routing/Router.php(808): Illuminate\\Routing\\Route->run()
#9 /var/www/norloxsolutionscrm.com/wowcrm/vendor/laravel/framework/src/Illuminate/Pipeline/Pipeline.php(170): Illuminate\\Routing\\Router->Illuminate\\Routing\\{closure}()
#10 /var/www/norloxsolutionscrm.com/wowcrm/vendor/laravel/framework/src/Illuminate/Routing/Middleware/SubstituteBindings.php(51): Illuminate\\Pipeline\\Pipeline->Illuminate\\Pipeline\\{closure}()
#11 /var/www/norloxsolutionscrm.com/wowcrm/vendor/laravel/framework/src/Illuminate/Pipeline/Pipeline.php(209): Illuminate\\Routing\\Middleware\\SubstituteBindings->handle()
#12 /var/www/norloxsolutionscrm.com/wowcrm/vendor/laravel/framework/src/Illuminate/Auth/Middleware/Authenticate.php(64): Illuminate\\Pipeline\\Pipeline->Illuminate\\Pipeline\\{closure}()
#13 /var/www/norloxsolutionscrm.com/wowcrm/vendor/laravel/framework/src/Illuminate/Pipeline/Pipeline.php(209): Illuminate\\Auth\\Middleware\\Authenticate->handle()
#14 /var/www/norloxsolutionscrm.com/wowcrm/vendor/laravel/framework/src/Illuminate/Foundation/Http/Middleware/VerifyCsrfToken.php(88): Illuminate\\Pipeline\\Pipeline->Illuminate\\Pipeline\\{closure}()
#15 /var/www/norloxsolutionscrm.com/wowcrm/vendor/laravel/framework/src/Illuminate/Pipeline/Pipeline.php(209): Illuminate\\Foundation\\Http\\Middleware\\VerifyCsrfToken->handle()
#16 /var/www/norloxsolutionscrm.com/wowcrm/vendor/laravel/framework/src/Illuminate/View/Middleware/ShareErrorsFromSession.php(49): Illuminate\\Pipeline\\Pipeline->Illuminate\\Pipeline\\{closure}()
#17 /var/www/norloxsolutionscrm.com/wowcrm/vendor/laravel/framework/src/Illuminate/Pipeline/Pipeline.php(209): Illuminate\\View\\Middleware\\ShareErrorsFromSession->handle()
#18 /var/www/norloxsolutionscrm.com/wowcrm/vendor/laravel/framework/src/Illuminate/Session/Middleware/StartSession.php(121): Illuminate\\Pipeline\\Pipeline->Illuminate\\Pipeline\\{closure}()
#19 /var/www/norloxsolutionscrm.com/wowcrm/vendor/laravel/framework/src/Illuminate/Session/Middleware/StartSession.php(64): Illuminate\\Session\\Middleware\\StartSession->handleStatefulRequest()
#20 /var/www/norloxsolutionscrm.com/wowcrm/vendor/laravel/framework/src/Illuminate/Pipeline/Pipeline.php(209): Illuminate\\Session\\Middleware\\StartSession->handle()
#21 /var/www/norloxsolutionscrm.com/wowcrm/vendor/laravel/framework/src/Illuminate/Cookie/Middleware/AddQueuedCookiesToResponse.php(37): Illuminate\\Pipeline\\Pipeline->Illuminate\\Pipeline\\{closure}()
#22 /var/www/norloxsolutionscrm.com/wowcrm/vendor/laravel/framework/src/Illuminate/Pipeline/Pipeline.php(209): Illuminate\\Cookie\\Middleware\\AddQueuedCookiesToResponse->handle()
#23 /var/www/norloxsolutionscrm.com/wowcrm/vendor/laravel/framework/src/Illuminate/Cookie/Middleware/EncryptCookies.php(75): Illuminate\\Pipeline\\Pipeline->Illuminate\\Pipeline\\{closure}()
#24 /var/www/norloxsolutionscrm.com/wowcrm/vendor/laravel/framework/src/Illuminate/Pipeline/Pipeline.php(209): Illuminate\\Cookie\\Middleware\\EncryptCookies->handle()
#25 /var/www/norloxsolutionscrm.com/wowcrm/vendor/laravel/framework/src/Illuminate/Pipeline/Pipeline.php(127): Illuminate\\Pipeline\\Pipeline->Illuminate\\Pipeline\\{closure}()
#26 /var/www/norloxsolutionscrm.com/wowcrm/vendor/laravel/framework/src/Illuminate/Routing/Router.php(807): Illuminate\\Pipeline\\Pipeline->then()
#27 /var/www/norloxsolutionscrm.com/wowcrm/vendor/laravel/framework/src/Illuminate/Routing/Router.php(786): Illuminate\\Routing\\Router->runRouteWithinStack()
#28 /var/www/norloxsolutionscrm.com/wowcrm/vendor/laravel/framework/src/Illuminate/Routing/Router.php(750): Illuminate\\Routing\\Router->runRoute()
#29 /var/www/norloxsolutionscrm.com/wowcrm/vendor/laravel/framework/src/Illuminate/Routing/Router.php(739): Illuminate\\Routing\\Router->dispatchToRoute()
#30 /var/www/norloxsolutionscrm.com/wowcrm/vendor/laravel/framework/src/Illuminate/Foundation/Http/Kernel.php(201): Illuminate\\Routing\\Router->dispatch()
#31 /var/www/norloxsolutionscrm.com/wowcrm/vendor/laravel/framework/src/Illuminate/Pipeline/Pipeline.php(170): Illuminate\\Foundation\\Http\\Kernel->Illuminate\\Foundation\\Http\\{closure}()
#32 /var/www/norloxsolutionscrm.com/wowcrm/vendor/laravel/framework/src/Illuminate/Foundation/Http/Middleware/TransformsRequest.php(21): Illuminate\\Pipeline\\Pipeline->Illuminate\\Pipeline\\{closure}()
#33 /var/www/norloxsolutionscrm.com/wowcrm/vendor/laravel/framework/src/Illuminate/Foundation/Http/Middleware/ConvertEmptyStringsToNull.php(31): Illuminate\\Foundation\\Http\\Middleware\\TransformsRequest->handle()
#34 /var/www/norloxsolutionscrm.com/wowcrm/vendor/laravel/framework/src/Illuminate/Pipeline/Pipeline.php(209): Illuminate\\Foundation\\Http\\Middleware\\ConvertEmptyStringsToNull->handle()
#35 /var/www/norloxsolutionscrm.com/wowcrm/vendor/laravel/framework/src/Illuminate/Foundation/Http/Middleware/TransformsRequest.php(21): Illuminate\\Pipeline\\Pipeline->Illuminate\\Pipeline\\{closure}()
#36 /var/www/norloxsolutionscrm.com/wowcrm/vendor/laravel/framework/src/Illuminate/Foundation/Http/Middleware/TrimStrings.php(51): Illuminate\\Foundation\\Http\\Middleware\\TransformsRequest->handle()
#37 /var/www/norloxsolutionscrm.com/wowcrm/vendor/laravel/framework/src/Illuminate/Pipeline/Pipeline.php(209): Illuminate\\Foundation\\Http\\Middleware\\TrimStrings->handle()
#38 /var/www/norloxsolutionscrm.com/wowcrm/vendor/laravel/framework/src/Illuminate/Http/Middleware/ValidatePostSize.php(27): Illuminate\\Pipeline\\Pipeline->Illuminate\\Pipeline\\{closure}()
#39 /var/www/norloxsolutionscrm.com/wowcrm/vendor/laravel/framework/src/Illuminate/Pipeline/Pipeline.php(209): Illuminate\\Http\\Middleware\\ValidatePostSize->handle()
#40 /var/www/norloxsolutionscrm.com/wowcrm/vendor/laravel/framework/src/Illuminate/Foundation/Http/Middleware/PreventRequestsDuringMaintenance.php(110): Illuminate\\Pipeline\\Pipeline->Illuminate\\Pipeline\\{closure}()
#41 /var/www/norloxsolutionscrm.com/wowcrm/vendor/laravel/framework/src/Illuminate/Pipeline/Pipeline.php(209): Illuminate\\Foundation\\Http\\Middleware\\PreventRequestsDuringMaintenance->handle()
#42 /var/www/norloxsolutionscrm.com/wowcrm/vendor/laravel/framework/src/Illuminate/Http/Middleware/HandleCors.php(49): Illuminate\\Pipeline\\Pipeline->Illuminate\\Pipeline\\{closure}()
#43 /var/www/norloxsolutionscrm.com/wowcrm/vendor/laravel/framework/src/Illuminate/Pipeline/Pipeline.php(209): Illuminate\\Http\\Middleware\\HandleCors->handle()
#44 /var/www/norloxsolutionscrm.com/wowcrm/vendor/laravel/framework/src/Illuminate/Http/Middleware/TrustProxies.php(58): Illuminate\\Pipeline\\Pipeline->Illuminate\\Pipeline\\{closure}()
#45 /var/www/norloxsolutionscrm.com/wowcrm/vendor/laravel/framework/src/Illuminate/Pipeline/Pipeline.php(209): Illuminate\\Http\\Middleware\\TrustProxies->handle()
#46 /var/www/norloxsolutionscrm.com/wowcrm/vendor/laravel/framework/src/Illuminate/Foundation/Http/Middleware/InvokeDeferredCallbacks.php(22): Illuminate\\Pipeline\\Pipeline->Illuminate\\Pipeline\\{closure}()
#47 /var/www/norloxsolutionscrm.com/wowcrm/vendor/laravel/framework/src/Illuminate/Pipeline/Pipeline.php(209): Illuminate\\Foundation\\Http\\Middleware\\InvokeDeferredCallbacks->handle()
#48 /var/www/norloxsolutionscrm.com/wowcrm/vendor/laravel/framework/src/Illuminate/Pipeline/Pipeline.php(127): Illuminate\\Pipeline\\Pipeline->Illuminate\\Pipeline\\{closure}()
#49 /var/www/norloxsolutionscrm.com/wowcrm/vendor/laravel/framework/src/Illuminate/Foundation/Http/Kernel.php(176): Illuminate\\Pipeline\\Pipeline->then()
#50 /var/www/norloxsolutionscrm.com/wowcrm/vendor/laravel/framework/src/Illuminate/Foundation/Http/Kernel.php(145): Illuminate\\Foundation\\Http\\Kernel->sendRequestThroughRouter()
#51 /var/www/norloxsolutionscrm.com/wowcrm/vendor/laravel/framework/src/Illuminate/Foundation/Application.php(1220): Illuminate\\Foundation\\Http\\Kernel->handle()
#52 /var/www/norloxsolutionscrm.com/wowcrm/index.php(17): Illuminate\\Foundation\\Application->handleRequest()
#53 {main}
"} 
[2026-02-02 16:20:46] local.ERROR: Class "ZipArchive" not found {"userId":79,"exception":"[object] (Error(code: 0): Class \"ZipArchive\" not found at /var/www/norloxsolutionscrm.com/wowcrm/vendor/phpoffice/phpword/src/PhpWord/Shared/XMLReader.php:64)
[stacktrace]
#0 /var/www/norloxsolutionscrm.com/wowcrm/vendor/phpoffice/phpword/src/PhpWord/Reader/Word2007.php(169): PhpOffice\\PhpWord\\Shared\\XMLReader->getDomFromZip()
#1 /var/www/norloxsolutionscrm.com/wowcrm/vendor/phpoffice/phpword/src/PhpWord/Reader/Word2007.php(133): PhpOffice\\PhpWord\\Reader\\Word2007->getRels()
#2 /var/www/norloxsolutionscrm.com/wowcrm/vendor/phpoffice/phpword/src/PhpWord/Reader/Word2007.php(48): PhpOffice\\PhpWord\\Reader\\Word2007->readRelationships()
#3 /var/www/norloxsolutionscrm.com/wowcrm/vendor/phpoffice/phpword/src/PhpWord/IOFactory.php(92): PhpOffice\\PhpWord\\Reader\\Word2007->load()
#4 /var/www/norloxsolutionscrm.com/wowcrm/app/Http/Controllers/GoogleSheetController.php(7226): PhpOffice\\PhpWord\\IOFactory::load()
#5 /var/www/norloxsolutionscrm.com/wowcrm/vendor/laravel/framework/src/Illuminate/Routing/ControllerDispatcher.php(47): App\\Http\\Controllers\\GoogleSheetController->viewJuniorResume()
#6 /var/www/norloxsolutionscrm.com/wowcrm/vendor/laravel/framework/src/Illuminate/Routing/Route.php(266): Illuminate\\Routing\\ControllerDispatcher->dispatch()
#7 /var/www/norloxsolutionscrm.com/wowcrm/vendor/laravel/framework/src/Illuminate/Routing/Route.php(212): Illuminate\\Routing\\Route->runController()
#8 /var/www/norloxsolutionscrm.com/wowcrm/vendor/laravel/framework/src/Illuminate/Routing/Router.php(808): Illuminate\\Routing\\Route->run()
#9 /var/www/norloxsolutionscrm.com/wowcrm/vendor/laravel/framework/src/Illuminate/Pipeline/Pipeline.php(170): Illuminate\\Routing\\Router->Illuminate\\Routing\\{closure}()
#10 /var/www/norloxsolutionscrm.com/wowcrm/vendor/laravel/framework/src/Illuminate/Routing/Middleware/SubstituteBindings.php(51): Illuminate\\Pipeline\\Pipeline->Illuminate\\Pipeline\\{closure}()
#11 /var/www/norloxsolutionscrm.com/wowcrm/vendor/laravel/framework/src/Illuminate/Pipeline/Pipeline.php(209): Illuminate\\Routing\\Middleware\\SubstituteBindings->handle()
#12 /var/www/norloxsolutionscrm.com/wowcrm/vendor/laravel/framework/src/Illuminate/Auth/Middleware/Authenticate.php(64): Illuminate\\Pipeline\\Pipeline->Illuminate\\Pipeline\\{closure}()
#13 /var/www/norloxsolutionscrm.com/wowcrm/vendor/laravel/framework/src/Illuminate/Pipeline/Pipeline.php(209): Illuminate\\Auth\\Middleware\\Authenticate->handle()
#14 /var/www/norloxsolutionscrm.com/wowcrm/vendor/laravel/framework/src/Illuminate/Foundation/Http/Middleware/VerifyCsrfToken.php(88): Illuminate\\Pipeline\\Pipeline->Illuminate\\Pipeline\\{closure}()
#15 /var/www/norloxsolutionscrm.com/wowcrm/vendor/laravel/framework/src/Illuminate/Pipeline/Pipeline.php(209): Illuminate\\Foundation\\Http\\Middleware\\VerifyCsrfToken->handle()
#16 /var/www/norloxsolutionscrm.com/wowcrm/vendor/laravel/framework/src/Illuminate/View/Middleware/ShareErrorsFromSession.php(49): Illuminate\\Pipeline\\Pipeline->Illuminate\\Pipeline\\{closure}()
#17 /var/www/norloxsolutionscrm.com/wowcrm/vendor/laravel/framework/src/Illuminate/Pipeline/Pipeline.php(209): Illuminate\\View\\Middleware\\ShareErrorsFromSession->handle()
#18 /var/www/norloxsolutionscrm.com/wowcrm/vendor/laravel/framework/src/Illuminate/Session/Middleware/StartSession.php(121): Illuminate\\Pipeline\\Pipeline->Illuminate\\Pipeline\\{closure}()
#19 /var/www/norloxsolutionscrm.com/wowcrm/vendor/laravel/framework/src/Illuminate/Session/Middleware/StartSession.php(64): Illuminate\\Session\\Middleware\\StartSession->handleStatefulRequest()
#20 /var/www/norloxsolutionscrm.com/wowcrm/vendor/laravel/framework/src/Illuminate/Pipeline/Pipeline.php(209): Illuminate\\Session\\Middleware\\StartSession->handle()
#21 /var/www/norloxsolutionscrm.com/wowcrm/vendor/laravel/framework/src/Illuminate/Cookie/Middleware/AddQueuedCookiesToResponse.php(37): Illuminate\\Pipeline\\Pipeline->Illuminate\\Pipeline\\{closure}()
#22 /var/www/norloxsolutionscrm.com/wowcrm/vendor/laravel/framework/src/Illuminate/Pipeline/Pipeline.php(209): Illuminate\\Cookie\\Middleware\\AddQueuedCookiesToResponse->handle()
#23 /var/www/norloxsolutionscrm.com/wowcrm/vendor/laravel/framework/src/Illuminate/Cookie/Middleware/EncryptCookies.php(75): Illuminate\\Pipeline\\Pipeline->Illuminate\\Pipeline\\{closure}()
#24 /var/www/norloxsolutionscrm.com/wowcrm/vendor/laravel/framework/src/Illuminate/Pipeline/Pipeline.php(209): Illuminate\\Cookie\\Middleware\\EncryptCookies->handle()
#25 /var/www/norloxsolutionscrm.com/wowcrm/vendor/laravel/framework/src/Illuminate/Pipeline/Pipeline.php(127): Illuminate\\Pipeline\\Pipeline->Illuminate\\Pipeline\\{closure}()
#26 /var/www/norloxsolutionscrm.com/wowcrm/vendor/laravel/framework/src/Illuminate/Routing/Router.php(807): Illuminate\\Pipeline\\Pipeline->then()
#27 /var/www/norloxsolutionscrm.com/wowcrm/vendor/laravel/framework/src/Illuminate/Routing/Router.php(786): Illuminate\\Routing\\Router->runRouteWithinStack()
#28 /var/www/norloxsolutionscrm.com/wowcrm/vendor/laravel/framework/src/Illuminate/Routing/Router.php(750): Illuminate\\Routing\\Router->runRoute()
#29 /var/www/norloxsolutionscrm.com/wowcrm/vendor/laravel/framework/src/Illuminate/Routing/Router.php(739): Illuminate\\Routing\\Router->dispatchToRoute()
#30 /var/www/norloxsolutionscrm.com/wowcrm/vendor/laravel/framework/src/Illuminate/Foundation/Http/Kernel.php(201): Illuminate\\Routing\\Router->dispatch()
#31 /var/www/norloxsolutionscrm.com/wowcrm/vendor/laravel/framework/src/Illuminate/Pipeline/Pipeline.php(170): Illuminate\\Foundation\\Http\\Kernel->Illuminate\\Foundation\\Http\\{closure}()
#32 /var/www/norloxsolutionscrm.com/wowcrm/vendor/laravel/framework/src/Illuminate/Foundation/Http/Middleware/TransformsRequest.php(21): Illuminate\\Pipeline\\Pipeline->Illuminate\\Pipeline\\{closure}()
#33 /var/www/norloxsolutionscrm.com/wowcrm/vendor/laravel/framework/src/Illuminate/Foundation/Http/Middleware/ConvertEmptyStringsToNull.php(31): Illuminate\\Foundation\\Http\\Middleware\\TransformsRequest->handle()
#34 /var/www/norloxsolutionscrm.com/wowcrm/vendor/laravel/framework/src/Illuminate/Pipeline/Pipeline.php(209): Illuminate\\Foundation\\Http\\Middleware\\ConvertEmptyStringsToNull->handle()
#35 /var/www/norloxsolutionscrm.com/wowcrm/vendor/laravel/framework/src/Illuminate/Foundation/Http/Middleware/TransformsRequest.php(21): Illuminate\\Pipeline\\Pipeline->Illuminate\\Pipeline\\{closure}()
#36 /var/www/norloxsolutionscrm.com/wowcrm/vendor/laravel/framework/src/Illuminate/Foundation/Http/Middleware/TrimStrings.php(51): Illuminate\\Foundation\\Http\\Middleware\\TransformsRequest->handle()
#37 /var/www/norloxsolutionscrm.com/wowcrm/vendor/laravel/framework/src/Illuminate/Pipeline/Pipeline.php(209): Illuminate\\Foundation\\Http\\Middleware\\TrimStrings->handle()
#38 /var/www/norloxsolutionscrm.com/wowcrm/vendor/laravel/framework/src/Illuminate/Http/Middleware/ValidatePostSize.php(27): Illuminate\\Pipeline\\Pipeline->Illuminate\\Pipeline\\{closure}()
#39 /var/www/norloxsolutionscrm.com/wowcrm/vendor/laravel/framework/src/Illuminate/Pipeline/Pipeline.php(209): Illuminate\\Http\\Middleware\\ValidatePostSize->handle()
#40 /var/www/norloxsolutionscrm.com/wowcrm/vendor/laravel/framework/src/Illuminate/Foundation/Http/Middleware/PreventRequestsDuringMaintenance.php(110): Illuminate\\Pipeline\\Pipeline->Illuminate\\Pipeline\\{closure}()
#41 /var/www/norloxsolutionscrm.com/wowcrm/vendor/laravel/framework/src/Illuminate/Pipeline/Pipeline.php(209): Illuminate\\Foundation\\Http\\Middleware\\PreventRequestsDuringMaintenance->handle()
#42 /var/www/norloxsolutionscrm.com/wowcrm/vendor/laravel/framework/src/Illuminate/Http/Middleware/HandleCors.php(49): Illuminate\\Pipeline\\Pipeline->Illuminate\\Pipeline\\{closure}()
#43 /var/www/norloxsolutionscrm.com/wowcrm/vendor/laravel/framework/src/Illuminate/Pipeline/Pipeline.php(209): Illuminate\\Http\\Middleware\\HandleCors->handle()
#44 /var/www/norloxsolutionscrm.com/wowcrm/vendor/laravel/framework/src/Illuminate/Http/Middleware/TrustProxies.php(58): Illuminate\\Pipeline\\Pipeline->Illuminate\\Pipeline\\{closure}()
#45 /var/www/norloxsolutionscrm.com/wowcrm/vendor/laravel/framework/src/Illuminate/Pipeline/Pipeline.php(209): Illuminate\\Http\\Middleware\\TrustProxies->handle()
#46 /var/www/norloxsolutionscrm.com/wowcrm/vendor/laravel/framework/src/Illuminate/Foundation/Http/Middleware/InvokeDeferredCallbacks.php(22): Illuminate\\Pipeline\\Pipeline->Illuminate\\Pipeline\\{closure}()
#47 /var/www/norloxsolutionscrm.com/wowcrm/vendor/laravel/framework/src/Illuminate/Pipeline/Pipeline.php(209): Illuminate\\Foundation\\Http\\Middleware\\InvokeDeferredCallbacks->handle()
#48 /var/www/norloxsolutionscrm.com/wowcrm/vendor/laravel/framework/src/Illuminate/Pipeline/Pipeline.php(127): Illuminate\\Pipeline\\Pipeline->Illuminate\\Pipeline\\{closure}()
#49 /var/www/norloxsolutionscrm.com/wowcrm/vendor/laravel/framework/src/Illuminate/Foundation/Http/Kernel.php(176): Illuminate\\Pipeline\\Pipeline->then()
#50 /var/www/norloxsolutionscrm.com/wowcrm/vendor/laravel/framework/src/Illuminate/Foundation/Http/Kernel.php(145): Illuminate\\Foundation\\Http\\Kernel->sendRequestThroughRouter()
#51 /var/www/norloxsolutionscrm.com/wowcrm/vendor/laravel/framework/src/Illuminate/Foundation/Application.php(1220): Illuminate\\Foundation\\Http\\Kernel->handle()
#52 /var/www/norloxsolutionscrm.com/wowcrm/index.php(17): Illuminate\\Foundation\\Application->handleRequest()
#53 {main}
"} 
[2026-02-02 16:49:02] local.ERROR: Class "ZipArchive" not found {"userId":79,"exception":"[object] (Error(code: 0): Class \"ZipArchive\" not found at /var/www/norloxsolutionscrm.com/wowcrm/vendor/phpoffice/phpword/src/PhpWord/Shared/XMLReader.php:64)
[stacktrace]
#0 /var/www/norloxsolutionscrm.com/wowcrm/vendor/phpoffice/phpword/src/PhpWord/Reader/Word2007.php(169): PhpOffice\\PhpWord\\Shared\\XMLReader->getDomFromZip()
#1 /var/www/norloxsolutionscrm.com/wowcrm/vendor/phpoffice/phpword/src/PhpWord/Reader/Word2007.php(133): PhpOffice\\PhpWord\\Reader\\Word2007->getRels()
#2 /var/www/norloxsolutionscrm.com/wowcrm/vendor/phpoffice/phpword/src/PhpWord/Reader/Word2007.php(48): PhpOffice\\PhpWord\\Reader\\Word2007->readRelationships()
#3 /var/www/norloxsolutionscrm.com/wowcrm/vendor/phpoffice/phpword/src/PhpWord/IOFactory.php(92): PhpOffice\\PhpWord\\Reader\\Word2007->load()
#4 /var/www/norloxsolutionscrm.com/wowcrm/app/Http/Controllers/GoogleSheetController.php(7226): PhpOffice\\PhpWord\\IOFactory::load()
#5 /var/www/norloxsolutionscrm.com/wowcrm/vendor/laravel/framework/src/Illuminate/Routing/ControllerDispatcher.php(47): App\\Http\\Controllers\\GoogleSheetController->viewJuniorResume()
#6 /var/www/norloxsolutionscrm.com/wowcrm/vendor/laravel/framework/src/Illuminate/Routing/Route.php(266): Illuminate\\Routing\\ControllerDispatcher->dispatch()
#7 /var/www/norloxsolutionscrm.com/wowcrm/vendor/laravel/framework/src/Illuminate/Routing/Route.php(212): Illuminate\\Routing\\Route->runController()
#8 /var/www/norloxsolutionscrm.com/wowcrm/vendor/laravel/framework/src/Illuminate/Routing/Router.php(808): Illuminate\\Routing\\Route->run()
#9 /var/www/norloxsolutionscrm.com/wowcrm/vendor/laravel/framework/src/Illuminate/Pipeline/Pipeline.php(170): Illuminate\\Routing\\Router->Illuminate\\Routing\\{closure}()
#10 /var/www/norloxsolutionscrm.com/wowcrm/vendor/laravel/framework/src/Illuminate/Routing/Middleware/SubstituteBindings.php(51): Illuminate\\Pipeline\\Pipeline->Illuminate\\Pipeline\\{closure}()
#11 /var/www/norloxsolutionscrm.com/wowcrm/vendor/laravel/framework/src/Illuminate/Pipeline/Pipeline.php(209): Illuminate\\Routing\\Middleware\\SubstituteBindings->handle()
#12 /var/www/norloxsolutionscrm.com/wowcrm/vendor/laravel/framework/src/Illuminate/Auth/Middleware/Authenticate.php(64): Illuminate\\Pipeline\\Pipeline->Illuminate\\Pipeline\\{closure}()
#13 /var/www/norloxsolutionscrm.com/wowcrm/vendor/laravel/framework/src/Illuminate/Pipeline/Pipeline.php(209): Illuminate\\Auth\\Middleware\\Authenticate->handle()
#14 /var/www/norloxsolutionscrm.com/wowcrm/vendor/laravel/framework/src/Illuminate/Foundation/Http/Middleware/VerifyCsrfToken.php(88): Illuminate\\Pipeline\\Pipeline->Illuminate\\Pipeline\\{closure}()
#15 /var/www/norloxsolutionscrm.com/wowcrm/vendor/laravel/framework/src/Illuminate/Pipeline/Pipeline.php(209): Illuminate\\Foundation\\Http\\Middleware\\VerifyCsrfToken->handle()
#16 /var/www/norloxsolutionscrm.com/wowcrm/vendor/laravel/framework/src/Illuminate/View/Middleware/ShareErrorsFromSession.php(49): Illuminate\\Pipeline\\Pipeline->Illuminate\\Pipeline\\{closure}()
#17 /var/www/norloxsolutionscrm.com/wowcrm/vendor/laravel/framework/src/Illuminate/Pipeline/Pipeline.php(209): Illuminate\\View\\Middleware\\ShareErrorsFromSession->handle()
#18 /var/www/norloxsolutionscrm.com/wowcrm/vendor/laravel/framework/src/Illuminate/Session/Middleware/StartSession.php(121): Illuminate\\Pipeline\\Pipeline->Illuminate\\Pipeline\\{closure}()
#19 /var/www/norloxsolutionscrm.com/wowcrm/vendor/laravel/framework/src/Illuminate/Session/Middleware/StartSession.php(64): Illuminate\\Session\\Middleware\\StartSession->handleStatefulRequest()
#20 /var/www/norloxsolutionscrm.com/wowcrm/vendor/laravel/framework/src/Illuminate/Pipeline/Pipeline.php(209): Illuminate\\Session\\Middleware\\StartSession->handle()
#21 /var/www/norloxsolutionscrm.com/wowcrm/vendor/laravel/framework/src/Illuminate/Cookie/Middleware/AddQueuedCookiesToResponse.php(37): Illuminate\\Pipeline\\Pipeline->Illuminate\\Pipeline\\{closure}()
#22 /var/www/norloxsolutionscrm.com/wowcrm/vendor/laravel/framework/src/Illuminate/Pipeline/Pipeline.php(209): Illuminate\\Cookie\\Middleware\\AddQueuedCookiesToResponse->handle()
#23 /var/www/norloxsolutionscrm.com/wowcrm/vendor/laravel/framework/src/Illuminate/Cookie/Middleware/EncryptCookies.php(75): Illuminate\\Pipeline\\Pipeline->Illuminate\\Pipeline\\{closure}()
#24 /var/www/norloxsolutionscrm.com/wowcrm/vendor/laravel/framework/src/Illuminate/Pipeline/Pipeline.php(209): Illuminate\\Cookie\\Middleware\\EncryptCookies->handle()
#25 /var/www/norloxsolutionscrm.com/wowcrm/vendor/laravel/framework/src/Illuminate/Pipeline/Pipeline.php(127): Illuminate\\Pipeline\\Pipeline->Illuminate\\Pipeline\\{closure}()
#26 /var/www/norloxsolutionscrm.com/wowcrm/vendor/laravel/framework/src/Illuminate/Routing/Router.php(807): Illuminate\\Pipeline\\Pipeline->then()
#27 /var/www/norloxsolutionscrm.com/wowcrm/vendor/laravel/framework/src/Illuminate/Routing/Router.php(786): Illuminate\\Routing\\Router->runRouteWithinStack()
#28 /var/www/norloxsolutionscrm.com/wowcrm/vendor/laravel/framework/src/Illuminate/Routing/Router.php(750): Illuminate\\Routing\\Router->runRoute()
#29 /var/www/norloxsolutionscrm.com/wowcrm/vendor/laravel/framework/src/Illuminate/Routing/Router.php(739): Illuminate\\Routing\\Router->dispatchToRoute()
#30 /var/www/norloxsolutionscrm.com/wowcrm/vendor/laravel/framework/src/Illuminate/Foundation/Http/Kernel.php(201): Illuminate\\Routing\\Router->dispatch()
#31 /var/www/norloxsolutionscrm.com/wowcrm/vendor/laravel/framework/src/Illuminate/Pipeline/Pipeline.php(170): Illuminate\\Foundation\\Http\\Kernel->Illuminate\\Foundation\\Http\\{closure}()
#32 /var/www/norloxsolutionscrm.com/wowcrm/vendor/laravel/framework/src/Illuminate/Foundation/Http/Middleware/TransformsRequest.php(21): Illuminate\\Pipeline\\Pipeline->Illuminate\\Pipeline\\{closure}()
#33 /var/www/norloxsolutionscrm.com/wowcrm/vendor/laravel/framework/src/Illuminate/Foundation/Http/Middleware/ConvertEmptyStringsToNull.php(31): Illuminate\\Foundation\\Http\\Middleware\\TransformsRequest->handle()
#34 /var/www/norloxsolutionscrm.com/wowcrm/vendor/laravel/framework/src/Illuminate/Pipeline/Pipeline.php(209): Illuminate\\Foundation\\Http\\Middleware\\ConvertEmptyStringsToNull->handle()
#35 /var/www/norloxsolutionscrm.com/wowcrm/vendor/laravel/framework/src/Illuminate/Foundation/Http/Middleware/TransformsRequest.php(21): Illuminate\\Pipeline\\Pipeline->Illuminate\\Pipeline\\{closure}()
#36 /var/www/norloxsolutionscrm.com/wowcrm/vendor/laravel/framework/src/Illuminate/Foundation/Http/Middleware/TrimStrings.php(51): Illuminate\\Foundation\\Http\\Middleware\\TransformsRequest->handle()
#37 /var/www/norloxsolutionscrm.com/wowcrm/vendor/laravel/framework/src/Illuminate/Pipeline/Pipeline.php(209): Illuminate\\Foundation\\Http\\Middleware\\TrimStrings->handle()
#38 /var/www/norloxsolutionscrm.com/wowcrm/vendor/laravel/framework/src/Illuminate/Http/Middleware/ValidatePostSize.php(27): Illuminate\\Pipeline\\Pipeline->Illuminate\\Pipeline\\{closure}()
#39 /var/www/norloxsolutionscrm.com/wowcrm/vendor/laravel/framework/src/Illuminate/Pipeline/Pipeline.php(209): Illuminate\\Http\\Middleware\\ValidatePostSize->handle()
#40 /var/www/norloxsolutionscrm.com/wowcrm/vendor/laravel/framework/src/Illuminate/Foundation/Http/Middleware/PreventRequestsDuringMaintenance.php(110): Illuminate\\Pipeline\\Pipeline->Illuminate\\Pipeline\\{closure}()
#41 /var/www/norloxsolutionscrm.com/wowcrm/vendor/laravel/framework/src/Illuminate/Pipeline/Pipeline.php(209): Illuminate\\Foundation\\Http\\Middleware\\PreventRequestsDuringMaintenance->handle()
#42 /var/www/norloxsolutionscrm.com/wowcrm/vendor/laravel/framework/src/Illuminate/Http/Middleware/HandleCors.php(49): Illuminate\\Pipeline\\Pipeline->Illuminate\\Pipeline\\{closure}()
#43 /var/www/norloxsolutionscrm.com/wowcrm/vendor/laravel/framework/src/Illuminate/Pipeline/Pipeline.php(209): Illuminate\\Http\\Middleware\\HandleCors->handle()
#44 /var/www/norloxsolutionscrm.com/wowcrm/vendor/laravel/framework/src/Illuminate/Http/Middleware/TrustProxies.php(58): Illuminate\\Pipeline\\Pipeline->Illuminate\\Pipeline\\{closure}()
#45 /var/www/norloxsolutionscrm.com/wowcrm/vendor/laravel/framework/src/Illuminate/Pipeline/Pipeline.php(209): Illuminate\\Http\\Middleware\\TrustProxies->handle()
#46 /var/www/norloxsolutionscrm.com/wowcrm/vendor/laravel/framework/src/Illuminate/Foundation/Http/Middleware/InvokeDeferredCallbacks.php(22): Illuminate\\Pipeline\\Pipeline->Illuminate\\Pipeline\\{closure}()
#47 /var/www/norloxsolutionscrm.com/wowcrm/vendor/laravel/framework/src/Illuminate/Pipeline/Pipeline.php(209): Illuminate\\Foundation\\Http\\Middleware\\InvokeDeferredCallbacks->handle()
#48 /var/www/norloxsolutionscrm.com/wowcrm/vendor/laravel/framework/src/Illuminate/Pipeline/Pipeline.php(127): Illuminate\\Pipeline\\Pipeline->Illuminate\\Pipeline\\{closure}()
#49 /var/www/norloxsolutionscrm.com/wowcrm/vendor/laravel/framework/src/Illuminate/Foundation/Http/Kernel.php(176): Illuminate\\Pipeline\\Pipeline->then()
#50 /var/www/norloxsolutionscrm.com/wowcrm/vendor/laravel/framework/src/Illuminate/Foundation/Http/Kernel.php(145): Illuminate\\Foundation\\Http\\Kernel->sendRequestThroughRouter()
#51 /var/www/norloxsolutionscrm.com/wowcrm/vendor/laravel/framework/src/Illuminate/Foundation/Application.php(1220): Illuminate\\Foundation\\Http\\Kernel->handle()
#52 /var/www/norloxsolutionscrm.com/wowcrm/index.php(17): Illuminate\\Foundation\\Application->handleRequest()
#53 {main}
"} 
[2026-02-02 16:53:02] local.ERROR: Class "ZipArchive" not found {"userId":79,"exception":"[object] (Error(code: 0): Class \"ZipArchive\" not found at /var/www/norloxsolutionscrm.com/wowcrm/vendor/phpoffice/phpword/src/PhpWord/Shared/XMLReader.php:64)
[stacktrace]
#0 /var/www/norloxsolutionscrm.com/wowcrm/vendor/phpoffice/phpword/src/PhpWord/Reader/Word2007.php(169): PhpOffice\\PhpWord\\Shared\\XMLReader->getDomFromZip()
#1 /var/www/norloxsolutionscrm.com/wowcrm/vendor/phpoffice/phpword/src/PhpWord/Reader/Word2007.php(133): PhpOffice\\PhpWord\\Reader\\Word2007->getRels()
#2 /var/www/norloxsolutionscrm.com/wowcrm/vendor/phpoffice/phpword/src/PhpWord/Reader/Word2007.php(48): PhpOffice\\PhpWord\\Reader\\Word2007->readRelationships()
#3 /var/www/norloxsolutionscrm.com/wowcrm/vendor/phpoffice/phpword/src/PhpWord/IOFactory.php(92): PhpOffice\\PhpWord\\Reader\\Word2007->load()
#4 /var/www/norloxsolutionscrm.com/wowcrm/app/Http/Controllers/GoogleSheetController.php(7226): PhpOffice\\PhpWord\\IOFactory::load()
#5 /var/www/norloxsolutionscrm.com/wowcrm/vendor/laravel/framework/src/Illuminate/Routing/ControllerDispatcher.php(47): App\\Http\\Controllers\\GoogleSheetController->viewJuniorResume()
#6 /var/www/norloxsolutionscrm.com/wowcrm/vendor/laravel/framework/src/Illuminate/Routing/Route.php(266): Illuminate\\Routing\\ControllerDispatcher->dispatch()
#7 /var/www/norloxsolutionscrm.com/wowcrm/vendor/laravel/framework/src/Illuminate/Routing/Route.php(212): Illuminate\\Routing\\Route->runController()
#8 /var/www/norloxsolutionscrm.com/wowcrm/vendor/laravel/framework/src/Illuminate/Routing/Router.php(808): Illuminate\\Routing\\Route->run()
#9 /var/www/norloxsolutionscrm.com/wowcrm/vendor/laravel/framework/src/Illuminate/Pipeline/Pipeline.php(170): Illuminate\\Routing\\Router->Illuminate\\Routing\\{closure}()
#10 /var/www/norloxsolutionscrm.com/wowcrm/vendor/laravel/framework/src/Illuminate/Routing/Middleware/SubstituteBindings.php(51): Illuminate\\Pipeline\\Pipeline->Illuminate\\Pipeline\\{closure}()
#11 /var/www/norloxsolutionscrm.com/wowcrm/vendor/laravel/framework/src/Illuminate/Pipeline/Pipeline.php(209): Illuminate\\Routing\\Middleware\\SubstituteBindings->handle()
#12 /var/www/norloxsolutionscrm.com/wowcrm/vendor/laravel/framework/src/Illuminate/Auth/Middleware/Authenticate.php(64): Illuminate\\Pipeline\\Pipeline->Illuminate\\Pipeline\\{closure}()
#13 /var/www/norloxsolutionscrm.com/wowcrm/vendor/laravel/framework/src/Illuminate/Pipeline/Pipeline.php(209): Illuminate\\Auth\\Middleware\\Authenticate->handle()
#14 /var/www/norloxsolutionscrm.com/wowcrm/vendor/laravel/framework/src/Illuminate/Foundation/Http/Middleware/VerifyCsrfToken.php(88): Illuminate\\Pipeline\\Pipeline->Illuminate\\Pipeline\\{closure}()
#15 /var/www/norloxsolutionscrm.com/wowcrm/vendor/laravel/framework/src/Illuminate/Pipeline/Pipeline.php(209): Illuminate\\Foundation\\Http\\Middleware\\VerifyCsrfToken->handle()
#16 /var/www/norloxsolutionscrm.com/wowcrm/vendor/laravel/framework/src/Illuminate/View/Middleware/ShareErrorsFromSession.php(49): Illuminate\\Pipeline\\Pipeline->Illuminate\\Pipeline\\{closure}()
#17 /var/www/norloxsolutionscrm.com/wowcrm/vendor/laravel/framework/src/Illuminate/Pipeline/Pipeline.php(209): Illuminate\\View\\Middleware\\ShareErrorsFromSession->handle()
#18 /var/www/norloxsolutionscrm.com/wowcrm/vendor/laravel/framework/src/Illuminate/Session/Middleware/StartSession.php(121): Illuminate\\Pipeline\\Pipeline->Illuminate\\Pipeline\\{closure}()
#19 /var/www/norloxsolutionscrm.com/wowcrm/vendor/laravel/framework/src/Illuminate/Session/Middleware/StartSession.php(64): Illuminate\\Session\\Middleware\\StartSession->handleStatefulRequest()
#20 /var/www/norloxsolutionscrm.com/wowcrm/vendor/laravel/framework/src/Illuminate/Pipeline/Pipeline.php(209): Illuminate\\Session\\Middleware\\StartSession->handle()
#21 /var/www/norloxsolutionscrm.com/wowcrm/vendor/laravel/framework/src/Illuminate/Cookie/Middleware/AddQueuedCookiesToResponse.php(37): Illuminate\\Pipeline\\Pipeline->Illuminate\\Pipeline\\{closure}()
#22 /var/www/norloxsolutionscrm.com/wowcrm/vendor/laravel/framework/src/Illuminate/Pipeline/Pipeline.php(209): Illuminate\\Cookie\\Middleware\\AddQueuedCookiesToResponse->handle()
#23 /var/www/norloxsolutionscrm.com/wowcrm/vendor/laravel/framework/src/Illuminate/Cookie/Middleware/EncryptCookies.php(75): Illuminate\\Pipeline\\Pipeline->Illuminate\\Pipeline\\{closure}()
#24 /var/www/norloxsolutionscrm.com/wowcrm/vendor/laravel/framework/src/Illuminate/Pipeline/Pipeline.php(209): Illuminate\\Cookie\\Middleware\\EncryptCookies->handle()
#25 /var/www/norloxsolutionscrm.com/wowcrm/vendor/laravel/framework/src/Illuminate/Pipeline/Pipeline.php(127): Illuminate\\Pipeline\\Pipeline->Illuminate\\Pipeline\\{closure}()
#26 /var/www/norloxsolutionscrm.com/wowcrm/vendor/laravel/framework/src/Illuminate/Routing/Router.php(807): Illuminate\\Pipeline\\Pipeline->then()
#27 /var/www/norloxsolutionscrm.com/wowcrm/vendor/laravel/framework/src/Illuminate/Routing/Router.php(786): Illuminate\\Routing\\Router->runRouteWithinStack()
#28 /var/www/norloxsolutionscrm.com/wowcrm/vendor/laravel/framework/src/Illuminate/Routing/Router.php(750): Illuminate\\Routing\\Router->runRoute()
#29 /var/www/norloxsolutionscrm.com/wowcrm/vendor/laravel/framework/src/Illuminate/Routing/Router.php(739): Illuminate\\Routing\\Router->dispatchToRoute()
#30 /var/www/norloxsolutionscrm.com/wowcrm/vendor/laravel/framework/src/Illuminate/Foundation/Http/Kernel.php(201): Illuminate\\Routing\\Router->dispatch()
#31 /var/www/norloxsolutionscrm.com/wowcrm/vendor/laravel/framework/src/Illuminate/Pipeline/Pipeline.php(170): Illuminate\\Foundation\\Http\\Kernel->Illuminate\\Foundation\\Http\\{closure}()
#32 /var/www/norloxsolutionscrm.com/wowcrm/vendor/laravel/framework/src/Illuminate/Foundation/Http/Middleware/TransformsRequest.php(21): Illuminate\\Pipeline\\Pipeline->Illuminate\\Pipeline\\{closure}()
#33 /var/www/norloxsolutionscrm.com/wowcrm/vendor/laravel/framework/src/Illuminate/Foundation/Http/Middleware/ConvertEmptyStringsToNull.php(31): Illuminate\\Foundation\\Http\\Middleware\\TransformsRequest->handle()
#34 /var/www/norloxsolutionscrm.com/wowcrm/vendor/laravel/framework/src/Illuminate/Pipeline/Pipeline.php(209): Illuminate\\Foundation\\Http\\Middleware\\ConvertEmptyStringsToNull->handle()
#35 /var/www/norloxsolutionscrm.com/wowcrm/vendor/laravel/framework/src/Illuminate/Foundation/Http/Middleware/TransformsRequest.php(21): Illuminate\\Pipeline\\Pipeline->Illuminate\\Pipeline\\{closure}()
#36 /var/www/norloxsolutionscrm.com/wowcrm/vendor/laravel/framework/src/Illuminate/Foundation/Http/Middleware/TrimStrings.php(51): Illuminate\\Foundation\\Http\\Middleware\\TransformsRequest->handle()
#37 /var/www/norloxsolutionscrm.com/wowcrm/vendor/laravel/framework/src/Illuminate/Pipeline/Pipeline.php(209): Illuminate\\Foundation\\Http\\Middleware\\TrimStrings->handle()
#38 /var/www/norloxsolutionscrm.com/wowcrm/vendor/laravel/framework/src/Illuminate/Http/Middleware/ValidatePostSize.php(27): Illuminate\\Pipeline\\Pipeline->Illuminate\\Pipeline\\{closure}()
#39 /var/www/norloxsolutionscrm.com/wowcrm/vendor/laravel/framework/src/Illuminate/Pipeline/Pipeline.php(209): Illuminate\\Http\\Middleware\\ValidatePostSize->handle()
#40 /var/www/norloxsolutionscrm.com/wowcrm/vendor/laravel/framework/src/Illuminate/Foundation/Http/Middleware/PreventRequestsDuringMaintenance.php(110): Illuminate\\Pipeline\\Pipeline->Illuminate\\Pipeline\\{closure}()
#41 /var/www/norloxsolutionscrm.com/wowcrm/vendor/laravel/framework/src/Illuminate/Pipeline/Pipeline.php(209): Illuminate\\Foundation\\Http\\Middleware\\PreventRequestsDuringMaintenance->handle()
#42 /var/www/norloxsolutionscrm.com/wowcrm/vendor/laravel/framework/src/Illuminate/Http/Middleware/HandleCors.php(49): Illuminate\\Pipeline\\Pipeline->Illuminate\\Pipeline\\{closure}()
#43 /var/www/norloxsolutionscrm.com/wowcrm/vendor/laravel/framework/src/Illuminate/Pipeline/Pipeline.php(209): Illuminate\\Http\\Middleware\\HandleCors->handle()
#44 /var/www/norloxsolutionscrm.com/wowcrm/vendor/laravel/framework/src/Illuminate/Http/Middleware/TrustProxies.php(58): Illuminate\\Pipeline\\Pipeline->Illuminate\\Pipeline\\{closure}()
#45 /var/www/norloxsolutionscrm.com/wowcrm/vendor/laravel/framework/src/Illuminate/Pipeline/Pipeline.php(209): Illuminate\\Http\\Middleware\\TrustProxies->handle()
#46 /var/www/norloxsolutionscrm.com/wowcrm/vendor/laravel/framework/src/Illuminate/Foundation/Http/Middleware/InvokeDeferredCallbacks.php(22): Illuminate\\Pipeline\\Pipeline->Illuminate\\Pipeline\\{closure}()
#47 /var/www/norloxsolutionscrm.com/wowcrm/vendor/laravel/framework/src/Illuminate/Pipeline/Pipeline.php(209): Illuminate\\Foundation\\Http\\Middleware\\InvokeDeferredCallbacks->handle()
#48 /var/www/norloxsolutionscrm.com/wowcrm/vendor/laravel/framework/src/Illuminate/Pipeline/Pipeline.php(127): Illuminate\\Pipeline\\Pipeline->Illuminate\\Pipeline\\{closure}()
#49 /var/www/norloxsolutionscrm.com/wowcrm/vendor/laravel/framework/src/Illuminate/Foundation/Http/Kernel.php(176): Illuminate\\Pipeline\\Pipeline->then()
#50 /var/www/norloxsolutionscrm.com/wowcrm/vendor/laravel/framework/src/Illuminate/Foundation/Http/Kernel.php(145): Illuminate\\Foundation\\Http\\Kernel->sendRequestThroughRouter()
#51 /var/www/norloxsolutionscrm.com/wowcrm/vendor/laravel/framework/src/Illuminate/Foundation/Application.php(1220): Illuminate\\Foundation\\Http\\Kernel->handle()
#52 /var/www/norloxsolutionscrm.com/wowcrm/index.php(17): Illuminate\\Foundation\\Application->handleRequest()
#53 {main}
"} 
[2026-02-02 16:53:23] local.ERROR: Class "ZipArchive" not found {"userId":79,"exception":"[object] (Error(code: 0): Class \"ZipArchive\" not found at /var/www/norloxsolutionscrm.com/wowcrm/vendor/phpoffice/phpword/src/PhpWord/Shared/XMLReader.php:64)
[stacktrace]
#0 /var/www/norloxsolutionscrm.com/wowcrm/vendor/phpoffice/phpword/src/PhpWord/Reader/Word2007.php(169): PhpOffice\\PhpWord\\Shared\\XMLReader->getDomFromZip()
#1 /var/www/norloxsolutionscrm.com/wowcrm/vendor/phpoffice/phpword/src/PhpWord/Reader/Word2007.php(133): PhpOffice\\PhpWord\\Reader\\Word2007->getRels()
#2 /var/www/norloxsolutionscrm.com/wowcrm/vendor/phpoffice/phpword/src/PhpWord/Reader/Word2007.php(48): PhpOffice\\PhpWord\\Reader\\Word2007->readRelationships()
#3 /var/www/norloxsolutionscrm.com/wowcrm/vendor/phpoffice/phpword/src/PhpWord/IOFactory.php(92): PhpOffice\\PhpWord\\Reader\\Word2007->load()
#4 /var/www/norloxsolutionscrm.com/wowcrm/app/Http/Controllers/GoogleSheetController.php(7226): PhpOffice\\PhpWord\\IOFactory::load()
#5 /var/www/norloxsolutionscrm.com/wowcrm/vendor/laravel/framework/src/Illuminate/Routing/ControllerDispatcher.php(47): App\\Http\\Controllers\\GoogleSheetController->viewJuniorResume()
#6 /var/www/norloxsolutionscrm.com/wowcrm/vendor/laravel/framework/src/Illuminate/Routing/Route.php(266): Illuminate\\Routing\\ControllerDispatcher->dispatch()
#7 /var/www/norloxsolutionscrm.com/wowcrm/vendor/laravel/framework/src/Illuminate/Routing/Route.php(212): Illuminate\\Routing\\Route->runController()
#8 /var/www/norloxsolutionscrm.com/wowcrm/vendor/laravel/framework/src/Illuminate/Routing/Router.php(808): Illuminate\\Routing\\Route->run()
#9 /var/www/norloxsolutionscrm.com/wowcrm/vendor/laravel/framework/src/Illuminate/Pipeline/Pipeline.php(170): Illuminate\\Routing\\Router->Illuminate\\Routing\\{closure}()
#10 /var/www/norloxsolutionscrm.com/wowcrm/vendor/laravel/framework/src/Illuminate/Routing/Middleware/SubstituteBindings.php(51): Illuminate\\Pipeline\\Pipeline->Illuminate\\Pipeline\\{closure}()
#11 /var/www/norloxsolutionscrm.com/wowcrm/vendor/laravel/framework/src/Illuminate/Pipeline/Pipeline.php(209): Illuminate\\Routing\\Middleware\\SubstituteBindings->handle()
#12 /var/www/norloxsolutionscrm.com/wowcrm/vendor/laravel/framework/src/Illuminate/Auth/Middleware/Authenticate.php(64): Illuminate\\Pipeline\\Pipeline->Illuminate\\Pipeline\\{closure}()
#13 /var/www/norloxsolutionscrm.com/wowcrm/vendor/laravel/framework/src/Illuminate/Pipeline/Pipeline.php(209): Illuminate\\Auth\\Middleware\\Authenticate->handle()
#14 /var/www/norloxsolutionscrm.com/wowcrm/vendor/laravel/framework/src/Illuminate/Foundation/Http/Middleware/VerifyCsrfToken.php(88): Illuminate\\Pipeline\\Pipeline->Illuminate\\Pipeline\\{closure}()
#15 /var/www/norloxsolutionscrm.com/wowcrm/vendor/laravel/framework/src/Illuminate/Pipeline/Pipeline.php(209): Illuminate\\Foundation\\Http\\Middleware\\VerifyCsrfToken->handle()
#16 /var/www/norloxsolutionscrm.com/wowcrm/vendor/laravel/framework/src/Illuminate/View/Middleware/ShareErrorsFromSession.php(49): Illuminate\\Pipeline\\Pipeline->Illuminate\\Pipeline\\{closure}()
#17 /var/www/norloxsolutionscrm.com/wowcrm/vendor/laravel/framework/src/Illuminate/Pipeline/Pipeline.php(209): Illuminate\\View\\Middleware\\ShareErrorsFromSession->handle()
#18 /var/www/norloxsolutionscrm.com/wowcrm/vendor/laravel/framework/src/Illuminate/Session/Middleware/StartSession.php(121): Illuminate\\Pipeline\\Pipeline->Illuminate\\Pipeline\\{closure}()
#19 /var/www/norloxsolutionscrm.com/wowcrm/vendor/laravel/framework/src/Illuminate/Session/Middleware/StartSession.php(64): Illuminate\\Session\\Middleware\\StartSession->handleStatefulRequest()
#20 /var/www/norloxsolutionscrm.com/wowcrm/vendor/laravel/framework/src/Illuminate/Pipeline/Pipeline.php(209): Illuminate\\Session\\Middleware\\StartSession->handle()
#21 /var/www/norloxsolutionscrm.com/wowcrm/vendor/laravel/framework/src/Illuminate/Cookie/Middleware/AddQueuedCookiesToResponse.php(37): Illuminate\\Pipeline\\Pipeline->Illuminate\\Pipeline\\{closure}()
#22 /var/www/norloxsolutionscrm.com/wowcrm/vendor/laravel/framework/src/Illuminate/Pipeline/Pipeline.php(209): Illuminate\\Cookie\\Middleware\\AddQueuedCookiesToResponse->handle()
#23 /var/www/norloxsolutionscrm.com/wowcrm/vendor/laravel/framework/src/Illuminate/Cookie/Middleware/EncryptCookies.php(75): Illuminate\\Pipeline\\Pipeline->Illuminate\\Pipeline\\{closure}()
#24 /var/www/norloxsolutionscrm.com/wowcrm/vendor/laravel/framework/src/Illuminate/Pipeline/Pipeline.php(209): Illuminate\\Cookie\\Middleware\\EncryptCookies->handle()
#25 /var/www/norloxsolutionscrm.com/wowcrm/vendor/laravel/framework/src/Illuminate/Pipeline/Pipeline.php(127): Illuminate\\Pipeline\\Pipeline->Illuminate\\Pipeline\\{closure}()
#26 /var/www/norloxsolutionscrm.com/wowcrm/vendor/laravel/framework/src/Illuminate/Routing/Router.php(807): Illuminate\\Pipeline\\Pipeline->then()
#27 /var/www/norloxsolutionscrm.com/wowcrm/vendor/laravel/framework/src/Illuminate/Routing/Router.php(786): Illuminate\\Routing\\Router->runRouteWithinStack()
#28 /var/www/norloxsolutionscrm.com/wowcrm/vendor/laravel/framework/src/Illuminate/Routing/Router.php(750): Illuminate\\Routing\\Router->runRoute()
#29 /var/www/norloxsolutionscrm.com/wowcrm/vendor/laravel/framework/src/Illuminate/Routing/Router.php(739): Illuminate\\Routing\\Router->dispatchToRoute()
#30 /var/www/norloxsolutionscrm.com/wowcrm/vendor/laravel/framework/src/Illuminate/Foundation/Http/Kernel.php(201): Illuminate\\Routing\\Router->dispatch()
#31 /var/www/norloxsolutionscrm.com/wowcrm/vendor/laravel/framework/src/Illuminate/Pipeline/Pipeline.php(170): Illuminate\\Foundation\\Http\\Kernel->Illuminate\\Foundation\\Http\\{closure}()
#32 /var/www/norloxsolutionscrm.com/wowcrm/vendor/laravel/framework/src/Illuminate/Foundation/Http/Middleware/TransformsRequest.php(21): Illuminate\\Pipeline\\Pipeline->Illuminate\\Pipeline\\{closure}()
#33 /var/www/norloxsolutionscrm.com/wowcrm/vendor/laravel/framework/src/Illuminate/Foundation/Http/Middleware/ConvertEmptyStringsToNull.php(31): Illuminate\\Foundation\\Http\\Middleware\\TransformsRequest->handle()
#34 /var/www/norloxsolutionscrm.com/wowcrm/vendor/laravel/framework/src/Illuminate/Pipeline/Pipeline.php(209): Illuminate\\Foundation\\Http\\Middleware\\ConvertEmptyStringsToNull->handle()
#35 /var/www/norloxsolutionscrm.com/wowcrm/vendor/laravel/framework/src/Illuminate/Foundation/Http/Middleware/TransformsRequest.php(21): Illuminate\\Pipeline\\Pipeline->Illuminate\\Pipeline\\{closure}()
#36 /var/www/norloxsolutionscrm.com/wowcrm/vendor/laravel/framework/src/Illuminate/Foundation/Http/Middleware/TrimStrings.php(51): Illuminate\\Foundation\\Http\\Middleware\\TransformsRequest->handle()
#37 /var/www/norloxsolutionscrm.com/wowcrm/vendor/laravel/framework/src/Illuminate/Pipeline/Pipeline.php(209): Illuminate\\Foundation\\Http\\Middleware\\TrimStrings->handle()
#38 /var/www/norloxsolutionscrm.com/wowcrm/vendor/laravel/framework/src/Illuminate/Http/Middleware/ValidatePostSize.php(27): Illuminate\\Pipeline\\Pipeline->Illuminate\\Pipeline\\{closure}()
#39 /var/www/norloxsolutionscrm.com/wowcrm/vendor/laravel/framework/src/Illuminate/Pipeline/Pipeline.php(209): Illuminate\\Http\\Middleware\\ValidatePostSize->handle()
#40 /var/www/norloxsolutionscrm.com/wowcrm/vendor/laravel/framework/src/Illuminate/Foundation/Http/Middleware/PreventRequestsDuringMaintenance.php(110): Illuminate\\Pipeline\\Pipeline->Illuminate\\Pipeline\\{closure}()
#41 /var/www/norloxsolutionscrm.com/wowcrm/vendor/laravel/framework/src/Illuminate/Pipeline/Pipeline.php(209): Illuminate\\Foundation\\Http\\Middleware\\PreventRequestsDuringMaintenance->handle()
#42 /var/www/norloxsolutionscrm.com/wowcrm/vendor/laravel/framework/src/Illuminate/Http/Middleware/HandleCors.php(49): Illuminate\\Pipeline\\Pipeline->Illuminate\\Pipeline\\{closure}()
#43 /var/www/norloxsolutionscrm.com/wowcrm/vendor/laravel/framework/src/Illuminate/Pipeline/Pipeline.php(209): Illuminate\\Http\\Middleware\\HandleCors->handle()
#44 /var/www/norloxsolutionscrm.com/wowcrm/vendor/laravel/framework/src/Illuminate/Http/Middleware/TrustProxies.php(58): Illuminate\\Pipeline\\Pipeline->Illuminate\\Pipeline\\{closure}()
#45 /var/www/norloxsolutionscrm.com/wowcrm/vendor/laravel/framework/src/Illuminate/Pipeline/Pipeline.php(209): Illuminate\\Http\\Middleware\\TrustProxies->handle()
#46 /var/www/norloxsolutionscrm.com/wowcrm/vendor/laravel/framework/src/Illuminate/Foundation/Http/Middleware/InvokeDeferredCallbacks.php(22): Illuminate\\Pipeline\\Pipeline->Illuminate\\Pipeline\\{closure}()
#47 /var/www/norloxsolutionscrm.com/wowcrm/vendor/laravel/framework/src/Illuminate/Pipeline/Pipeline.php(209): Illuminate\\Foundation\\Http\\Middleware\\InvokeDeferredCallbacks->handle()
#48 /var/www/norloxsolutionscrm.com/wowcrm/vendor/laravel/framework/src/Illuminate/Pipeline/Pipeline.php(127): Illuminate\\Pipeline\\Pipeline->Illuminate\\Pipeline\\{closure}()
#49 /var/www/norloxsolutionscrm.com/wowcrm/vendor/laravel/framework/src/Illuminate/Foundation/Http/Kernel.php(176): Illuminate\\Pipeline\\Pipeline->then()
#50 /var/www/norloxsolutionscrm.com/wowcrm/vendor/laravel/framework/src/Illuminate/Foundation/Http/Kernel.php(145): Illuminate\\Foundation\\Http\\Kernel->sendRequestThroughRouter()
#51 /var/www/norloxsolutionscrm.com/wowcrm/vendor/laravel/framework/src/Illuminate/Foundation/Application.php(1220): Illuminate\\Foundation\\Http\\Kernel->handle()
#52 /var/www/norloxsolutionscrm.com/wowcrm/index.php(17): Illuminate\\Foundation\\Application->handleRequest()
#53 {main}
"} 
[2026-02-02 16:53:59] local.ERROR: Class "ZipArchive" not found {"userId":79,"exception":"[object] (Error(code: 0): Class \"ZipArchive\" not found at /var/www/norloxsolutionscrm.com/wowcrm/vendor/phpoffice/phpword/src/PhpWord/Shared/XMLReader.php:64)
[stacktrace]
#0 /var/www/norloxsolutionscrm.com/wowcrm/vendor/phpoffice/phpword/src/PhpWord/Reader/Word2007.php(169): PhpOffice\\PhpWord\\Shared\\XMLReader->getDomFromZip()
#1 /var/www/norloxsolutionscrm.com/wowcrm/vendor/phpoffice/phpword/src/PhpWord/Reader/Word2007.php(133): PhpOffice\\PhpWord\\Reader\\Word2007->getRels()
#2 /var/www/norloxsolutionscrm.com/wowcrm/vendor/phpoffice/phpword/src/PhpWord/Reader/Word2007.php(48): PhpOffice\\PhpWord\\Reader\\Word2007->readRelationships()
#3 /var/www/norloxsolutionscrm.com/wowcrm/vendor/phpoffice/phpword/src/PhpWord/IOFactory.php(92): PhpOffice\\PhpWord\\Reader\\Word2007->load()
#4 /var/www/norloxsolutionscrm.com/wowcrm/app/Http/Controllers/GoogleSheetController.php(7226): PhpOffice\\PhpWord\\IOFactory::load()
#5 /var/www/norloxsolutionscrm.com/wowcrm/vendor/laravel/framework/src/Illuminate/Routing/ControllerDispatcher.php(47): App\\Http\\Controllers\\GoogleSheetController->viewJuniorResume()
#6 /var/www/norloxsolutionscrm.com/wowcrm/vendor/laravel/framework/src/Illuminate/Routing/Route.php(266): Illuminate\\Routing\\ControllerDispatcher->dispatch()
#7 /var/www/norloxsolutionscrm.com/wowcrm/vendor/laravel/framework/src/Illuminate/Routing/Route.php(212): Illuminate\\Routing\\Route->runController()
#8 /var/www/norloxsolutionscrm.com/wowcrm/vendor/laravel/framework/src/Illuminate/Routing/Router.php(808): Illuminate\\Routing\\Route->run()
#9 /var/www/norloxsolutionscrm.com/wowcrm/vendor/laravel/framework/src/Illuminate/Pipeline/Pipeline.php(170): Illuminate\\Routing\\Router->Illuminate\\Routing\\{closure}()
#10 /var/www/norloxsolutionscrm.com/wowcrm/vendor/laravel/framework/src/Illuminate/Routing/Middleware/SubstituteBindings.php(51): Illuminate\\Pipeline\\Pipeline->Illuminate\\Pipeline\\{closure}()
#11 /var/www/norloxsolutionscrm.com/wowcrm/vendor/laravel/framework/src/Illuminate/Pipeline/Pipeline.php(209): Illuminate\\Routing\\Middleware\\SubstituteBindings->handle()
#12 /var/www/norloxsolutionscrm.com/wowcrm/vendor/laravel/framework/src/Illuminate/Auth/Middleware/Authenticate.php(64): Illuminate\\Pipeline\\Pipeline->Illuminate\\Pipeline\\{closure}()
#13 /var/www/norloxsolutionscrm.com/wowcrm/vendor/laravel/framework/src/Illuminate/Pipeline/Pipeline.php(209): Illuminate\\Auth\\Middleware\\Authenticate->handle()
#14 /var/www/norloxsolutionscrm.com/wowcrm/vendor/laravel/framework/src/Illuminate/Foundation/Http/Middleware/VerifyCsrfToken.php(88): Illuminate\\Pipeline\\Pipeline->Illuminate\\Pipeline\\{closure}()
#15 /var/www/norloxsolutionscrm.com/wowcrm/vendor/laravel/framework/src/Illuminate/Pipeline/Pipeline.php(209): Illuminate\\Foundation\\Http\\Middleware\\VerifyCsrfToken->handle()
#16 /var/www/norloxsolutionscrm.com/wowcrm/vendor/laravel/framework/src/Illuminate/View/Middleware/ShareErrorsFromSession.php(49): Illuminate\\Pipeline\\Pipeline->Illuminate\\Pipeline\\{closure}()
#17 /var/www/norloxsolutionscrm.com/wowcrm/vendor/laravel/framework/src/Illuminate/Pipeline/Pipeline.php(209): Illuminate\\View\\Middleware\\ShareErrorsFromSession->handle()
#18 /var/www/norloxsolutionscrm.com/wowcrm/vendor/laravel/framework/src/Illuminate/Session/Middleware/StartSession.php(121): Illuminate\\Pipeline\\Pipeline->Illuminate\\Pipeline\\{closure}()
#19 /var/www/norloxsolutionscrm.com/wowcrm/vendor/laravel/framework/src/Illuminate/Session/Middleware/StartSession.php(64): Illuminate\\Session\\Middleware\\StartSession->handleStatefulRequest()
#20 /var/www/norloxsolutionscrm.com/wowcrm/vendor/laravel/framework/src/Illuminate/Pipeline/Pipeline.php(209): Illuminate\\Session\\Middleware\\StartSession->handle()
#21 /var/www/norloxsolutionscrm.com/wowcrm/vendor/laravel/framework/src/Illuminate/Cookie/Middleware/AddQueuedCookiesToResponse.php(37): Illuminate\\Pipeline\\Pipeline->Illuminate\\Pipeline\\{closure}()
#22 /var/www/norloxsolutionscrm.com/wowcrm/vendor/laravel/framework/src/Illuminate/Pipeline/Pipeline.php(209): Illuminate\\Cookie\\Middleware\\AddQueuedCookiesToResponse->handle()
#23 /var/www/norloxsolutionscrm.com/wowcrm/vendor/laravel/framework/src/Illuminate/Cookie/Middleware/EncryptCookies.php(75): Illuminate\\Pipeline\\Pipeline->Illuminate\\Pipeline\\{closure}()
#24 /var/www/norloxsolutionscrm.com/wowcrm/vendor/laravel/framework/src/Illuminate/Pipeline/Pipeline.php(209): Illuminate\\Cookie\\Middleware\\EncryptCookies->handle()
#25 /var/www/norloxsolutionscrm.com/wowcrm/vendor/laravel/framework/src/Illuminate/Pipeline/Pipeline.php(127): Illuminate\\Pipeline\\Pipeline->Illuminate\\Pipeline\\{closure}()
#26 /var/www/norloxsolutionscrm.com/wowcrm/vendor/laravel/framework/src/Illuminate/Routing/Router.php(807): Illuminate\\Pipeline\\Pipeline->then()
#27 /var/www/norloxsolutionscrm.com/wowcrm/vendor/laravel/framework/src/Illuminate/Routing/Router.php(786): Illuminate\\Routing\\Router->runRouteWithinStack()
#28 /var/www/norloxsolutionscrm.com/wowcrm/vendor/laravel/framework/src/Illuminate/Routing/Router.php(750): Illuminate\\Routing\\Router->runRoute()
#29 /var/www/norloxsolutionscrm.com/wowcrm/vendor/laravel/framework/src/Illuminate/Routing/Router.php(739): Illuminate\\Routing\\Router->dispatchToRoute()
#30 /var/www/norloxsolutionscrm.com/wowcrm/vendor/laravel/framework/src/Illuminate/Foundation/Http/Kernel.php(201): Illuminate\\Routing\\Router->dispatch()
#31 /var/www/norloxsolutionscrm.com/wowcrm/vendor/laravel/framework/src/Illuminate/Pipeline/Pipeline.php(170): Illuminate\\Foundation\\Http\\Kernel->Illuminate\\Foundation\\Http\\{closure}()
#32 /var/www/norloxsolutionscrm.com/wowcrm/vendor/laravel/framework/src/Illuminate/Foundation/Http/Middleware/TransformsRequest.php(21): Illuminate\\Pipeline\\Pipeline->Illuminate\\Pipeline\\{closure}()
#33 /var/www/norloxsolutionscrm.com/wowcrm/vendor/laravel/framework/src/Illuminate/Foundation/Http/Middleware/ConvertEmptyStringsToNull.php(31): Illuminate\\Foundation\\Http\\Middleware\\TransformsRequest->handle()
#34 /var/www/norloxsolutionscrm.com/wowcrm/vendor/laravel/framework/src/Illuminate/Pipeline/Pipeline.php(209): Illuminate\\Foundation\\Http\\Middleware\\ConvertEmptyStringsToNull->handle()
#35 /var/www/norloxsolutionscrm.com/wowcrm/vendor/laravel/framework/src/Illuminate/Foundation/Http/Middleware/TransformsRequest.php(21): Illuminate\\Pipeline\\Pipeline->Illuminate\\Pipeline\\{closure}()
#36 /var/www/norloxsolutionscrm.com/wowcrm/vendor/laravel/framework/src/Illuminate/Foundation/Http/Middleware/TrimStrings.php(51): Illuminate\\Foundation\\Http\\Middleware\\TransformsRequest->handle()
#37 /var/www/norloxsolutionscrm.com/wowcrm/vendor/laravel/framework/src/Illuminate/Pipeline/Pipeline.php(209): Illuminate\\Foundation\\Http\\Middleware\\TrimStrings->handle()
#38 /var/www/norloxsolutionscrm.com/wowcrm/vendor/laravel/framework/src/Illuminate/Http/Middleware/ValidatePostSize.php(27): Illuminate\\Pipeline\\Pipeline->Illuminate\\Pipeline\\{closure}()
#39 /var/www/norloxsolutionscrm.com/wowcrm/vendor/laravel/framework/src/Illuminate/Pipeline/Pipeline.php(209): Illuminate\\Http\\Middleware\\ValidatePostSize->handle()
#40 /var/www/norloxsolutionscrm.com/wowcrm/vendor/laravel/framework/src/Illuminate/Foundation/Http/Middleware/PreventRequestsDuringMaintenance.php(110): Illuminate\\Pipeline\\Pipeline->Illuminate\\Pipeline\\{closure}()
#41 /var/www/norloxsolutionscrm.com/wowcrm/vendor/laravel/framework/src/Illuminate/Pipeline/Pipeline.php(209): Illuminate\\Foundation\\Http\\Middleware\\PreventRequestsDuringMaintenance->handle()
#42 /var/www/norloxsolutionscrm.com/wowcrm/vendor/laravel/framework/src/Illuminate/Http/Middleware/HandleCors.php(49): Illuminate\\Pipeline\\Pipeline->Illuminate\\Pipeline\\{closure}()
#43 /var/www/norloxsolutionscrm.com/wowcrm/vendor/laravel/framework/src/Illuminate/Pipeline/Pipeline.php(209): Illuminate\\Http\\Middleware\\HandleCors->handle()
#44 /var/www/norloxsolutionscrm.com/wowcrm/vendor/laravel/framework/src/Illuminate/Http/Middleware/TrustProxies.php(58): Illuminate\\Pipeline\\Pipeline->Illuminate\\Pipeline\\{closure}()
#45 /var/www/norloxsolutionscrm.com/wowcrm/vendor/laravel/framework/src/Illuminate/Pipeline/Pipeline.php(209): Illuminate\\Http\\Middleware\\TrustProxies->handle()
#46 /var/www/norloxsolutionscrm.com/wowcrm/vendor/laravel/framework/src/Illuminate/Foundation/Http/Middleware/InvokeDeferredCallbacks.php(22): Illuminate\\Pipeline\\Pipeline->Illuminate\\Pipeline\\{closure}()
#47 /var/www/norloxsolutionscrm.com/wowcrm/vendor/laravel/framework/src/Illuminate/Pipeline/Pipeline.php(209): Illuminate\\Foundation\\Http\\Middleware\\InvokeDeferredCallbacks->handle()
#48 /var/www/norloxsolutionscrm.com/wowcrm/vendor/laravel/framework/src/Illuminate/Pipeline/Pipeline.php(127): Illuminate\\Pipeline\\Pipeline->Illuminate\\Pipeline\\{closure}()
#49 /var/www/norloxsolutionscrm.com/wowcrm/vendor/laravel/framework/src/Illuminate/Foundation/Http/Kernel.php(176): Illuminate\\Pipeline\\Pipeline->then()
#50 /var/www/norloxsolutionscrm.com/wowcrm/vendor/laravel/framework/src/Illuminate/Foundation/Http/Kernel.php(145): Illuminate\\Foundation\\Http\\Kernel->sendRequestThroughRouter()
#51 /var/www/norloxsolutionscrm.com/wowcrm/vendor/laravel/framework/src/Illuminate/Foundation/Application.php(1220): Illuminate\\Foundation\\Http\\Kernel->handle()
#52 /var/www/norloxsolutionscrm.com/wowcrm/index.php(17): Illuminate\\Foundation\\Application->handleRequest()
#53 {main}
"} 
[2026-02-02 16:54:39] local.ERROR: Class "ZipArchive" not found {"userId":79,"exception":"[object] (Error(code: 0): Class \"ZipArchive\" not found at /var/www/norloxsolutionscrm.com/wowcrm/vendor/phpoffice/phpword/src/PhpWord/Shared/XMLReader.php:64)
[stacktrace]
#0 /var/www/norloxsolutionscrm.com/wowcrm/vendor/phpoffice/phpword/src/PhpWord/Reader/Word2007.php(169): PhpOffice\\PhpWord\\Shared\\XMLReader->getDomFromZip()
#1 /var/www/norloxsolutionscrm.com/wowcrm/vendor/phpoffice/phpword/src/PhpWord/Reader/Word2007.php(133): PhpOffice\\PhpWord\\Reader\\Word2007->getRels()
#2 /var/www/norloxsolutionscrm.com/wowcrm/vendor/phpoffice/phpword/src/PhpWord/Reader/Word2007.php(48): PhpOffice\\PhpWord\\Reader\\Word2007->readRelationships()
#3 /var/www/norloxsolutionscrm.com/wowcrm/vendor/phpoffice/phpword/src/PhpWord/IOFactory.php(92): PhpOffice\\PhpWord\\Reader\\Word2007->load()
#4 /var/www/norloxsolutionscrm.com/wowcrm/app/Http/Controllers/GoogleSheetController.php(7226): PhpOffice\\PhpWord\\IOFactory::load()
#5 /var/www/norloxsolutionscrm.com/wowcrm/vendor/laravel/framework/src/Illuminate/Routing/ControllerDispatcher.php(47): App\\Http\\Controllers\\GoogleSheetController->viewJuniorResume()
#6 /var/www/norloxsolutionscrm.com/wowcrm/vendor/laravel/framework/src/Illuminate/Routing/Route.php(266): Illuminate\\Routing\\ControllerDispatcher->dispatch()
#7 /var/www/norloxsolutionscrm.com/wowcrm/vendor/laravel/framework/src/Illuminate/Routing/Route.php(212): Illuminate\\Routing\\Route->runController()
#8 /var/www/norloxsolutionscrm.com/wowcrm/vendor/laravel/framework/src/Illuminate/Routing/Router.php(808): Illuminate\\Routing\\Route->run()
#9 /var/www/norloxsolutionscrm.com/wowcrm/vendor/laravel/framework/src/Illuminate/Pipeline/Pipeline.php(170): Illuminate\\Routing\\Router->Illuminate\\Routing\\{closure}()
#10 /var/www/norloxsolutionscrm.com/wowcrm/vendor/laravel/framework/src/Illuminate/Routing/Middleware/SubstituteBindings.php(51): Illuminate\\Pipeline\\Pipeline->Illuminate\\Pipeline\\{closure}()
#11 /var/www/norloxsolutionscrm.com/wowcrm/vendor/laravel/framework/src/Illuminate/Pipeline/Pipeline.php(209): Illuminate\\Routing\\Middleware\\SubstituteBindings->handle()
#12 /var/www/norloxsolutionscrm.com/wowcrm/vendor/laravel/framework/src/Illuminate/Auth/Middleware/Authenticate.php(64): Illuminate\\Pipeline\\Pipeline->Illuminate\\Pipeline\\{closure}()
#13 /var/www/norloxsolutionscrm.com/wowcrm/vendor/laravel/framework/src/Illuminate/Pipeline/Pipeline.php(209): Illuminate\\Auth\\Middleware\\Authenticate->handle()
#14 /var/www/norloxsolutionscrm.com/wowcrm/vendor/laravel/framework/src/Illuminate/Foundation/Http/Middleware/VerifyCsrfToken.php(88): Illuminate\\Pipeline\\Pipeline->Illuminate\\Pipeline\\{closure}()
#15 /var/www/norloxsolutionscrm.com/wowcrm/vendor/laravel/framework/src/Illuminate/Pipeline/Pipeline.php(209): Illuminate\\Foundation\\Http\\Middleware\\VerifyCsrfToken->handle()
#16 /var/www/norloxsolutionscrm.com/wowcrm/vendor/laravel/framework/src/Illuminate/View/Middleware/ShareErrorsFromSession.php(49): Illuminate\\Pipeline\\Pipeline->Illuminate\\Pipeline\\{closure}()
#17 /var/www/norloxsolutionscrm.com/wowcrm/vendor/laravel/framework/src/Illuminate/Pipeline/Pipeline.php(209): Illuminate\\View\\Middleware\\ShareErrorsFromSession->handle()
#18 /var/www/norloxsolutionscrm.com/wowcrm/vendor/laravel/framework/src/Illuminate/Session/Middleware/StartSession.php(121): Illuminate\\Pipeline\\Pipeline->Illuminate\\Pipeline\\{closure}()
#19 /var/www/norloxsolutionscrm.com/wowcrm/vendor/laravel/framework/src/Illuminate/Session/Middleware/StartSession.php(64): Illuminate\\Session\\Middleware\\StartSession->handleStatefulRequest()
#20 /var/www/norloxsolutionscrm.com/wowcrm/vendor/laravel/framework/src/Illuminate/Pipeline/Pipeline.php(209): Illuminate\\Session\\Middleware\\StartSession->handle()
#21 /var/www/norloxsolutionscrm.com/wowcrm/vendor/laravel/framework/src/Illuminate/Cookie/Middleware/AddQueuedCookiesToResponse.php(37): Illuminate\\Pipeline\\Pipeline->Illuminate\\Pipeline\\{closure}()
#22 /var/www/norloxsolutionscrm.com/wowcrm/vendor/laravel/framework/src/Illuminate/Pipeline/Pipeline.php(209): Illuminate\\Cookie\\Middleware\\AddQueuedCookiesToResponse->handle()
#23 /var/www/norloxsolutionscrm.com/wowcrm/vendor/laravel/framework/src/Illuminate/Cookie/Middleware/EncryptCookies.php(75): Illuminate\\Pipeline\\Pipeline->Illuminate\\Pipeline\\{closure}()
#24 /var/www/norloxsolutionscrm.com/wowcrm/vendor/laravel/framework/src/Illuminate/Pipeline/Pipeline.php(209): Illuminate\\Cookie\\Middleware\\EncryptCookies->handle()
#25 /var/www/norloxsolutionscrm.com/wowcrm/vendor/laravel/framework/src/Illuminate/Pipeline/Pipeline.php(127): Illuminate\\Pipeline\\Pipeline->Illuminate\\Pipeline\\{closure}()
#26 /var/www/norloxsolutionscrm.com/wowcrm/vendor/laravel/framework/src/Illuminate/Routing/Router.php(807): Illuminate\\Pipeline\\Pipeline->then()
#27 /var/www/norloxsolutionscrm.com/wowcrm/vendor/laravel/framework/src/Illuminate/Routing/Router.php(786): Illuminate\\Routing\\Router->runRouteWithinStack()
#28 /var/www/norloxsolutionscrm.com/wowcrm/vendor/laravel/framework/src/Illuminate/Routing/Router.php(750): Illuminate\\Routing\\Router->runRoute()
#29 /var/www/norloxsolutionscrm.com/wowcrm/vendor/laravel/framework/src/Illuminate/Routing/Router.php(739): Illuminate\\Routing\\Router->dispatchToRoute()
#30 /var/www/norloxsolutionscrm.com/wowcrm/vendor/laravel/framework/src/Illuminate/Foundation/Http/Kernel.php(201): Illuminate\\Routing\\Router->dispatch()
#31 /var/www/norloxsolutionscrm.com/wowcrm/vendor/laravel/framework/src/Illuminate/Pipeline/Pipeline.php(170): Illuminate\\Foundation\\Http\\Kernel->Illuminate\\Foundation\\Http\\{closure}()
#32 /var/www/norloxsolutionscrm.com/wowcrm/vendor/laravel/framework/src/Illuminate/Foundation/Http/Middleware/TransformsRequest.php(21): Illuminate\\Pipeline\\Pipeline->Illuminate\\Pipeline\\{closure}()
#33 /var/www/norloxsolutionscrm.com/wowcrm/vendor/laravel/framework/src/Illuminate/Foundation/Http/Middleware/ConvertEmptyStringsToNull.php(31): Illuminate\\Foundation\\Http\\Middleware\\TransformsRequest->handle()
#34 /var/www/norloxsolutionscrm.com/wowcrm/vendor/laravel/framework/src/Illuminate/Pipeline/Pipeline.php(209): Illuminate\\Foundation\\Http\\Middleware\\ConvertEmptyStringsToNull->handle()
#35 /var/www/norloxsolutionscrm.com/wowcrm/vendor/laravel/framework/src/Illuminate/Foundation/Http/Middleware/TransformsRequest.php(21): Illuminate\\Pipeline\\Pipeline->Illuminate\\Pipeline\\{closure}()
#36 /var/www/norloxsolutionscrm.com/wowcrm/vendor/laravel/framework/src/Illuminate/Foundation/Http/Middleware/TrimStrings.php(51): Illuminate\\Foundation\\Http\\Middleware\\TransformsRequest->handle()
#37 /var/www/norloxsolutionscrm.com/wowcrm/vendor/laravel/framework/src/Illuminate/Pipeline/Pipeline.php(209): Illuminate\\Foundation\\Http\\Middleware\\TrimStrings->handle()
#38 /var/www/norloxsolutionscrm.com/wowcrm/vendor/laravel/framework/src/Illuminate/Http/Middleware/ValidatePostSize.php(27): Illuminate\\Pipeline\\Pipeline->Illuminate\\Pipeline\\{closure}()
#39 /var/www/norloxsolutionscrm.com/wowcrm/vendor/laravel/framework/src/Illuminate/Pipeline/Pipeline.php(209): Illuminate\\Http\\Middleware\\ValidatePostSize->handle()
#40 /var/www/norloxsolutionscrm.com/wowcrm/vendor/laravel/framework/src/Illuminate/Foundation/Http/Middleware/PreventRequestsDuringMaintenance.php(110): Illuminate\\Pipeline\\Pipeline->Illuminate\\Pipeline\\{closure}()
#41 /var/www/norloxsolutionscrm.com/wowcrm/vendor/laravel/framework/src/Illuminate/Pipeline/Pipeline.php(209): Illuminate\\Foundation\\Http\\Middleware\\PreventRequestsDuringMaintenance->handle()
#42 /var/www/norloxsolutionscrm.com/wowcrm/vendor/laravel/framework/src/Illuminate/Http/Middleware/HandleCors.php(49): Illuminate\\Pipeline\\Pipeline->Illuminate\\Pipeline\\{closure}()
#43 /var/www/norloxsolutionscrm.com/wowcrm/vendor/laravel/framework/src/Illuminate/Pipeline/Pipeline.php(209): Illuminate\\Http\\Middleware\\HandleCors->handle()
#44 /var/www/norloxsolutionscrm.com/wowcrm/vendor/laravel/framework/src/Illuminate/Http/Middleware/TrustProxies.php(58): Illuminate\\Pipeline\\Pipeline->Illuminate\\Pipeline\\{closure}()
#45 /var/www/norloxsolutionscrm.com/wowcrm/vendor/laravel/framework/src/Illuminate/Pipeline/Pipeline.php(209): Illuminate\\Http\\Middleware\\TrustProxies->handle()
#46 /var/www/norloxsolutionscrm.com/wowcrm/vendor/laravel/framework/src/Illuminate/Foundation/Http/Middleware/InvokeDeferredCallbacks.php(22): Illuminate\\Pipeline\\Pipeline->Illuminate\\Pipeline\\{closure}()
#47 /var/www/norloxsolutionscrm.com/wowcrm/vendor/laravel/framework/src/Illuminate/Pipeline/Pipeline.php(209): Illuminate\\Foundation\\Http\\Middleware\\InvokeDeferredCallbacks->handle()
#48 /var/www/norloxsolutionscrm.com/wowcrm/vendor/laravel/framework/src/Illuminate/Pipeline/Pipeline.php(127): Illuminate\\Pipeline\\Pipeline->Illuminate\\Pipeline\\{closure}()
#49 /var/www/norloxsolutionscrm.com/wowcrm/vendor/laravel/framework/src/Illuminate/Foundation/Http/Kernel.php(176): Illuminate\\Pipeline\\Pipeline->then()
#50 /var/www/norloxsolutionscrm.com/wowcrm/vendor/laravel/framework/src/Illuminate/Foundation/Http/Kernel.php(145): Illuminate\\Foundation\\Http\\Kernel->sendRequestThroughRouter()
#51 /var/www/norloxsolutionscrm.com/wowcrm/vendor/laravel/framework/src/Illuminate/Foundation/Application.php(1220): Illuminate\\Foundation\\Http\\Kernel->handle()
#52 /var/www/norloxsolutionscrm.com/wowcrm/index.php(17): Illuminate\\Foundation\\Application->handleRequest()
#53 {main}
"} 
[2026-02-02 16:54:57] local.ERROR: Class "ZipArchive" not found {"userId":79,"exception":"[object] (Error(code: 0): Class \"ZipArchive\" not found at /var/www/norloxsolutionscrm.com/wowcrm/vendor/phpoffice/phpword/src/PhpWord/Shared/XMLReader.php:64)
[stacktrace]
#0 /var/www/norloxsolutionscrm.com/wowcrm/vendor/phpoffice/phpword/src/PhpWord/Reader/Word2007.php(169): PhpOffice\\PhpWord\\Shared\\XMLReader->getDomFromZip()
#1 /var/www/norloxsolutionscrm.com/wowcrm/vendor/phpoffice/phpword/src/PhpWord/Reader/Word2007.php(133): PhpOffice\\PhpWord\\Reader\\Word2007->getRels()
#2 /var/www/norloxsolutionscrm.com/wowcrm/vendor/phpoffice/phpword/src/PhpWord/Reader/Word2007.php(48): PhpOffice\\PhpWord\\Reader\\Word2007->readRelationships()
#3 /var/www/norloxsolutionscrm.com/wowcrm/vendor/phpoffice/phpword/src/PhpWord/IOFactory.php(92): PhpOffice\\PhpWord\\Reader\\Word2007->load()
#4 /var/www/norloxsolutionscrm.com/wowcrm/app/Http/Controllers/GoogleSheetController.php(7226): PhpOffice\\PhpWord\\IOFactory::load()
#5 /var/www/norloxsolutionscrm.com/wowcrm/vendor/laravel/framework/src/Illuminate/Routing/ControllerDispatcher.php(47): App\\Http\\Controllers\\GoogleSheetController->viewJuniorResume()
#6 /var/www/norloxsolutionscrm.com/wowcrm/vendor/laravel/framework/src/Illuminate/Routing/Route.php(266): Illuminate\\Routing\\ControllerDispatcher->dispatch()
#7 /var/www/norloxsolutionscrm.com/wowcrm/vendor/laravel/framework/src/Illuminate/Routing/Route.php(212): Illuminate\\Routing\\Route->runController()
#8 /var/www/norloxsolutionscrm.com/wowcrm/vendor/laravel/framework/src/Illuminate/Routing/Router.php(808): Illuminate\\Routing\\Route->run()
#9 /var/www/norloxsolutionscrm.com/wowcrm/vendor/laravel/framework/src/Illuminate/Pipeline/Pipeline.php(170): Illuminate\\Routing\\Router->Illuminate\\Routing\\{closure}()
#10 /var/www/norloxsolutionscrm.com/wowcrm/vendor/laravel/framework/src/Illuminate/Routing/Middleware/SubstituteBindings.php(51): Illuminate\\Pipeline\\Pipeline->Illuminate\\Pipeline\\{closure}()
#11 /var/www/norloxsolutionscrm.com/wowcrm/vendor/laravel/framework/src/Illuminate/Pipeline/Pipeline.php(209): Illuminate\\Routing\\Middleware\\SubstituteBindings->handle()
#12 /var/www/norloxsolutionscrm.com/wowcrm/vendor/laravel/framework/src/Illuminate/Auth/Middleware/Authenticate.php(64): Illuminate\\Pipeline\\Pipeline->Illuminate\\Pipeline\\{closure}()
#13 /var/www/norloxsolutionscrm.com/wowcrm/vendor/laravel/framework/src/Illuminate/Pipeline/Pipeline.php(209): Illuminate\\Auth\\Middleware\\Authenticate->handle()
#14 /var/www/norloxsolutionscrm.com/wowcrm/vendor/laravel/framework/src/Illuminate/Foundation/Http/Middleware/VerifyCsrfToken.php(88): Illuminate\\Pipeline\\Pipeline->Illuminate\\Pipeline\\{closure}()
#15 /var/www/norloxsolutionscrm.com/wowcrm/vendor/laravel/framework/src/Illuminate/Pipeline/Pipeline.php(209): Illuminate\\Foundation\\Http\\Middleware\\VerifyCsrfToken->handle()
#16 /var/www/norloxsolutionscrm.com/wowcrm/vendor/laravel/framework/src/Illuminate/View/Middleware/ShareErrorsFromSession.php(49): Illuminate\\Pipeline\\Pipeline->Illuminate\\Pipeline\\{closure}()
#17 /var/www/norloxsolutionscrm.com/wowcrm/vendor/laravel/framework/src/Illuminate/Pipeline/Pipeline.php(209): Illuminate\\View\\Middleware\\ShareErrorsFromSession->handle()
#18 /var/www/norloxsolutionscrm.com/wowcrm/vendor/laravel/framework/src/Illuminate/Session/Middleware/StartSession.php(121): Illuminate\\Pipeline\\Pipeline->Illuminate\\Pipeline\\{closure}()
#19 /var/www/norloxsolutionscrm.com/wowcrm/vendor/laravel/framework/src/Illuminate/Session/Middleware/StartSession.php(64): Illuminate\\Session\\Middleware\\StartSession->handleStatefulRequest()
#20 /var/www/norloxsolutionscrm.com/wowcrm/vendor/laravel/framework/src/Illuminate/Pipeline/Pipeline.php(209): Illuminate\\Session\\Middleware\\StartSession->handle()
#21 /var/www/norloxsolutionscrm.com/wowcrm/vendor/laravel/framework/src/Illuminate/Cookie/Middleware/AddQueuedCookiesToResponse.php(37): Illuminate\\Pipeline\\Pipeline->Illuminate\\Pipeline\\{closure}()
#22 /var/www/norloxsolutionscrm.com/wowcrm/vendor/laravel/framework/src/Illuminate/Pipeline/Pipeline.php(209): Illuminate\\Cookie\\Middleware\\AddQueuedCookiesToResponse->handle()
#23 /var/www/norloxsolutionscrm.com/wowcrm/vendor/laravel/framework/src/Illuminate/Cookie/Middleware/EncryptCookies.php(75): Illuminate\\Pipeline\\Pipeline->Illuminate\\Pipeline\\{closure}()
#24 /var/www/norloxsolutionscrm.com/wowcrm/vendor/laravel/framework/src/Illuminate/Pipeline/Pipeline.php(209): Illuminate\\Cookie\\Middleware\\EncryptCookies->handle()
#25 /var/www/norloxsolutionscrm.com/wowcrm/vendor/laravel/framework/src/Illuminate/Pipeline/Pipeline.php(127): Illuminate\\Pipeline\\Pipeline->Illuminate\\Pipeline\\{closure}()
#26 /var/www/norloxsolutionscrm.com/wowcrm/vendor/laravel/framework/src/Illuminate/Routing/Router.php(807): Illuminate\\Pipeline\\Pipeline->then()
#27 /var/www/norloxsolutionscrm.com/wowcrm/vendor/laravel/framework/src/Illuminate/Routing/Router.php(786): Illuminate\\Routing\\Router->runRouteWithinStack()
#28 /var/www/norloxsolutionscrm.com/wowcrm/vendor/laravel/framework/src/Illuminate/Routing/Router.php(750): Illuminate\\Routing\\Router->runRoute()
#29 /var/www/norloxsolutionscrm.com/wowcrm/vendor/laravel/framework/src/Illuminate/Routing/Router.php(739): Illuminate\\Routing\\Router->dispatchToRoute()
#30 /var/www/norloxsolutionscrm.com/wowcrm/vendor/laravel/framework/src/Illuminate/Foundation/Http/Kernel.php(201): Illuminate\\Routing\\Router->dispatch()
#31 /var/www/norloxsolutionscrm.com/wowcrm/vendor/laravel/framework/src/Illuminate/Pipeline/Pipeline.php(170): Illuminate\\Foundation\\Http\\Kernel->Illuminate\\Foundation\\Http\\{closure}()
#32 /var/www/norloxsolutionscrm.com/wowcrm/vendor/laravel/framework/src/Illuminate/Foundation/Http/Middleware/TransformsRequest.php(21): Illuminate\\Pipeline\\Pipeline->Illuminate\\Pipeline\\{closure}()
#33 /var/www/norloxsolutionscrm.com/wowcrm/vendor/laravel/framework/src/Illuminate/Foundation/Http/Middleware/ConvertEmptyStringsToNull.php(31): Illuminate\\Foundation\\Http\\Middleware\\TransformsRequest->handle()
#34 /var/www/norloxsolutionscrm.com/wowcrm/vendor/laravel/framework/src/Illuminate/Pipeline/Pipeline.php(209): Illuminate\\Foundation\\Http\\Middleware\\ConvertEmptyStringsToNull->handle()
#35 /var/www/norloxsolutionscrm.com/wowcrm/vendor/laravel/framework/src/Illuminate/Foundation/Http/Middleware/TransformsRequest.php(21): Illuminate\\Pipeline\\Pipeline->Illuminate\\Pipeline\\{closure}()
#36 /var/www/norloxsolutionscrm.com/wowcrm/vendor/laravel/framework/src/Illuminate/Foundation/Http/Middleware/TrimStrings.php(51): Illuminate\\Foundation\\Http\\Middleware\\TransformsRequest->handle()
#37 /var/www/norloxsolutionscrm.com/wowcrm/vendor/laravel/framework/src/Illuminate/Pipeline/Pipeline.php(209): Illuminate\\Foundation\\Http\\Middleware\\TrimStrings->handle()
#38 /var/www/norloxsolutionscrm.com/wowcrm/vendor/laravel/framework/src/Illuminate/Http/Middleware/ValidatePostSize.php(27): Illuminate\\Pipeline\\Pipeline->Illuminate\\Pipeline\\{closure}()
#39 /var/www/norloxsolutionscrm.com/wowcrm/vendor/laravel/framework/src/Illuminate/Pipeline/Pipeline.php(209): Illuminate\\Http\\Middleware\\ValidatePostSize->handle()
#40 /var/www/norloxsolutionscrm.com/wowcrm/vendor/laravel/framework/src/Illuminate/Foundation/Http/Middleware/PreventRequestsDuringMaintenance.php(110): Illuminate\\Pipeline\\Pipeline->Illuminate\\Pipeline\\{closure}()
#41 /var/www/norloxsolutionscrm.com/wowcrm/vendor/laravel/framework/src/Illuminate/Pipeline/Pipeline.php(209): Illuminate\\Foundation\\Http\\Middleware\\PreventRequestsDuringMaintenance->handle()
#42 /var/www/norloxsolutionscrm.com/wowcrm/vendor/laravel/framework/src/Illuminate/Http/Middleware/HandleCors.php(49): Illuminate\\Pipeline\\Pipeline->Illuminate\\Pipeline\\{closure}()
#43 /var/www/norloxsolutionscrm.com/wowcrm/vendor/laravel/framework/src/Illuminate/Pipeline/Pipeline.php(209): Illuminate\\Http\\Middleware\\HandleCors->handle()
#44 /var/www/norloxsolutionscrm.com/wowcrm/vendor/laravel/framework/src/Illuminate/Http/Middleware/TrustProxies.php(58): Illuminate\\Pipeline\\Pipeline->Illuminate\\Pipeline\\{closure}()
#45 /var/www/norloxsolutionscrm.com/wowcrm/vendor/laravel/framework/src/Illuminate/Pipeline/Pipeline.php(209): Illuminate\\Http\\Middleware\\TrustProxies->handle()
#46 /var/www/norloxsolutionscrm.com/wowcrm/vendor/laravel/framework/src/Illuminate/Foundation/Http/Middleware/InvokeDeferredCallbacks.php(22): Illuminate\\Pipeline\\Pipeline->Illuminate\\Pipeline\\{closure}()
#47 /var/www/norloxsolutionscrm.com/wowcrm/vendor/laravel/framework/src/Illuminate/Pipeline/Pipeline.php(209): Illuminate\\Foundation\\Http\\Middleware\\InvokeDeferredCallbacks->handle()
#48 /var/www/norloxsolutionscrm.com/wowcrm/vendor/laravel/framework/src/Illuminate/Pipeline/Pipeline.php(127): Illuminate\\Pipeline\\Pipeline->Illuminate\\Pipeline\\{closure}()
#49 /var/www/norloxsolutionscrm.com/wowcrm/vendor/laravel/framework/src/Illuminate/Foundation/Http/Kernel.php(176): Illuminate\\Pipeline\\Pipeline->then()
#50 /var/www/norloxsolutionscrm.com/wowcrm/vendor/laravel/framework/src/Illuminate/Foundation/Http/Kernel.php(145): Illuminate\\Foundation\\Http\\Kernel->sendRequestThroughRouter()
#51 /var/www/norloxsolutionscrm.com/wowcrm/vendor/laravel/framework/src/Illuminate/Foundation/Application.php(1220): Illuminate\\Foundation\\Http\\Kernel->handle()
#52 /var/www/norloxsolutionscrm.com/wowcrm/index.php(17): Illuminate\\Foundation\\Application->handleRequest()
#53 {main}
"} 
[2026-02-02 16:55:45] local.ERROR: Class "ZipArchive" not found {"userId":79,"exception":"[object] (Error(code: 0): Class \"ZipArchive\" not found at /var/www/norloxsolutionscrm.com/wowcrm/vendor/phpoffice/phpword/src/PhpWord/Shared/XMLReader.php:64)
[stacktrace]
#0 /var/www/norloxsolutionscrm.com/wowcrm/vendor/phpoffice/phpword/src/PhpWord/Reader/Word2007.php(169): PhpOffice\\PhpWord\\Shared\\XMLReader->getDomFromZip()
#1 /var/www/norloxsolutionscrm.com/wowcrm/vendor/phpoffice/phpword/src/PhpWord/Reader/Word2007.php(133): PhpOffice\\PhpWord\\Reader\\Word2007->getRels()
#2 /var/www/norloxsolutionscrm.com/wowcrm/vendor/phpoffice/phpword/src/PhpWord/Reader/Word2007.php(48): PhpOffice\\PhpWord\\Reader\\Word2007->readRelationships()
#3 /var/www/norloxsolutionscrm.com/wowcrm/vendor/phpoffice/phpword/src/PhpWord/IOFactory.php(92): PhpOffice\\PhpWord\\Reader\\Word2007->load()
#4 /var/www/norloxsolutionscrm.com/wowcrm/app/Http/Controllers/GoogleSheetController.php(7226): PhpOffice\\PhpWord\\IOFactory::load()
#5 /var/www/norloxsolutionscrm.com/wowcrm/vendor/laravel/framework/src/Illuminate/Routing/ControllerDispatcher.php(47): App\\Http\\Controllers\\GoogleSheetController->viewJuniorResume()
#6 /var/www/norloxsolutionscrm.com/wowcrm/vendor/laravel/framework/src/Illuminate/Routing/Route.php(266): Illuminate\\Routing\\ControllerDispatcher->dispatch()
#7 /var/www/norloxsolutionscrm.com/wowcrm/vendor/laravel/framework/src/Illuminate/Routing/Route.php(212): Illuminate\\Routing\\Route->runController()
#8 /var/www/norloxsolutionscrm.com/wowcrm/vendor/laravel/framework/src/Illuminate/Routing/Router.php(808): Illuminate\\Routing\\Route->run()
#9 /var/www/norloxsolutionscrm.com/wowcrm/vendor/laravel/framework/src/Illuminate/Pipeline/Pipeline.php(170): Illuminate\\Routing\\Router->Illuminate\\Routing\\{closure}()
#10 /var/www/norloxsolutionscrm.com/wowcrm/vendor/laravel/framework/src/Illuminate/Routing/Middleware/SubstituteBindings.php(51): Illuminate\\Pipeline\\Pipeline->Illuminate\\Pipeline\\{closure}()
#11 /var/www/norloxsolutionscrm.com/wowcrm/vendor/laravel/framework/src/Illuminate/Pipeline/Pipeline.php(209): Illuminate\\Routing\\Middleware\\SubstituteBindings->handle()
#12 /var/www/norloxsolutionscrm.com/wowcrm/vendor/laravel/framework/src/Illuminate/Auth/Middleware/Authenticate.php(64): Illuminate\\Pipeline\\Pipeline->Illuminate\\Pipeline\\{closure}()
#13 /var/www/norloxsolutionscrm.com/wowcrm/vendor/laravel/framework/src/Illuminate/Pipeline/Pipeline.php(209): Illuminate\\Auth\\Middleware\\Authenticate->handle()
#14 /var/www/norloxsolutionscrm.com/wowcrm/vendor/laravel/framework/src/Illuminate/Foundation/Http/Middleware/VerifyCsrfToken.php(88): Illuminate\\Pipeline\\Pipeline->Illuminate\\Pipeline\\{closure}()
#15 /var/www/norloxsolutionscrm.com/wowcrm/vendor/laravel/framework/src/Illuminate/Pipeline/Pipeline.php(209): Illuminate\\Foundation\\Http\\Middleware\\VerifyCsrfToken->handle()
#16 /var/www/norloxsolutionscrm.com/wowcrm/vendor/laravel/framework/src/Illuminate/View/Middleware/ShareErrorsFromSession.php(49): Illuminate\\Pipeline\\Pipeline->Illuminate\\Pipeline\\{closure}()
#17 /var/www/norloxsolutionscrm.com/wowcrm/vendor/laravel/framework/src/Illuminate/Pipeline/Pipeline.php(209): Illuminate\\View\\Middleware\\ShareErrorsFromSession->handle()
#18 /var/www/norloxsolutionscrm.com/wowcrm/vendor/laravel/framework/src/Illuminate/Session/Middleware/StartSession.php(121): Illuminate\\Pipeline\\Pipeline->Illuminate\\Pipeline\\{closure}()
#19 /var/www/norloxsolutionscrm.com/wowcrm/vendor/laravel/framework/src/Illuminate/Session/Middleware/StartSession.php(64): Illuminate\\Session\\Middleware\\StartSession->handleStatefulRequest()
#20 /var/www/norloxsolutionscrm.com/wowcrm/vendor/laravel/framework/src/Illuminate/Pipeline/Pipeline.php(209): Illuminate\\Session\\Middleware\\StartSession->handle()
#21 /var/www/norloxsolutionscrm.com/wowcrm/vendor/laravel/framework/src/Illuminate/Cookie/Middleware/AddQueuedCookiesToResponse.php(37): Illuminate\\Pipeline\\Pipeline->Illuminate\\Pipeline\\{closure}()
#22 /var/www/norloxsolutionscrm.com/wowcrm/vendor/laravel/framework/src/Illuminate/Pipeline/Pipeline.php(209): Illuminate\\Cookie\\Middleware\\AddQueuedCookiesToResponse->handle()
#23 /var/www/norloxsolutionscrm.com/wowcrm/vendor/laravel/framework/src/Illuminate/Cookie/Middleware/EncryptCookies.php(75): Illuminate\\Pipeline\\Pipeline->Illuminate\\Pipeline\\{closure}()
#24 /var/www/norloxsolutionscrm.com/wowcrm/vendor/laravel/framework/src/Illuminate/Pipeline/Pipeline.php(209): Illuminate\\Cookie\\Middleware\\EncryptCookies->handle()
#25 /var/www/norloxsolutionscrm.com/wowcrm/vendor/laravel/framework/src/Illuminate/Pipeline/Pipeline.php(127): Illuminate\\Pipeline\\Pipeline->Illuminate\\Pipeline\\{closure}()
#26 /var/www/norloxsolutionscrm.com/wowcrm/vendor/laravel/framework/src/Illuminate/Routing/Router.php(807): Illuminate\\Pipeline\\Pipeline->then()
#27 /var/www/norloxsolutionscrm.com/wowcrm/vendor/laravel/framework/src/Illuminate/Routing/Router.php(786): Illuminate\\Routing\\Router->runRouteWithinStack()
#28 /var/www/norloxsolutionscrm.com/wowcrm/vendor/laravel/framework/src/Illuminate/Routing/Router.php(750): Illuminate\\Routing\\Router->runRoute()
#29 /var/www/norloxsolutionscrm.com/wowcrm/vendor/laravel/framework/src/Illuminate/Routing/Router.php(739): Illuminate\\Routing\\Router->dispatchToRoute()
#30 /var/www/norloxsolutionscrm.com/wowcrm/vendor/laravel/framework/src/Illuminate/Foundation/Http/Kernel.php(201): Illuminate\\Routing\\Router->dispatch()
#31 /var/www/norloxsolutionscrm.com/wowcrm/vendor/laravel/framework/src/Illuminate/Pipeline/Pipeline.php(170): Illuminate\\Foundation\\Http\\Kernel->Illuminate\\Foundation\\Http\\{closure}()
#32 /var/www/norloxsolutionscrm.com/wowcrm/vendor/laravel/framework/src/Illuminate/Foundation/Http/Middleware/TransformsRequest.php(21): Illuminate\\Pipeline\\Pipeline->Illuminate\\Pipeline\\{closure}()
#33 /var/www/norloxsolutionscrm.com/wowcrm/vendor/laravel/framework/src/Illuminate/Foundation/Http/Middleware/ConvertEmptyStringsToNull.php(31): Illuminate\\Foundation\\Http\\Middleware\\TransformsRequest->handle()
#34 /var/www/norloxsolutionscrm.com/wowcrm/vendor/laravel/framework/src/Illuminate/Pipeline/Pipeline.php(209): Illuminate\\Foundation\\Http\\Middleware\\ConvertEmptyStringsToNull->handle()
#35 /var/www/norloxsolutionscrm.com/wowcrm/vendor/laravel/framework/src/Illuminate/Foundation/Http/Middleware/TransformsRequest.php(21): Illuminate\\Pipeline\\Pipeline->Illuminate\\Pipeline\\{closure}()
#36 /var/www/norloxsolutionscrm.com/wowcrm/vendor/laravel/framework/src/Illuminate/Foundation/Http/Middleware/TrimStrings.php(51): Illuminate\\Foundation\\Http\\Middleware\\TransformsRequest->handle()
#37 /var/www/norloxsolutionscrm.com/wowcrm/vendor/laravel/framework/src/Illuminate/Pipeline/Pipeline.php(209): Illuminate\\Foundation\\Http\\Middleware\\TrimStrings->handle()
#38 /var/www/norloxsolutionscrm.com/wowcrm/vendor/laravel/framework/src/Illuminate/Http/Middleware/ValidatePostSize.php(27): Illuminate\\Pipeline\\Pipeline->Illuminate\\Pipeline\\{closure}()
#39 /var/www/norloxsolutionscrm.com/wowcrm/vendor/laravel/framework/src/Illuminate/Pipeline/Pipeline.php(209): Illuminate\\Http\\Middleware\\ValidatePostSize->handle()
#40 /var/www/norloxsolutionscrm.com/wowcrm/vendor/laravel/framework/src/Illuminate/Foundation/Http/Middleware/PreventRequestsDuringMaintenance.php(110): Illuminate\\Pipeline\\Pipeline->Illuminate\\Pipeline\\{closure}()
#41 /var/www/norloxsolutionscrm.com/wowcrm/vendor/laravel/framework/src/Illuminate/Pipeline/Pipeline.php(209): Illuminate\\Foundation\\Http\\Middleware\\PreventRequestsDuringMaintenance->handle()
#42 /var/www/norloxsolutionscrm.com/wowcrm/vendor/laravel/framework/src/Illuminate/Http/Middleware/HandleCors.php(49): Illuminate\\Pipeline\\Pipeline->Illuminate\\Pipeline\\{closure}()
#43 /var/www/norloxsolutionscrm.com/wowcrm/vendor/laravel/framework/src/Illuminate/Pipeline/Pipeline.php(209): Illuminate\\Http\\Middleware\\HandleCors->handle()
#44 /var/www/norloxsolutionscrm.com/wowcrm/vendor/laravel/framework/src/Illuminate/Http/Middleware/TrustProxies.php(58): Illuminate\\Pipeline\\Pipeline->Illuminate\\Pipeline\\{closure}()
#45 /var/www/norloxsolutionscrm.com/wowcrm/vendor/laravel/framework/src/Illuminate/Pipeline/Pipeline.php(209): Illuminate\\Http\\Middleware\\TrustProxies->handle()
#46 /var/www/norloxsolutionscrm.com/wowcrm/vendor/laravel/framework/src/Illuminate/Foundation/Http/Middleware/InvokeDeferredCallbacks.php(22): Illuminate\\Pipeline\\Pipeline->Illuminate\\Pipeline\\{closure}()
#47 /var/www/norloxsolutionscrm.com/wowcrm/vendor/laravel/framework/src/Illuminate/Pipeline/Pipeline.php(209): Illuminate\\Foundation\\Http\\Middleware\\InvokeDeferredCallbacks->handle()
#48 /var/www/norloxsolutionscrm.com/wowcrm/vendor/laravel/framework/src/Illuminate/Pipeline/Pipeline.php(127): Illuminate\\Pipeline\\Pipeline->Illuminate\\Pipeline\\{closure}()
#49 /var/www/norloxsolutionscrm.com/wowcrm/vendor/laravel/framework/src/Illuminate/Foundation/Http/Kernel.php(176): Illuminate\\Pipeline\\Pipeline->then()
#50 /var/www/norloxsolutionscrm.com/wowcrm/vendor/laravel/framework/src/Illuminate/Foundation/Http/Kernel.php(145): Illuminate\\Foundation\\Http\\Kernel->sendRequestThroughRouter()
#51 /var/www/norloxsolutionscrm.com/wowcrm/vendor/laravel/framework/src/Illuminate/Foundation/Application.php(1220): Illuminate\\Foundation\\Http\\Kernel->handle()
#52 /var/www/norloxsolutionscrm.com/wowcrm/index.php(17): Illuminate\\Foundation\\Application->handleRequest()
#53 {main}
"} 
[2026-02-02 16:55:57] local.ERROR: Class "ZipArchive" not found {"userId":79,"exception":"[object] (Error(code: 0): Class \"ZipArchive\" not found at /var/www/norloxsolutionscrm.com/wowcrm/vendor/phpoffice/phpword/src/PhpWord/Shared/XMLReader.php:64)
[stacktrace]
#0 /var/www/norloxsolutionscrm.com/wowcrm/vendor/phpoffice/phpword/src/PhpWord/Reader/Word2007.php(169): PhpOffice\\PhpWord\\Shared\\XMLReader->getDomFromZip()
#1 /var/www/norloxsolutionscrm.com/wowcrm/vendor/phpoffice/phpword/src/PhpWord/Reader/Word2007.php(133): PhpOffice\\PhpWord\\Reader\\Word2007->getRels()
#2 /var/www/norloxsolutionscrm.com/wowcrm/vendor/phpoffice/phpword/src/PhpWord/Reader/Word2007.php(48): PhpOffice\\PhpWord\\Reader\\Word2007->readRelationships()
#3 /var/www/norloxsolutionscrm.com/wowcrm/vendor/phpoffice/phpword/src/PhpWord/IOFactory.php(92): PhpOffice\\PhpWord\\Reader\\Word2007->load()
#4 /var/www/norloxsolutionscrm.com/wowcrm/app/Http/Controllers/GoogleSheetController.php(7226): PhpOffice\\PhpWord\\IOFactory::load()
#5 /var/www/norloxsolutionscrm.com/wowcrm/vendor/laravel/framework/src/Illuminate/Routing/ControllerDispatcher.php(47): App\\Http\\Controllers\\GoogleSheetController->viewJuniorResume()
#6 /var/www/norloxsolutionscrm.com/wowcrm/vendor/laravel/framework/src/Illuminate/Routing/Route.php(266): Illuminate\\Routing\\ControllerDispatcher->dispatch()
#7 /var/www/norloxsolutionscrm.com/wowcrm/vendor/laravel/framework/src/Illuminate/Routing/Route.php(212): Illuminate\\Routing\\Route->runController()
#8 /var/www/norloxsolutionscrm.com/wowcrm/vendor/laravel/framework/src/Illuminate/Routing/Router.php(808): Illuminate\\Routing\\Route->run()
#9 /var/www/norloxsolutionscrm.com/wowcrm/vendor/laravel/framework/src/Illuminate/Pipeline/Pipeline.php(170): Illuminate\\Routing\\Router->Illuminate\\Routing\\{closure}()
#10 /var/www/norloxsolutionscrm.com/wowcrm/vendor/laravel/framework/src/Illuminate/Routing/Middleware/SubstituteBindings.php(51): Illuminate\\Pipeline\\Pipeline->Illuminate\\Pipeline\\{closure}()
#11 /var/www/norloxsolutionscrm.com/wowcrm/vendor/laravel/framework/src/Illuminate/Pipeline/Pipeline.php(209): Illuminate\\Routing\\Middleware\\SubstituteBindings->handle()
#12 /var/www/norloxsolutionscrm.com/wowcrm/vendor/laravel/framework/src/Illuminate/Auth/Middleware/Authenticate.php(64): Illuminate\\Pipeline\\Pipeline->Illuminate\\Pipeline\\{closure}()
#13 /var/www/norloxsolutionscrm.com/wowcrm/vendor/laravel/framework/src/Illuminate/Pipeline/Pipeline.php(209): Illuminate\\Auth\\Middleware\\Authenticate->handle()
#14 /var/www/norloxsolutionscrm.com/wowcrm/vendor/laravel/framework/src/Illuminate/Foundation/Http/Middleware/VerifyCsrfToken.php(88): Illuminate\\Pipeline\\Pipeline->Illuminate\\Pipeline\\{closure}()
#15 /var/www/norloxsolutionscrm.com/wowcrm/vendor/laravel/framework/src/Illuminate/Pipeline/Pipeline.php(209): Illuminate\\Foundation\\Http\\Middleware\\VerifyCsrfToken->handle()
#16 /var/www/norloxsolutionscrm.com/wowcrm/vendor/laravel/framework/src/Illuminate/View/Middleware/ShareErrorsFromSession.php(49): Illuminate\\Pipeline\\Pipeline->Illuminate\\Pipeline\\{closure}()
#17 /var/www/norloxsolutionscrm.com/wowcrm/vendor/laravel/framework/src/Illuminate/Pipeline/Pipeline.php(209): Illuminate\\View\\Middleware\\ShareErrorsFromSession->handle()
#18 /var/www/norloxsolutionscrm.com/wowcrm/vendor/laravel/framework/src/Illuminate/Session/Middleware/StartSession.php(121): Illuminate\\Pipeline\\Pipeline->Illuminate\\Pipeline\\{closure}()
#19 /var/www/norloxsolutionscrm.com/wowcrm/vendor/laravel/framework/src/Illuminate/Session/Middleware/StartSession.php(64): Illuminate\\Session\\Middleware\\StartSession->handleStatefulRequest()
#20 /var/www/norloxsolutionscrm.com/wowcrm/vendor/laravel/framework/src/Illuminate/Pipeline/Pipeline.php(209): Illuminate\\Session\\Middleware\\StartSession->handle()
#21 /var/www/norloxsolutionscrm.com/wowcrm/vendor/laravel/framework/src/Illuminate/Cookie/Middleware/AddQueuedCookiesToResponse.php(37): Illuminate\\Pipeline\\Pipeline->Illuminate\\Pipeline\\{closure}()
#22 /var/www/norloxsolutionscrm.com/wowcrm/vendor/laravel/framework/src/Illuminate/Pipeline/Pipeline.php(209): Illuminate\\Cookie\\Middleware\\AddQueuedCookiesToResponse->handle()
#23 /var/www/norloxsolutionscrm.com/wowcrm/vendor/laravel/framework/src/Illuminate/Cookie/Middleware/EncryptCookies.php(75): Illuminate\\Pipeline\\Pipeline->Illuminate\\Pipeline\\{closure}()
#24 /var/www/norloxsolutionscrm.com/wowcrm/vendor/laravel/framework/src/Illuminate/Pipeline/Pipeline.php(209): Illuminate\\Cookie\\Middleware\\EncryptCookies->handle()
#25 /var/www/norloxsolutionscrm.com/wowcrm/vendor/laravel/framework/src/Illuminate/Pipeline/Pipeline.php(127): Illuminate\\Pipeline\\Pipeline->Illuminate\\Pipeline\\{closure}()
#26 /var/www/norloxsolutionscrm.com/wowcrm/vendor/laravel/framework/src/Illuminate/Routing/Router.php(807): Illuminate\\Pipeline\\Pipeline->then()
#27 /var/www/norloxsolutionscrm.com/wowcrm/vendor/laravel/framework/src/Illuminate/Routing/Router.php(786): Illuminate\\Routing\\Router->runRouteWithinStack()
#28 /var/www/norloxsolutionscrm.com/wowcrm/vendor/laravel/framework/src/Illuminate/Routing/Router.php(750): Illuminate\\Routing\\Router->runRoute()
#29 /var/www/norloxsolutionscrm.com/wowcrm/vendor/laravel/framework/src/Illuminate/Routing/Router.php(739): Illuminate\\Routing\\Router->dispatchToRoute()
#30 /var/www/norloxsolutionscrm.com/wowcrm/vendor/laravel/framework/src/Illuminate/Foundation/Http/Kernel.php(201): Illuminate\\Routing\\Router->dispatch()
#31 /var/www/norloxsolutionscrm.com/wowcrm/vendor/laravel/framework/src/Illuminate/Pipeline/Pipeline.php(170): Illuminate\\Foundation\\Http\\Kernel->Illuminate\\Foundation\\Http\\{closure}()
#32 /var/www/norloxsolutionscrm.com/wowcrm/vendor/laravel/framework/src/Illuminate/Foundation/Http/Middleware/TransformsRequest.php(21): Illuminate\\Pipeline\\Pipeline->Illuminate\\Pipeline\\{closure}()
#33 /var/www/norloxsolutionscrm.com/wowcrm/vendor/laravel/framework/src/Illuminate/Foundation/Http/Middleware/ConvertEmptyStringsToNull.php(31): Illuminate\\Foundation\\Http\\Middleware\\TransformsRequest->handle()
#34 /var/www/norloxsolutionscrm.com/wowcrm/vendor/laravel/framework/src/Illuminate/Pipeline/Pipeline.php(209): Illuminate\\Foundation\\Http\\Middleware\\ConvertEmptyStringsToNull->handle()
#35 /var/www/norloxsolutionscrm.com/wowcrm/vendor/laravel/framework/src/Illuminate/Foundation/Http/Middleware/TransformsRequest.php(21): Illuminate\\Pipeline\\Pipeline->Illuminate\\Pipeline\\{closure}()
#36 /var/www/norloxsolutionscrm.com/wowcrm/vendor/laravel/framework/src/Illuminate/Foundation/Http/Middleware/TrimStrings.php(51): Illuminate\\Foundation\\Http\\Middleware\\TransformsRequest->handle()
#37 /var/www/norloxsolutionscrm.com/wowcrm/vendor/laravel/framework/src/Illuminate/Pipeline/Pipeline.php(209): Illuminate\\Foundation\\Http\\Middleware\\TrimStrings->handle()
#38 /var/www/norloxsolutionscrm.com/wowcrm/vendor/laravel/framework/src/Illuminate/Http/Middleware/ValidatePostSize.php(27): Illuminate\\Pipeline\\Pipeline->Illuminate\\Pipeline\\{closure}()
#39 /var/www/norloxsolutionscrm.com/wowcrm/vendor/laravel/framework/src/Illuminate/Pipeline/Pipeline.php(209): Illuminate\\Http\\Middleware\\ValidatePostSize->handle()
#40 /var/www/norloxsolutionscrm.com/wowcrm/vendor/laravel/framework/src/Illuminate/Foundation/Http/Middleware/PreventRequestsDuringMaintenance.php(110): Illuminate\\Pipeline\\Pipeline->Illuminate\\Pipeline\\{closure}()
#41 /var/www/norloxsolutionscrm.com/wowcrm/vendor/laravel/framework/src/Illuminate/Pipeline/Pipeline.php(209): Illuminate\\Foundation\\Http\\Middleware\\PreventRequestsDuringMaintenance->handle()
#42 /var/www/norloxsolutionscrm.com/wowcrm/vendor/laravel/framework/src/Illuminate/Http/Middleware/HandleCors.php(49): Illuminate\\Pipeline\\Pipeline->Illuminate\\Pipeline\\{closure}()
#43 /var/www/norloxsolutionscrm.com/wowcrm/vendor/laravel/framework/src/Illuminate/Pipeline/Pipeline.php(209): Illuminate\\Http\\Middleware\\HandleCors->handle()
#44 /var/www/norloxsolutionscrm.com/wowcrm/vendor/laravel/framework/src/Illuminate/Http/Middleware/TrustProxies.php(58): Illuminate\\Pipeline\\Pipeline->Illuminate\\Pipeline\\{closure}()
#45 /var/www/norloxsolutionscrm.com/wowcrm/vendor/laravel/framework/src/Illuminate/Pipeline/Pipeline.php(209): Illuminate\\Http\\Middleware\\TrustProxies->handle()
#46 /var/www/norloxsolutionscrm.com/wowcrm/vendor/laravel/framework/src/Illuminate/Foundation/Http/Middleware/InvokeDeferredCallbacks.php(22): Illuminate\\Pipeline\\Pipeline->Illuminate\\Pipeline\\{closure}()
#47 /var/www/norloxsolutionscrm.com/wowcrm/vendor/laravel/framework/src/Illuminate/Pipeline/Pipeline.php(209): Illuminate\\Foundation\\Http\\Middleware\\InvokeDeferredCallbacks->handle()
#48 /var/www/norloxsolutionscrm.com/wowcrm/vendor/laravel/framework/src/Illuminate/Pipeline/Pipeline.php(127): Illuminate\\Pipeline\\Pipeline->Illuminate\\Pipeline\\{closure}()
#49 /var/www/norloxsolutionscrm.com/wowcrm/vendor/laravel/framework/src/Illuminate/Foundation/Http/Kernel.php(176): Illuminate\\Pipeline\\Pipeline->then()
#50 /var/www/norloxsolutionscrm.com/wowcrm/vendor/laravel/framework/src/Illuminate/Foundation/Http/Kernel.php(145): Illuminate\\Foundation\\Http\\Kernel->sendRequestThroughRouter()
#51 /var/www/norloxsolutionscrm.com/wowcrm/vendor/laravel/framework/src/Illuminate/Foundation/Application.php(1220): Illuminate\\Foundation\\Http\\Kernel->handle()
#52 /var/www/norloxsolutionscrm.com/wowcrm/index.php(17): Illuminate\\Foundation\\Application->handleRequest()
#53 {main}
"} 
[2026-02-02 16:55:59] local.ERROR: Class "ZipArchive" not found {"userId":79,"exception":"[object] (Error(code: 0): Class \"ZipArchive\" not found at /var/www/norloxsolutionscrm.com/wowcrm/vendor/phpoffice/phpword/src/PhpWord/Shared/XMLReader.php:64)
[stacktrace]
#0 /var/www/norloxsolutionscrm.com/wowcrm/vendor/phpoffice/phpword/src/PhpWord/Reader/Word2007.php(169): PhpOffice\\PhpWord\\Shared\\XMLReader->getDomFromZip()
#1 /var/www/norloxsolutionscrm.com/wowcrm/vendor/phpoffice/phpword/src/PhpWord/Reader/Word2007.php(133): PhpOffice\\PhpWord\\Reader\\Word2007->getRels()
#2 /var/www/norloxsolutionscrm.com/wowcrm/vendor/phpoffice/phpword/src/PhpWord/Reader/Word2007.php(48): PhpOffice\\PhpWord\\Reader\\Word2007->readRelationships()
#3 /var/www/norloxsolutionscrm.com/wowcrm/vendor/phpoffice/phpword/src/PhpWord/IOFactory.php(92): PhpOffice\\PhpWord\\Reader\\Word2007->load()
#4 /var/www/norloxsolutionscrm.com/wowcrm/app/Http/Controllers/GoogleSheetController.php(7226): PhpOffice\\PhpWord\\IOFactory::load()
#5 /var/www/norloxsolutionscrm.com/wowcrm/vendor/laravel/framework/src/Illuminate/Routing/ControllerDispatcher.php(47): App\\Http\\Controllers\\GoogleSheetController->viewJuniorResume()
#6 /var/www/norloxsolutionscrm.com/wowcrm/vendor/laravel/framework/src/Illuminate/Routing/Route.php(266): Illuminate\\Routing\\ControllerDispatcher->dispatch()
#7 /var/www/norloxsolutionscrm.com/wowcrm/vendor/laravel/framework/src/Illuminate/Routing/Route.php(212): Illuminate\\Routing\\Route->runController()
#8 /var/www/norloxsolutionscrm.com/wowcrm/vendor/laravel/framework/src/Illuminate/Routing/Router.php(808): Illuminate\\Routing\\Route->run()
#9 /var/www/norloxsolutionscrm.com/wowcrm/vendor/laravel/framework/src/Illuminate/Pipeline/Pipeline.php(170): Illuminate\\Routing\\Router->Illuminate\\Routing\\{closure}()
#10 /var/www/norloxsolutionscrm.com/wowcrm/vendor/laravel/framework/src/Illuminate/Routing/Middleware/SubstituteBindings.php(51): Illuminate\\Pipeline\\Pipeline->Illuminate\\Pipeline\\{closure}()
#11 /var/www/norloxsolutionscrm.com/wowcrm/vendor/laravel/framework/src/Illuminate/Pipeline/Pipeline.php(209): Illuminate\\Routing\\Middleware\\SubstituteBindings->handle()
#12 /var/www/norloxsolutionscrm.com/wowcrm/vendor/laravel/framework/src/Illuminate/Auth/Middleware/Authenticate.php(64): Illuminate\\Pipeline\\Pipeline->Illuminate\\Pipeline\\{closure}()
#13 /var/www/norloxsolutionscrm.com/wowcrm/vendor/laravel/framework/src/Illuminate/Pipeline/Pipeline.php(209): Illuminate\\Auth\\Middleware\\Authenticate->handle()
#14 /var/www/norloxsolutionscrm.com/wowcrm/vendor/laravel/framework/src/Illuminate/Foundation/Http/Middleware/VerifyCsrfToken.php(88): Illuminate\\Pipeline\\Pipeline->Illuminate\\Pipeline\\{closure}()
#15 /var/www/norloxsolutionscrm.com/wowcrm/vendor/laravel/framework/src/Illuminate/Pipeline/Pipeline.php(209): Illuminate\\Foundation\\Http\\Middleware\\VerifyCsrfToken->handle()
#16 /var/www/norloxsolutionscrm.com/wowcrm/vendor/laravel/framework/src/Illuminate/View/Middleware/ShareErrorsFromSession.php(49): Illuminate\\Pipeline\\Pipeline->Illuminate\\Pipeline\\{closure}()
#17 /var/www/norloxsolutionscrm.com/wowcrm/vendor/laravel/framework/src/Illuminate/Pipeline/Pipeline.php(209): Illuminate\\View\\Middleware\\ShareErrorsFromSession->handle()
#18 /var/www/norloxsolutionscrm.com/wowcrm/vendor/laravel/framework/src/Illuminate/Session/Middleware/StartSession.php(121): Illuminate\\Pipeline\\Pipeline->Illuminate\\Pipeline\\{closure}()
#19 /var/www/norloxsolutionscrm.com/wowcrm/vendor/laravel/framework/src/Illuminate/Session/Middleware/StartSession.php(64): Illuminate\\Session\\Middleware\\StartSession->handleStatefulRequest()
#20 /var/www/norloxsolutionscrm.com/wowcrm/vendor/laravel/framework/src/Illuminate/Pipeline/Pipeline.php(209): Illuminate\\Session\\Middleware\\StartSession->handle()
#21 /var/www/norloxsolutionscrm.com/wowcrm/vendor/laravel/framework/src/Illuminate/Cookie/Middleware/AddQueuedCookiesToResponse.php(37): Illuminate\\Pipeline\\Pipeline->Illuminate\\Pipeline\\{closure}()
#22 /var/www/norloxsolutionscrm.com/wowcrm/vendor/laravel/framework/src/Illuminate/Pipeline/Pipeline.php(209): Illuminate\\Cookie\\Middleware\\AddQueuedCookiesToResponse->handle()
#23 /var/www/norloxsolutionscrm.com/wowcrm/vendor/laravel/framework/src/Illuminate/Cookie/Middleware/EncryptCookies.php(75): Illuminate\\Pipeline\\Pipeline->Illuminate\\Pipeline\\{closure}()
#24 /var/www/norloxsolutionscrm.com/wowcrm/vendor/laravel/framework/src/Illuminate/Pipeline/Pipeline.php(209): Illuminate\\Cookie\\Middleware\\EncryptCookies->handle()
#25 /var/www/norloxsolutionscrm.com/wowcrm/vendor/laravel/framework/src/Illuminate/Pipeline/Pipeline.php(127): Illuminate\\Pipeline\\Pipeline->Illuminate\\Pipeline\\{closure}()
#26 /var/www/norloxsolutionscrm.com/wowcrm/vendor/laravel/framework/src/Illuminate/Routing/Router.php(807): Illuminate\\Pipeline\\Pipeline->then()
#27 /var/www/norloxsolutionscrm.com/wowcrm/vendor/laravel/framework/src/Illuminate/Routing/Router.php(786): Illuminate\\Routing\\Router->runRouteWithinStack()
#28 /var/www/norloxsolutionscrm.com/wowcrm/vendor/laravel/framework/src/Illuminate/Routing/Router.php(750): Illuminate\\Routing\\Router->runRoute()
#29 /var/www/norloxsolutionscrm.com/wowcrm/vendor/laravel/framework/src/Illuminate/Routing/Router.php(739): Illuminate\\Routing\\Router->dispatchToRoute()
#30 /var/www/norloxsolutionscrm.com/wowcrm/vendor/laravel/framework/src/Illuminate/Foundation/Http/Kernel.php(201): Illuminate\\Routing\\Router->dispatch()
#31 /var/www/norloxsolutionscrm.com/wowcrm/vendor/laravel/framework/src/Illuminate/Pipeline/Pipeline.php(170): Illuminate\\Foundation\\Http\\Kernel->Illuminate\\Foundation\\Http\\{closure}()
#32 /var/www/norloxsolutionscrm.com/wowcrm/vendor/laravel/framework/src/Illuminate/Foundation/Http/Middleware/TransformsRequest.php(21): Illuminate\\Pipeline\\Pipeline->Illuminate\\Pipeline\\{closure}()
#33 /var/www/norloxsolutionscrm.com/wowcrm/vendor/laravel/framework/src/Illuminate/Foundation/Http/Middleware/ConvertEmptyStringsToNull.php(31): Illuminate\\Foundation\\Http\\Middleware\\TransformsRequest->handle()
#34 /var/www/norloxsolutionscrm.com/wowcrm/vendor/laravel/framework/src/Illuminate/Pipeline/Pipeline.php(209): Illuminate\\Foundation\\Http\\Middleware\\ConvertEmptyStringsToNull->handle()
#35 /var/www/norloxsolutionscrm.com/wowcrm/vendor/laravel/framework/src/Illuminate/Foundation/Http/Middleware/TransformsRequest.php(21): Illuminate\\Pipeline\\Pipeline->Illuminate\\Pipeline\\{closure}()
#36 /var/www/norloxsolutionscrm.com/wowcrm/vendor/laravel/framework/src/Illuminate/Foundation/Http/Middleware/TrimStrings.php(51): Illuminate\\Foundation\\Http\\Middleware\\TransformsRequest->handle()
#37 /var/www/norloxsolutionscrm.com/wowcrm/vendor/laravel/framework/src/Illuminate/Pipeline/Pipeline.php(209): Illuminate\\Foundation\\Http\\Middleware\\TrimStrings->handle()
#38 /var/www/norloxsolutionscrm.com/wowcrm/vendor/laravel/framework/src/Illuminate/Http/Middleware/ValidatePostSize.php(27): Illuminate\\Pipeline\\Pipeline->Illuminate\\Pipeline\\{closure}()
#39 /var/www/norloxsolutionscrm.com/wowcrm/vendor/laravel/framework/src/Illuminate/Pipeline/Pipeline.php(209): Illuminate\\Http\\Middleware\\ValidatePostSize->handle()
#40 /var/www/norloxsolutionscrm.com/wowcrm/vendor/laravel/framework/src/Illuminate/Foundation/Http/Middleware/PreventRequestsDuringMaintenance.php(110): Illuminate\\Pipeline\\Pipeline->Illuminate\\Pipeline\\{closure}()
#41 /var/www/norloxsolutionscrm.com/wowcrm/vendor/laravel/framework/src/Illuminate/Pipeline/Pipeline.php(209): Illuminate\\Foundation\\Http\\Middleware\\PreventRequestsDuringMaintenance->handle()
#42 /var/www/norloxsolutionscrm.com/wowcrm/vendor/laravel/framework/src/Illuminate/Http/Middleware/HandleCors.php(49): Illuminate\\Pipeline\\Pipeline->Illuminate\\Pipeline\\{closure}()
#43 /var/www/norloxsolutionscrm.com/wowcrm/vendor/laravel/framework/src/Illuminate/Pipeline/Pipeline.php(209): Illuminate\\Http\\Middleware\\HandleCors->handle()
#44 /var/www/norloxsolutionscrm.com/wowcrm/vendor/laravel/framework/src/Illuminate/Http/Middleware/TrustProxies.php(58): Illuminate\\Pipeline\\Pipeline->Illuminate\\Pipeline\\{closure}()
#45 /var/www/norloxsolutionscrm.com/wowcrm/vendor/laravel/framework/src/Illuminate/Pipeline/Pipeline.php(209): Illuminate\\Http\\Middleware\\TrustProxies->handle()
#46 /var/www/norloxsolutionscrm.com/wowcrm/vendor/laravel/framework/src/Illuminate/Foundation/Http/Middleware/InvokeDeferredCallbacks.php(22): Illuminate\\Pipeline\\Pipeline->Illuminate\\Pipeline\\{closure}()
#47 /var/www/norloxsolutionscrm.com/wowcrm/vendor/laravel/framework/src/Illuminate/Pipeline/Pipeline.php(209): Illuminate\\Foundation\\Http\\Middleware\\InvokeDeferredCallbacks->handle()
#48 /var/www/norloxsolutionscrm.com/wowcrm/vendor/laravel/framework/src/Illuminate/Pipeline/Pipeline.php(127): Illuminate\\Pipeline\\Pipeline->Illuminate\\Pipeline\\{closure}()
#49 /var/www/norloxsolutionscrm.com/wowcrm/vendor/laravel/framework/src/Illuminate/Foundation/Http/Kernel.php(176): Illuminate\\Pipeline\\Pipeline->then()
#50 /var/www/norloxsolutionscrm.com/wowcrm/vendor/laravel/framework/src/Illuminate/Foundation/Http/Kernel.php(145): Illuminate\\Foundation\\Http\\Kernel->sendRequestThroughRouter()
#51 /var/www/norloxsolutionscrm.com/wowcrm/vendor/laravel/framework/src/Illuminate/Foundation/Application.php(1220): Illuminate\\Foundation\\Http\\Kernel->handle()
#52 /var/www/norloxsolutionscrm.com/wowcrm/index.php(17): Illuminate\\Foundation\\Application->handleRequest()
#53 {main}
"} 
[2026-02-02 16:56:02] local.ERROR: Class "ZipArchive" not found {"userId":79,"exception":"[object] (Error(code: 0): Class \"ZipArchive\" not found at /var/www/norloxsolutionscrm.com/wowcrm/vendor/phpoffice/phpword/src/PhpWord/Shared/XMLReader.php:64)
[stacktrace]
#0 /var/www/norloxsolutionscrm.com/wowcrm/vendor/phpoffice/phpword/src/PhpWord/Reader/Word2007.php(169): PhpOffice\\PhpWord\\Shared\\XMLReader->getDomFromZip()
#1 /var/www/norloxsolutionscrm.com/wowcrm/vendor/phpoffice/phpword/src/PhpWord/Reader/Word2007.php(133): PhpOffice\\PhpWord\\Reader\\Word2007->getRels()
#2 /var/www/norloxsolutionscrm.com/wowcrm/vendor/phpoffice/phpword/src/PhpWord/Reader/Word2007.php(48): PhpOffice\\PhpWord\\Reader\\Word2007->readRelationships()
#3 /var/www/norloxsolutionscrm.com/wowcrm/vendor/phpoffice/phpword/src/PhpWord/IOFactory.php(92): PhpOffice\\PhpWord\\Reader\\Word2007->load()
#4 /var/www/norloxsolutionscrm.com/wowcrm/app/Http/Controllers/GoogleSheetController.php(7226): PhpOffice\\PhpWord\\IOFactory::load()
#5 /var/www/norloxsolutionscrm.com/wowcrm/vendor/laravel/framework/src/Illuminate/Routing/ControllerDispatcher.php(47): App\\Http\\Controllers\\GoogleSheetController->viewJuniorResume()
#6 /var/www/norloxsolutionscrm.com/wowcrm/vendor/laravel/framework/src/Illuminate/Routing/Route.php(266): Illuminate\\Routing\\ControllerDispatcher->dispatch()
#7 /var/www/norloxsolutionscrm.com/wowcrm/vendor/laravel/framework/src/Illuminate/Routing/Route.php(212): Illuminate\\Routing\\Route->runController()
#8 /var/www/norloxsolutionscrm.com/wowcrm/vendor/laravel/framework/src/Illuminate/Routing/Router.php(808): Illuminate\\Routing\\Route->run()
#9 /var/www/norloxsolutionscrm.com/wowcrm/vendor/laravel/framework/src/Illuminate/Pipeline/Pipeline.php(170): Illuminate\\Routing\\Router->Illuminate\\Routing\\{closure}()
#10 /var/www/norloxsolutionscrm.com/wowcrm/vendor/laravel/framework/src/Illuminate/Routing/Middleware/SubstituteBindings.php(51): Illuminate\\Pipeline\\Pipeline->Illuminate\\Pipeline\\{closure}()
#11 /var/www/norloxsolutionscrm.com/wowcrm/vendor/laravel/framework/src/Illuminate/Pipeline/Pipeline.php(209): Illuminate\\Routing\\Middleware\\SubstituteBindings->handle()
#12 /var/www/norloxsolutionscrm.com/wowcrm/vendor/laravel/framework/src/Illuminate/Auth/Middleware/Authenticate.php(64): Illuminate\\Pipeline\\Pipeline->Illuminate\\Pipeline\\{closure}()
#13 /var/www/norloxsolutionscrm.com/wowcrm/vendor/laravel/framework/src/Illuminate/Pipeline/Pipeline.php(209): Illuminate\\Auth\\Middleware\\Authenticate->handle()
#14 /var/www/norloxsolutionscrm.com/wowcrm/vendor/laravel/framework/src/Illuminate/Foundation/Http/Middleware/VerifyCsrfToken.php(88): Illuminate\\Pipeline\\Pipeline->Illuminate\\Pipeline\\{closure}()
#15 /var/www/norloxsolutionscrm.com/wowcrm/vendor/laravel/framework/src/Illuminate/Pipeline/Pipeline.php(209): Illuminate\\Foundation\\Http\\Middleware\\VerifyCsrfToken->handle()
#16 /var/www/norloxsolutionscrm.com/wowcrm/vendor/laravel/framework/src/Illuminate/View/Middleware/ShareErrorsFromSession.php(49): Illuminate\\Pipeline\\Pipeline->Illuminate\\Pipeline\\{closure}()
#17 /var/www/norloxsolutionscrm.com/wowcrm/vendor/laravel/framework/src/Illuminate/Pipeline/Pipeline.php(209): Illuminate\\View\\Middleware\\ShareErrorsFromSession->handle()
#18 /var/www/norloxsolutionscrm.com/wowcrm/vendor/laravel/framework/src/Illuminate/Session/Middleware/StartSession.php(121): Illuminate\\Pipeline\\Pipeline->Illuminate\\Pipeline\\{closure}()
#19 /var/www/norloxsolutionscrm.com/wowcrm/vendor/laravel/framework/src/Illuminate/Session/Middleware/StartSession.php(64): Illuminate\\Session\\Middleware\\StartSession->handleStatefulRequest()
#20 /var/www/norloxsolutionscrm.com/wowcrm/vendor/laravel/framework/src/Illuminate/Pipeline/Pipeline.php(209): Illuminate\\Session\\Middleware\\StartSession->handle()
#21 /var/www/norloxsolutionscrm.com/wowcrm/vendor/laravel/framework/src/Illuminate/Cookie/Middleware/AddQueuedCookiesToResponse.php(37): Illuminate\\Pipeline\\Pipeline->Illuminate\\Pipeline\\{closure}()
#22 /var/www/norloxsolutionscrm.com/wowcrm/vendor/laravel/framework/src/Illuminate/Pipeline/Pipeline.php(209): Illuminate\\Cookie\\Middleware\\AddQueuedCookiesToResponse->handle()
#23 /var/www/norloxsolutionscrm.com/wowcrm/vendor/laravel/framework/src/Illuminate/Cookie/Middleware/EncryptCookies.php(75): Illuminate\\Pipeline\\Pipeline->Illuminate\\Pipeline\\{closure}()
#24 /var/www/norloxsolutionscrm.com/wowcrm/vendor/laravel/framework/src/Illuminate/Pipeline/Pipeline.php(209): Illuminate\\Cookie\\Middleware\\EncryptCookies->handle()
#25 /var/www/norloxsolutionscrm.com/wowcrm/vendor/laravel/framework/src/Illuminate/Pipeline/Pipeline.php(127): Illuminate\\Pipeline\\Pipeline->Illuminate\\Pipeline\\{closure}()
#26 /var/www/norloxsolutionscrm.com/wowcrm/vendor/laravel/framework/src/Illuminate/Routing/Router.php(807): Illuminate\\Pipeline\\Pipeline->then()
#27 /var/www/norloxsolutionscrm.com/wowcrm/vendor/laravel/framework/src/Illuminate/Routing/Router.php(786): Illuminate\\Routing\\Router->runRouteWithinStack()
#28 /var/www/norloxsolutionscrm.com/wowcrm/vendor/laravel/framework/src/Illuminate/Routing/Router.php(750): Illuminate\\Routing\\Router->runRoute()
#29 /var/www/norloxsolutionscrm.com/wowcrm/vendor/laravel/framework/src/Illuminate/Routing/Router.php(739): Illuminate\\Routing\\Router->dispatchToRoute()
#30 /var/www/norloxsolutionscrm.com/wowcrm/vendor/laravel/framework/src/Illuminate/Foundation/Http/Kernel.php(201): Illuminate\\Routing\\Router->dispatch()
#31 /var/www/norloxsolutionscrm.com/wowcrm/vendor/laravel/framework/src/Illuminate/Pipeline/Pipeline.php(170): Illuminate\\Foundation\\Http\\Kernel->Illuminate\\Foundation\\Http\\{closure}()
#32 /var/www/norloxsolutionscrm.com/wowcrm/vendor/laravel/framework/src/Illuminate/Foundation/Http/Middleware/TransformsRequest.php(21): Illuminate\\Pipeline\\Pipeline->Illuminate\\Pipeline\\{closure}()
#33 /var/www/norloxsolutionscrm.com/wowcrm/vendor/laravel/framework/src/Illuminate/Foundation/Http/Middleware/ConvertEmptyStringsToNull.php(31): Illuminate\\Foundation\\Http\\Middleware\\TransformsRequest->handle()
#34 /var/www/norloxsolutionscrm.com/wowcrm/vendor/laravel/framework/src/Illuminate/Pipeline/Pipeline.php(209): Illuminate\\Foundation\\Http\\Middleware\\ConvertEmptyStringsToNull->handle()
#35 /var/www/norloxsolutionscrm.com/wowcrm/vendor/laravel/framework/src/Illuminate/Foundation/Http/Middleware/TransformsRequest.php(21): Illuminate\\Pipeline\\Pipeline->Illuminate\\Pipeline\\{closure}()
#36 /var/www/norloxsolutionscrm.com/wowcrm/vendor/laravel/framework/src/Illuminate/Foundation/Http/Middleware/TrimStrings.php(51): Illuminate\\Foundation\\Http\\Middleware\\TransformsRequest->handle()
#37 /var/www/norloxsolutionscrm.com/wowcrm/vendor/laravel/framework/src/Illuminate/Pipeline/Pipeline.php(209): Illuminate\\Foundation\\Http\\Middleware\\TrimStrings->handle()
#38 /var/www/norloxsolutionscrm.com/wowcrm/vendor/laravel/framework/src/Illuminate/Http/Middleware/ValidatePostSize.php(27): Illuminate\\Pipeline\\Pipeline->Illuminate\\Pipeline\\{closure}()
#39 /var/www/norloxsolutionscrm.com/wowcrm/vendor/laravel/framework/src/Illuminate/Pipeline/Pipeline.php(209): Illuminate\\Http\\Middleware\\ValidatePostSize->handle()
#40 /var/www/norloxsolutionscrm.com/wowcrm/vendor/laravel/framework/src/Illuminate/Foundation/Http/Middleware/PreventRequestsDuringMaintenance.php(110): Illuminate\\Pipeline\\Pipeline->Illuminate\\Pipeline\\{closure}()
#41 /var/www/norloxsolutionscrm.com/wowcrm/vendor/laravel/framework/src/Illuminate/Pipeline/Pipeline.php(209): Illuminate\\Foundation\\Http\\Middleware\\PreventRequestsDuringMaintenance->handle()
#42 /var/www/norloxsolutionscrm.com/wowcrm/vendor/laravel/framework/src/Illuminate/Http/Middleware/HandleCors.php(49): Illuminate\\Pipeline\\Pipeline->Illuminate\\Pipeline\\{closure}()
#43 /var/www/norloxsolutionscrm.com/wowcrm/vendor/laravel/framework/src/Illuminate/Pipeline/Pipeline.php(209): Illuminate\\Http\\Middleware\\HandleCors->handle()
#44 /var/www/norloxsolutionscrm.com/wowcrm/vendor/laravel/framework/src/Illuminate/Http/Middleware/TrustProxies.php(58): Illuminate\\Pipeline\\Pipeline->Illuminate\\Pipeline\\{closure}()
#45 /var/www/norloxsolutionscrm.com/wowcrm/vendor/laravel/framework/src/Illuminate/Pipeline/Pipeline.php(209): Illuminate\\Http\\Middleware\\TrustProxies->handle()
#46 /var/www/norloxsolutionscrm.com/wowcrm/vendor/laravel/framework/src/Illuminate/Foundation/Http/Middleware/InvokeDeferredCallbacks.php(22): Illuminate\\Pipeline\\Pipeline->Illuminate\\Pipeline\\{closure}()
#47 /var/www/norloxsolutionscrm.com/wowcrm/vendor/laravel/framework/src/Illuminate/Pipeline/Pipeline.php(209): Illuminate\\Foundation\\Http\\Middleware\\InvokeDeferredCallbacks->handle()
#48 /var/www/norloxsolutionscrm.com/wowcrm/vendor/laravel/framework/src/Illuminate/Pipeline/Pipeline.php(127): Illuminate\\Pipeline\\Pipeline->Illuminate\\Pipeline\\{closure}()
#49 /var/www/norloxsolutionscrm.com/wowcrm/vendor/laravel/framework/src/Illuminate/Foundation/Http/Kernel.php(176): Illuminate\\Pipeline\\Pipeline->then()
#50 /var/www/norloxsolutionscrm.com/wowcrm/vendor/laravel/framework/src/Illuminate/Foundation/Http/Kernel.php(145): Illuminate\\Foundation\\Http\\Kernel->sendRequestThroughRouter()
#51 /var/www/norloxsolutionscrm.com/wowcrm/vendor/laravel/framework/src/Illuminate/Foundation/Application.php(1220): Illuminate\\Foundation\\Http\\Kernel->handle()
#52 /var/www/norloxsolutionscrm.com/wowcrm/index.php(17): Illuminate\\Foundation\\Application->handleRequest()
#53 {main}
"} 
[2026-02-02 16:56:07] local.ERROR: Class "ZipArchive" not found {"userId":79,"exception":"[object] (Error(code: 0): Class \"ZipArchive\" not found at /var/www/norloxsolutionscrm.com/wowcrm/vendor/phpoffice/phpword/src/PhpWord/Shared/XMLReader.php:64)
[stacktrace]
#0 /var/www/norloxsolutionscrm.com/wowcrm/vendor/phpoffice/phpword/src/PhpWord/Reader/Word2007.php(169): PhpOffice\\PhpWord\\Shared\\XMLReader->getDomFromZip()
#1 /var/www/norloxsolutionscrm.com/wowcrm/vendor/phpoffice/phpword/src/PhpWord/Reader/Word2007.php(133): PhpOffice\\PhpWord\\Reader\\Word2007->getRels()
#2 /var/www/norloxsolutionscrm.com/wowcrm/vendor/phpoffice/phpword/src/PhpWord/Reader/Word2007.php(48): PhpOffice\\PhpWord\\Reader\\Word2007->readRelationships()
#3 /var/www/norloxsolutionscrm.com/wowcrm/vendor/phpoffice/phpword/src/PhpWord/IOFactory.php(92): PhpOffice\\PhpWord\\Reader\\Word2007->load()
#4 /var/www/norloxsolutionscrm.com/wowcrm/app/Http/Controllers/GoogleSheetController.php(7226): PhpOffice\\PhpWord\\IOFactory::load()
#5 /var/www/norloxsolutionscrm.com/wowcrm/vendor/laravel/framework/src/Illuminate/Routing/ControllerDispatcher.php(47): App\\Http\\Controllers\\GoogleSheetController->viewJuniorResume()
#6 /var/www/norloxsolutionscrm.com/wowcrm/vendor/laravel/framework/src/Illuminate/Routing/Route.php(266): Illuminate\\Routing\\ControllerDispatcher->dispatch()
#7 /var/www/norloxsolutionscrm.com/wowcrm/vendor/laravel/framework/src/Illuminate/Routing/Route.php(212): Illuminate\\Routing\\Route->runController()
#8 /var/www/norloxsolutionscrm.com/wowcrm/vendor/laravel/framework/src/Illuminate/Routing/Router.php(808): Illuminate\\Routing\\Route->run()
#9 /var/www/norloxsolutionscrm.com/wowcrm/vendor/laravel/framework/src/Illuminate/Pipeline/Pipeline.php(170): Illuminate\\Routing\\Router->Illuminate\\Routing\\{closure}()
#10 /var/www/norloxsolutionscrm.com/wowcrm/vendor/laravel/framework/src/Illuminate/Routing/Middleware/SubstituteBindings.php(51): Illuminate\\Pipeline\\Pipeline->Illuminate\\Pipeline\\{closure}()
#11 /var/www/norloxsolutionscrm.com/wowcrm/vendor/laravel/framework/src/Illuminate/Pipeline/Pipeline.php(209): Illuminate\\Routing\\Middleware\\SubstituteBindings->handle()
#12 /var/www/norloxsolutionscrm.com/wowcrm/vendor/laravel/framework/src/Illuminate/Auth/Middleware/Authenticate.php(64): Illuminate\\Pipeline\\Pipeline->Illuminate\\Pipeline\\{closure}()
#13 /var/www/norloxsolutionscrm.com/wowcrm/vendor/laravel/framework/src/Illuminate/Pipeline/Pipeline.php(209): Illuminate\\Auth\\Middleware\\Authenticate->handle()
#14 /var/www/norloxsolutionscrm.com/wowcrm/vendor/laravel/framework/src/Illuminate/Foundation/Http/Middleware/VerifyCsrfToken.php(88): Illuminate\\Pipeline\\Pipeline->Illuminate\\Pipeline\\{closure}()
#15 /var/www/norloxsolutionscrm.com/wowcrm/vendor/laravel/framework/src/Illuminate/Pipeline/Pipeline.php(209): Illuminate\\Foundation\\Http\\Middleware\\VerifyCsrfToken->handle()
#16 /var/www/norloxsolutionscrm.com/wowcrm/vendor/laravel/framework/src/Illuminate/View/Middleware/ShareErrorsFromSession.php(49): Illuminate\\Pipeline\\Pipeline->Illuminate\\Pipeline\\{closure}()
#17 /var/www/norloxsolutionscrm.com/wowcrm/vendor/laravel/framework/src/Illuminate/Pipeline/Pipeline.php(209): Illuminate\\View\\Middleware\\ShareErrorsFromSession->handle()
#18 /var/www/norloxsolutionscrm.com/wowcrm/vendor/laravel/framework/src/Illuminate/Session/Middleware/StartSession.php(121): Illuminate\\Pipeline\\Pipeline->Illuminate\\Pipeline\\{closure}()
#19 /var/www/norloxsolutionscrm.com/wowcrm/vendor/laravel/framework/src/Illuminate/Session/Middleware/StartSession.php(64): Illuminate\\Session\\Middleware\\StartSession->handleStatefulRequest()
#20 /var/www/norloxsolutionscrm.com/wowcrm/vendor/laravel/framework/src/Illuminate/Pipeline/Pipeline.php(209): Illuminate\\Session\\Middleware\\StartSession->handle()
#21 /var/www/norloxsolutionscrm.com/wowcrm/vendor/laravel/framework/src/Illuminate/Cookie/Middleware/AddQueuedCookiesToResponse.php(37): Illuminate\\Pipeline\\Pipeline->Illuminate\\Pipeline\\{closure}()
#22 /var/www/norloxsolutionscrm.com/wowcrm/vendor/laravel/framework/src/Illuminate/Pipeline/Pipeline.php(209): Illuminate\\Cookie\\Middleware\\AddQueuedCookiesToResponse->handle()
#23 /var/www/norloxsolutionscrm.com/wowcrm/vendor/laravel/framework/src/Illuminate/Cookie/Middleware/EncryptCookies.php(75): Illuminate\\Pipeline\\Pipeline->Illuminate\\Pipeline\\{closure}()
#24 /var/www/norloxsolutionscrm.com/wowcrm/vendor/laravel/framework/src/Illuminate/Pipeline/Pipeline.php(209): Illuminate\\Cookie\\Middleware\\EncryptCookies->handle()
#25 /var/www/norloxsolutionscrm.com/wowcrm/vendor/laravel/framework/src/Illuminate/Pipeline/Pipeline.php(127): Illuminate\\Pipeline\\Pipeline->Illuminate\\Pipeline\\{closure}()
#26 /var/www/norloxsolutionscrm.com/wowcrm/vendor/laravel/framework/src/Illuminate/Routing/Router.php(807): Illuminate\\Pipeline\\Pipeline->then()
#27 /var/www/norloxsolutionscrm.com/wowcrm/vendor/laravel/framework/src/Illuminate/Routing/Router.php(786): Illuminate\\Routing\\Router->runRouteWithinStack()
#28 /var/www/norloxsolutionscrm.com/wowcrm/vendor/laravel/framework/src/Illuminate/Routing/Router.php(750): Illuminate\\Routing\\Router->runRoute()
#29 /var/www/norloxsolutionscrm.com/wowcrm/vendor/laravel/framework/src/Illuminate/Routing/Router.php(739): Illuminate\\Routing\\Router->dispatchToRoute()
#30 /var/www/norloxsolutionscrm.com/wowcrm/vendor/laravel/framework/src/Illuminate/Foundation/Http/Kernel.php(201): Illuminate\\Routing\\Router->dispatch()
#31 /var/www/norloxsolutionscrm.com/wowcrm/vendor/laravel/framework/src/Illuminate/Pipeline/Pipeline.php(170): Illuminate\\Foundation\\Http\\Kernel->Illuminate\\Foundation\\Http\\{closure}()
#32 /var/www/norloxsolutionscrm.com/wowcrm/vendor/laravel/framework/src/Illuminate/Foundation/Http/Middleware/TransformsRequest.php(21): Illuminate\\Pipeline\\Pipeline->Illuminate\\Pipeline\\{closure}()
#33 /var/www/norloxsolutionscrm.com/wowcrm/vendor/laravel/framework/src/Illuminate/Foundation/Http/Middleware/ConvertEmptyStringsToNull.php(31): Illuminate\\Foundation\\Http\\Middleware\\TransformsRequest->handle()
#34 /var/www/norloxsolutionscrm.com/wowcrm/vendor/laravel/framework/src/Illuminate/Pipeline/Pipeline.php(209): Illuminate\\Foundation\\Http\\Middleware\\ConvertEmptyStringsToNull->handle()
#35 /var/www/norloxsolutionscrm.com/wowcrm/vendor/laravel/framework/src/Illuminate/Foundation/Http/Middleware/TransformsRequest.php(21): Illuminate\\Pipeline\\Pipeline->Illuminate\\Pipeline\\{closure}()
#36 /var/www/norloxsolutionscrm.com/wowcrm/vendor/laravel/framework/src/Illuminate/Foundation/Http/Middleware/TrimStrings.php(51): Illuminate\\Foundation\\Http\\Middleware\\TransformsRequest->handle()
#37 /var/www/norloxsolutionscrm.com/wowcrm/vendor/laravel/framework/src/Illuminate/Pipeline/Pipeline.php(209): Illuminate\\Foundation\\Http\\Middleware\\TrimStrings->handle()
#38 /var/www/norloxsolutionscrm.com/wowcrm/vendor/laravel/framework/src/Illuminate/Http/Middleware/ValidatePostSize.php(27): Illuminate\\Pipeline\\Pipeline->Illuminate\\Pipeline\\{closure}()
#39 /var/www/norloxsolutionscrm.com/wowcrm/vendor/laravel/framework/src/Illuminate/Pipeline/Pipeline.php(209): Illuminate\\Http\\Middleware\\ValidatePostSize->handle()
#40 /var/www/norloxsolutionscrm.com/wowcrm/vendor/laravel/framework/src/Illuminate/Foundation/Http/Middleware/PreventRequestsDuringMaintenance.php(110): Illuminate\\Pipeline\\Pipeline->Illuminate\\Pipeline\\{closure}()
#41 /var/www/norloxsolutionscrm.com/wowcrm/vendor/laravel/framework/src/Illuminate/Pipeline/Pipeline.php(209): Illuminate\\Foundation\\Http\\Middleware\\PreventRequestsDuringMaintenance->handle()
#42 /var/www/norloxsolutionscrm.com/wowcrm/vendor/laravel/framework/src/Illuminate/Http/Middleware/HandleCors.php(49): Illuminate\\Pipeline\\Pipeline->Illuminate\\Pipeline\\{closure}()
#43 /var/www/norloxsolutionscrm.com/wowcrm/vendor/laravel/framework/src/Illuminate/Pipeline/Pipeline.php(209): Illuminate\\Http\\Middleware\\HandleCors->handle()
#44 /var/www/norloxsolutionscrm.com/wowcrm/vendor/laravel/framework/src/Illuminate/Http/Middleware/TrustProxies.php(58): Illuminate\\Pipeline\\Pipeline->Illuminate\\Pipeline\\{closure}()
#45 /var/www/norloxsolutionscrm.com/wowcrm/vendor/laravel/framework/src/Illuminate/Pipeline/Pipeline.php(209): Illuminate\\Http\\Middleware\\TrustProxies->handle()
#46 /var/www/norloxsolutionscrm.com/wowcrm/vendor/laravel/framework/src/Illuminate/Foundation/Http/Middleware/InvokeDeferredCallbacks.php(22): Illuminate\\Pipeline\\Pipeline->Illuminate\\Pipeline\\{closure}()
#47 /var/www/norloxsolutionscrm.com/wowcrm/vendor/laravel/framework/src/Illuminate/Pipeline/Pipeline.php(209): Illuminate\\Foundation\\Http\\Middleware\\InvokeDeferredCallbacks->handle()
#48 /var/www/norloxsolutionscrm.com/wowcrm/vendor/laravel/framework/src/Illuminate/Pipeline/Pipeline.php(127): Illuminate\\Pipeline\\Pipeline->Illuminate\\Pipeline\\{closure}()
#49 /var/www/norloxsolutionscrm.com/wowcrm/vendor/laravel/framework/src/Illuminate/Foundation/Http/Kernel.php(176): Illuminate\\Pipeline\\Pipeline->then()
#50 /var/www/norloxsolutionscrm.com/wowcrm/vendor/laravel/framework/src/Illuminate/Foundation/Http/Kernel.php(145): Illuminate\\Foundation\\Http\\Kernel->sendRequestThroughRouter()
#51 /var/www/norloxsolutionscrm.com/wowcrm/vendor/laravel/framework/src/Illuminate/Foundation/Application.php(1220): Illuminate\\Foundation\\Http\\Kernel->handle()
#52 /var/www/norloxsolutionscrm.com/wowcrm/index.php(17): Illuminate\\Foundation\\Application->handleRequest()
#53 {main}
"} 
[2026-02-02 16:57:16] local.ERROR: Class "ZipArchive" not found {"userId":79,"exception":"[object] (Error(code: 0): Class \"ZipArchive\" not found at /var/www/norloxsolutionscrm.com/wowcrm/vendor/phpoffice/phpword/src/PhpWord/Shared/XMLReader.php:64)
[stacktrace]
#0 /var/www/norloxsolutionscrm.com/wowcrm/vendor/phpoffice/phpword/src/PhpWord/Reader/Word2007.php(169): PhpOffice\\PhpWord\\Shared\\XMLReader->getDomFromZip()
#1 /var/www/norloxsolutionscrm.com/wowcrm/vendor/phpoffice/phpword/src/PhpWord/Reader/Word2007.php(133): PhpOffice\\PhpWord\\Reader\\Word2007->getRels()
#2 /var/www/norloxsolutionscrm.com/wowcrm/vendor/phpoffice/phpword/src/PhpWord/Reader/Word2007.php(48): PhpOffice\\PhpWord\\Reader\\Word2007->readRelationships()
#3 /var/www/norloxsolutionscrm.com/wowcrm/vendor/phpoffice/phpword/src/PhpWord/IOFactory.php(92): PhpOffice\\PhpWord\\Reader\\Word2007->load()
#4 /var/www/norloxsolutionscrm.com/wowcrm/app/Http/Controllers/GoogleSheetController.php(7226): PhpOffice\\PhpWord\\IOFactory::load()
#5 /var/www/norloxsolutionscrm.com/wowcrm/vendor/laravel/framework/src/Illuminate/Routing/ControllerDispatcher.php(47): App\\Http\\Controllers\\GoogleSheetController->viewJuniorResume()
#6 /var/www/norloxsolutionscrm.com/wowcrm/vendor/laravel/framework/src/Illuminate/Routing/Route.php(266): Illuminate\\Routing\\ControllerDispatcher->dispatch()
#7 /var/www/norloxsolutionscrm.com/wowcrm/vendor/laravel/framework/src/Illuminate/Routing/Route.php(212): Illuminate\\Routing\\Route->runController()
#8 /var/www/norloxsolutionscrm.com/wowcrm/vendor/laravel/framework/src/Illuminate/Routing/Router.php(808): Illuminate\\Routing\\Route->run()
#9 /var/www/norloxsolutionscrm.com/wowcrm/vendor/laravel/framework/src/Illuminate/Pipeline/Pipeline.php(170): Illuminate\\Routing\\Router->Illuminate\\Routing\\{closure}()
#10 /var/www/norloxsolutionscrm.com/wowcrm/vendor/laravel/framework/src/Illuminate/Routing/Middleware/SubstituteBindings.php(51): Illuminate\\Pipeline\\Pipeline->Illuminate\\Pipeline\\{closure}()
#11 /var/www/norloxsolutionscrm.com/wowcrm/vendor/laravel/framework/src/Illuminate/Pipeline/Pipeline.php(209): Illuminate\\Routing\\Middleware\\SubstituteBindings->handle()
#12 /var/www/norloxsolutionscrm.com/wowcrm/vendor/laravel/framework/src/Illuminate/Auth/Middleware/Authenticate.php(64): Illuminate\\Pipeline\\Pipeline->Illuminate\\Pipeline\\{closure}()
#13 /var/www/norloxsolutionscrm.com/wowcrm/vendor/laravel/framework/src/Illuminate/Pipeline/Pipeline.php(209): Illuminate\\Auth\\Middleware\\Authenticate->handle()
#14 /var/www/norloxsolutionscrm.com/wowcrm/vendor/laravel/framework/src/Illuminate/Foundation/Http/Middleware/VerifyCsrfToken.php(88): Illuminate\\Pipeline\\Pipeline->Illuminate\\Pipeline\\{closure}()
#15 /var/www/norloxsolutionscrm.com/wowcrm/vendor/laravel/framework/src/Illuminate/Pipeline/Pipeline.php(209): Illuminate\\Foundation\\Http\\Middleware\\VerifyCsrfToken->handle()
#16 /var/www/norloxsolutionscrm.com/wowcrm/vendor/laravel/framework/src/Illuminate/View/Middleware/ShareErrorsFromSession.php(49): Illuminate\\Pipeline\\Pipeline->Illuminate\\Pipeline\\{closure}()
#17 /var/www/norloxsolutionscrm.com/wowcrm/vendor/laravel/framework/src/Illuminate/Pipeline/Pipeline.php(209): Illuminate\\View\\Middleware\\ShareErrorsFromSession->handle()
#18 /var/www/norloxsolutionscrm.com/wowcrm/vendor/laravel/framework/src/Illuminate/Session/Middleware/StartSession.php(121): Illuminate\\Pipeline\\Pipeline->Illuminate\\Pipeline\\{closure}()
#19 /var/www/norloxsolutionscrm.com/wowcrm/vendor/laravel/framework/src/Illuminate/Session/Middleware/StartSession.php(64): Illuminate\\Session\\Middleware\\StartSession->handleStatefulRequest()
#20 /var/www/norloxsolutionscrm.com/wowcrm/vendor/laravel/framework/src/Illuminate/Pipeline/Pipeline.php(209): Illuminate\\Session\\Middleware\\StartSession->handle()
#21 /var/www/norloxsolutionscrm.com/wowcrm/vendor/laravel/framework/src/Illuminate/Cookie/Middleware/AddQueuedCookiesToResponse.php(37): Illuminate\\Pipeline\\Pipeline->Illuminate\\Pipeline\\{closure}()
#22 /var/www/norloxsolutionscrm.com/wowcrm/vendor/laravel/framework/src/Illuminate/Pipeline/Pipeline.php(209): Illuminate\\Cookie\\Middleware\\AddQueuedCookiesToResponse->handle()
#23 /var/www/norloxsolutionscrm.com/wowcrm/vendor/laravel/framework/src/Illuminate/Cookie/Middleware/EncryptCookies.php(75): Illuminate\\Pipeline\\Pipeline->Illuminate\\Pipeline\\{closure}()
#24 /var/www/norloxsolutionscrm.com/wowcrm/vendor/laravel/framework/src/Illuminate/Pipeline/Pipeline.php(209): Illuminate\\Cookie\\Middleware\\EncryptCookies->handle()
#25 /var/www/norloxsolutionscrm.com/wowcrm/vendor/laravel/framework/src/Illuminate/Pipeline/Pipeline.php(127): Illuminate\\Pipeline\\Pipeline->Illuminate\\Pipeline\\{closure}()
#26 /var/www/norloxsolutionscrm.com/wowcrm/vendor/laravel/framework/src/Illuminate/Routing/Router.php(807): Illuminate\\Pipeline\\Pipeline->then()
#27 /var/www/norloxsolutionscrm.com/wowcrm/vendor/laravel/framework/src/Illuminate/Routing/Router.php(786): Illuminate\\Routing\\Router->runRouteWithinStack()
#28 /var/www/norloxsolutionscrm.com/wowcrm/vendor/laravel/framework/src/Illuminate/Routing/Router.php(750): Illuminate\\Routing\\Router->runRoute()
#29 /var/www/norloxsolutionscrm.com/wowcrm/vendor/laravel/framework/src/Illuminate/Routing/Router.php(739): Illuminate\\Routing\\Router->dispatchToRoute()
#30 /var/www/norloxsolutionscrm.com/wowcrm/vendor/laravel/framework/src/Illuminate/Foundation/Http/Kernel.php(201): Illuminate\\Routing\\Router->dispatch()
#31 /var/www/norloxsolutionscrm.com/wowcrm/vendor/laravel/framework/src/Illuminate/Pipeline/Pipeline.php(170): Illuminate\\Foundation\\Http\\Kernel->Illuminate\\Foundation\\Http\\{closure}()
#32 /var/www/norloxsolutionscrm.com/wowcrm/vendor/laravel/framework/src/Illuminate/Foundation/Http/Middleware/TransformsRequest.php(21): Illuminate\\Pipeline\\Pipeline->Illuminate\\Pipeline\\{closure}()
#33 /var/www/norloxsolutionscrm.com/wowcrm/vendor/laravel/framework/src/Illuminate/Foundation/Http/Middleware/ConvertEmptyStringsToNull.php(31): Illuminate\\Foundation\\Http\\Middleware\\TransformsRequest->handle()
#34 /var/www/norloxsolutionscrm.com/wowcrm/vendor/laravel/framework/src/Illuminate/Pipeline/Pipeline.php(209): Illuminate\\Foundation\\Http\\Middleware\\ConvertEmptyStringsToNull->handle()
#35 /var/www/norloxsolutionscrm.com/wowcrm/vendor/laravel/framework/src/Illuminate/Foundation/Http/Middleware/TransformsRequest.php(21): Illuminate\\Pipeline\\Pipeline->Illuminate\\Pipeline\\{closure}()
#36 /var/www/norloxsolutionscrm.com/wowcrm/vendor/laravel/framework/src/Illuminate/Foundation/Http/Middleware/TrimStrings.php(51): Illuminate\\Foundation\\Http\\Middleware\\TransformsRequest->handle()
#37 /var/www/norloxsolutionscrm.com/wowcrm/vendor/laravel/framework/src/Illuminate/Pipeline/Pipeline.php(209): Illuminate\\Foundation\\Http\\Middleware\\TrimStrings->handle()
#38 /var/www/norloxsolutionscrm.com/wowcrm/vendor/laravel/framework/src/Illuminate/Http/Middleware/ValidatePostSize.php(27): Illuminate\\Pipeline\\Pipeline->Illuminate\\Pipeline\\{closure}()
#39 /var/www/norloxsolutionscrm.com/wowcrm/vendor/laravel/framework/src/Illuminate/Pipeline/Pipeline.php(209): Illuminate\\Http\\Middleware\\ValidatePostSize->handle()
#40 /var/www/norloxsolutionscrm.com/wowcrm/vendor/laravel/framework/src/Illuminate/Foundation/Http/Middleware/PreventRequestsDuringMaintenance.php(110): Illuminate\\Pipeline\\Pipeline->Illuminate\\Pipeline\\{closure}()
#41 /var/www/norloxsolutionscrm.com/wowcrm/vendor/laravel/framework/src/Illuminate/Pipeline/Pipeline.php(209): Illuminate\\Foundation\\Http\\Middleware\\PreventRequestsDuringMaintenance->handle()
#42 /var/www/norloxsolutionscrm.com/wowcrm/vendor/laravel/framework/src/Illuminate/Http/Middleware/HandleCors.php(49): Illuminate\\Pipeline\\Pipeline->Illuminate\\Pipeline\\{closure}()
#43 /var/www/norloxsolutionscrm.com/wowcrm/vendor/laravel/framework/src/Illuminate/Pipeline/Pipeline.php(209): Illuminate\\Http\\Middleware\\HandleCors->handle()
#44 /var/www/norloxsolutionscrm.com/wowcrm/vendor/laravel/framework/src/Illuminate/Http/Middleware/TrustProxies.php(58): Illuminate\\Pipeline\\Pipeline->Illuminate\\Pipeline\\{closure}()
#45 /var/www/norloxsolutionscrm.com/wowcrm/vendor/laravel/framework/src/Illuminate/Pipeline/Pipeline.php(209): Illuminate\\Http\\Middleware\\TrustProxies->handle()
#46 /var/www/norloxsolutionscrm.com/wowcrm/vendor/laravel/framework/src/Illuminate/Foundation/Http/Middleware/InvokeDeferredCallbacks.php(22): Illuminate\\Pipeline\\Pipeline->Illuminate\\Pipeline\\{closure}()
#47 /var/www/norloxsolutionscrm.com/wowcrm/vendor/laravel/framework/src/Illuminate/Pipeline/Pipeline.php(209): Illuminate\\Foundation\\Http\\Middleware\\InvokeDeferredCallbacks->handle()
#48 /var/www/norloxsolutionscrm.com/wowcrm/vendor/laravel/framework/src/Illuminate/Pipeline/Pipeline.php(127): Illuminate\\Pipeline\\Pipeline->Illuminate\\Pipeline\\{closure}()
#49 /var/www/norloxsolutionscrm.com/wowcrm/vendor/laravel/framework/src/Illuminate/Foundation/Http/Kernel.php(176): Illuminate\\Pipeline\\Pipeline->then()
#50 /var/www/norloxsolutionscrm.com/wowcrm/vendor/laravel/framework/src/Illuminate/Foundation/Http/Kernel.php(145): Illuminate\\Foundation\\Http\\Kernel->sendRequestThroughRouter()
#51 /var/www/norloxsolutionscrm.com/wowcrm/vendor/laravel/framework/src/Illuminate/Foundation/Application.php(1220): Illuminate\\Foundation\\Http\\Kernel->handle()
#52 /var/www/norloxsolutionscrm.com/wowcrm/index.php(17): Illuminate\\Foundation\\Application->handleRequest()
#53 {main}
"} 
[2026-02-02 17:00:30] local.ERROR: Class "ZipArchive" not found {"userId":32,"exception":"[object] (Error(code: 0): Class \"ZipArchive\" not found at /var/www/norloxsolutionscrm.com/wowcrm/vendor/phpoffice/phpword/src/PhpWord/Shared/XMLReader.php:64)
[stacktrace]
#0 /var/www/norloxsolutionscrm.com/wowcrm/vendor/phpoffice/phpword/src/PhpWord/Reader/Word2007.php(169): PhpOffice\\PhpWord\\Shared\\XMLReader->getDomFromZip()
#1 /var/www/norloxsolutionscrm.com/wowcrm/vendor/phpoffice/phpword/src/PhpWord/Reader/Word2007.php(133): PhpOffice\\PhpWord\\Reader\\Word2007->getRels()
#2 /var/www/norloxsolutionscrm.com/wowcrm/vendor/phpoffice/phpword/src/PhpWord/Reader/Word2007.php(48): PhpOffice\\PhpWord\\Reader\\Word2007->readRelationships()
#3 /var/www/norloxsolutionscrm.com/wowcrm/vendor/phpoffice/phpword/src/PhpWord/IOFactory.php(92): PhpOffice\\PhpWord\\Reader\\Word2007->load()
#4 /var/www/norloxsolutionscrm.com/wowcrm/app/Http/Controllers/GoogleSheetController.php(7226): PhpOffice\\PhpWord\\IOFactory::load()
#5 /var/www/norloxsolutionscrm.com/wowcrm/vendor/laravel/framework/src/Illuminate/Routing/ControllerDispatcher.php(47): App\\Http\\Controllers\\GoogleSheetController->viewJuniorResume()
#6 /var/www/norloxsolutionscrm.com/wowcrm/vendor/laravel/framework/src/Illuminate/Routing/Route.php(266): Illuminate\\Routing\\ControllerDispatcher->dispatch()
#7 /var/www/norloxsolutionscrm.com/wowcrm/vendor/laravel/framework/src/Illuminate/Routing/Route.php(212): Illuminate\\Routing\\Route->runController()
#8 /var/www/norloxsolutionscrm.com/wowcrm/vendor/laravel/framework/src/Illuminate/Routing/Router.php(808): Illuminate\\Routing\\Route->run()
#9 /var/www/norloxsolutionscrm.com/wowcrm/vendor/laravel/framework/src/Illuminate/Pipeline/Pipeline.php(170): Illuminate\\Routing\\Router->Illuminate\\Routing\\{closure}()
#10 /var/www/norloxsolutionscrm.com/wowcrm/vendor/laravel/framework/src/Illuminate/Routing/Middleware/SubstituteBindings.php(51): Illuminate\\Pipeline\\Pipeline->Illuminate\\Pipeline\\{closure}()
#11 /var/www/norloxsolutionscrm.com/wowcrm/vendor/laravel/framework/src/Illuminate/Pipeline/Pipeline.php(209): Illuminate\\Routing\\Middleware\\SubstituteBindings->handle()
#12 /var/www/norloxsolutionscrm.com/wowcrm/vendor/laravel/framework/src/Illuminate/Auth/Middleware/Authenticate.php(64): Illuminate\\Pipeline\\Pipeline->Illuminate\\Pipeline\\{closure}()
#13 /var/www/norloxsolutionscrm.com/wowcrm/vendor/laravel/framework/src/Illuminate/Pipeline/Pipeline.php(209): Illuminate\\Auth\\Middleware\\Authenticate->handle()
#14 /var/www/norloxsolutionscrm.com/wowcrm/vendor/laravel/framework/src/Illuminate/Foundation/Http/Middleware/VerifyCsrfToken.php(88): Illuminate\\Pipeline\\Pipeline->Illuminate\\Pipeline\\{closure}()
#15 /var/www/norloxsolutionscrm.com/wowcrm/vendor/laravel/framework/src/Illuminate/Pipeline/Pipeline.php(209): Illuminate\\Foundation\\Http\\Middleware\\VerifyCsrfToken->handle()
#16 /var/www/norloxsolutionscrm.com/wowcrm/vendor/laravel/framework/src/Illuminate/View/Middleware/ShareErrorsFromSession.php(49): Illuminate\\Pipeline\\Pipeline->Illuminate\\Pipeline\\{closure}()
#17 /var/www/norloxsolutionscrm.com/wowcrm/vendor/laravel/framework/src/Illuminate/Pipeline/Pipeline.php(209): Illuminate\\View\\Middleware\\ShareErrorsFromSession->handle()
#18 /var/www/norloxsolutionscrm.com/wowcrm/vendor/laravel/framework/src/Illuminate/Session/Middleware/StartSession.php(121): Illuminate\\Pipeline\\Pipeline->Illuminate\\Pipeline\\{closure}()
#19 /var/www/norloxsolutionscrm.com/wowcrm/vendor/laravel/framework/src/Illuminate/Session/Middleware/StartSession.php(64): Illuminate\\Session\\Middleware\\StartSession->handleStatefulRequest()
#20 /var/www/norloxsolutionscrm.com/wowcrm/vendor/laravel/framework/src/Illuminate/Pipeline/Pipeline.php(209): Illuminate\\Session\\Middleware\\StartSession->handle()
#21 /var/www/norloxsolutionscrm.com/wowcrm/vendor/laravel/framework/src/Illuminate/Cookie/Middleware/AddQueuedCookiesToResponse.php(37): Illuminate\\Pipeline\\Pipeline->Illuminate\\Pipeline\\{closure}()
#22 /var/www/norloxsolutionscrm.com/wowcrm/vendor/laravel/framework/src/Illuminate/Pipeline/Pipeline.php(209): Illuminate\\Cookie\\Middleware\\AddQueuedCookiesToResponse->handle()
#23 /var/www/norloxsolutionscrm.com/wowcrm/vendor/laravel/framework/src/Illuminate/Cookie/Middleware/EncryptCookies.php(75): Illuminate\\Pipeline\\Pipeline->Illuminate\\Pipeline\\{closure}()
#24 /var/www/norloxsolutionscrm.com/wowcrm/vendor/laravel/framework/src/Illuminate/Pipeline/Pipeline.php(209): Illuminate\\Cookie\\Middleware\\EncryptCookies->handle()
#25 /var/www/norloxsolutionscrm.com/wowcrm/vendor/laravel/framework/src/Illuminate/Pipeline/Pipeline.php(127): Illuminate\\Pipeline\\Pipeline->Illuminate\\Pipeline\\{closure}()
#26 /var/www/norloxsolutionscrm.com/wowcrm/vendor/laravel/framework/src/Illuminate/Routing/Router.php(807): Illuminate\\Pipeline\\Pipeline->then()
#27 /var/www/norloxsolutionscrm.com/wowcrm/vendor/laravel/framework/src/Illuminate/Routing/Router.php(786): Illuminate\\Routing\\Router->runRouteWithinStack()
#28 /var/www/norloxsolutionscrm.com/wowcrm/vendor/laravel/framework/src/Illuminate/Routing/Router.php(750): Illuminate\\Routing\\Router->runRoute()
#29 /var/www/norloxsolutionscrm.com/wowcrm/vendor/laravel/framework/src/Illuminate/Routing/Router.php(739): Illuminate\\Routing\\Router->dispatchToRoute()
#30 /var/www/norloxsolutionscrm.com/wowcrm/vendor/laravel/framework/src/Illuminate/Foundation/Http/Kernel.php(201): Illuminate\\Routing\\Router->dispatch()
#31 /var/www/norloxsolutionscrm.com/wowcrm/vendor/laravel/framework/src/Illuminate/Pipeline/Pipeline.php(170): Illuminate\\Foundation\\Http\\Kernel->Illuminate\\Foundation\\Http\\{closure}()
#32 /var/www/norloxsolutionscrm.com/wowcrm/vendor/laravel/framework/src/Illuminate/Foundation/Http/Middleware/TransformsRequest.php(21): Illuminate\\Pipeline\\Pipeline->Illuminate\\Pipeline\\{closure}()
#33 /var/www/norloxsolutionscrm.com/wowcrm/vendor/laravel/framework/src/Illuminate/Foundation/Http/Middleware/ConvertEmptyStringsToNull.php(31): Illuminate\\Foundation\\Http\\Middleware\\TransformsRequest->handle()
#34 /var/www/norloxsolutionscrm.com/wowcrm/vendor/laravel/framework/src/Illuminate/Pipeline/Pipeline.php(209): Illuminate\\Foundation\\Http\\Middleware\\ConvertEmptyStringsToNull->handle()
#35 /var/www/norloxsolutionscrm.com/wowcrm/vendor/laravel/framework/src/Illuminate/Foundation/Http/Middleware/TransformsRequest.php(21): Illuminate\\Pipeline\\Pipeline->Illuminate\\Pipeline\\{closure}()
#36 /var/www/norloxsolutionscrm.com/wowcrm/vendor/laravel/framework/src/Illuminate/Foundation/Http/Middleware/TrimStrings.php(51): Illuminate\\Foundation\\Http\\Middleware\\TransformsRequest->handle()
#37 /var/www/norloxsolutionscrm.com/wowcrm/vendor/laravel/framework/src/Illuminate/Pipeline/Pipeline.php(209): Illuminate\\Foundation\\Http\\Middleware\\TrimStrings->handle()
#38 /var/www/norloxsolutionscrm.com/wowcrm/vendor/laravel/framework/src/Illuminate/Http/Middleware/ValidatePostSize.php(27): Illuminate\\Pipeline\\Pipeline->Illuminate\\Pipeline\\{closure}()
#39 /var/www/norloxsolutionscrm.com/wowcrm/vendor/laravel/framework/src/Illuminate/Pipeline/Pipeline.php(209): Illuminate\\Http\\Middleware\\ValidatePostSize->handle()
#40 /var/www/norloxsolutionscrm.com/wowcrm/vendor/laravel/framework/src/Illuminate/Foundation/Http/Middleware/PreventRequestsDuringMaintenance.php(110): Illuminate\\Pipeline\\Pipeline->Illuminate\\Pipeline\\{closure}()
#41 /var/www/norloxsolutionscrm.com/wowcrm/vendor/laravel/framework/src/Illuminate/Pipeline/Pipeline.php(209): Illuminate\\Foundation\\Http\\Middleware\\PreventRequestsDuringMaintenance->handle()
#42 /var/www/norloxsolutionscrm.com/wowcrm/vendor/laravel/framework/src/Illuminate/Http/Middleware/HandleCors.php(49): Illuminate\\Pipeline\\Pipeline->Illuminate\\Pipeline\\{closure}()
#43 /var/www/norloxsolutionscrm.com/wowcrm/vendor/laravel/framework/src/Illuminate/Pipeline/Pipeline.php(209): Illuminate\\Http\\Middleware\\HandleCors->handle()
#44 /var/www/norloxsolutionscrm.com/wowcrm/vendor/laravel/framework/src/Illuminate/Http/Middleware/TrustProxies.php(58): Illuminate\\Pipeline\\Pipeline->Illuminate\\Pipeline\\{closure}()
#45 /var/www/norloxsolutionscrm.com/wowcrm/vendor/laravel/framework/src/Illuminate/Pipeline/Pipeline.php(209): Illuminate\\Http\\Middleware\\TrustProxies->handle()
#46 /var/www/norloxsolutionscrm.com/wowcrm/vendor/laravel/framework/src/Illuminate/Foundation/Http/Middleware/InvokeDeferredCallbacks.php(22): Illuminate\\Pipeline\\Pipeline->Illuminate\\Pipeline\\{closure}()
#47 /var/www/norloxsolutionscrm.com/wowcrm/vendor/laravel/framework/src/Illuminate/Pipeline/Pipeline.php(209): Illuminate\\Foundation\\Http\\Middleware\\InvokeDeferredCallbacks->handle()
#48 /var/www/norloxsolutionscrm.com/wowcrm/vendor/laravel/framework/src/Illuminate/Pipeline/Pipeline.php(127): Illuminate\\Pipeline\\Pipeline->Illuminate\\Pipeline\\{closure}()
#49 /var/www/norloxsolutionscrm.com/wowcrm/vendor/laravel/framework/src/Illuminate/Foundation/Http/Kernel.php(176): Illuminate\\Pipeline\\Pipeline->then()
#50 /var/www/norloxsolutionscrm.com/wowcrm/vendor/laravel/framework/src/Illuminate/Foundation/Http/Kernel.php(145): Illuminate\\Foundation\\Http\\Kernel->sendRequestThroughRouter()
#51 /var/www/norloxsolutionscrm.com/wowcrm/vendor/laravel/framework/src/Illuminate/Foundation/Application.php(1220): Illuminate\\Foundation\\Http\\Kernel->handle()
#52 /var/www/norloxsolutionscrm.com/wowcrm/index.php(17): Illuminate\\Foundation\\Application->handleRequest()
#53 {main}
"} 
[2026-02-02 17:08:30] local.ERROR: Class "DOMDocument" not found {"userId":32,"exception":"[object] (Error(code: 0): Class \"DOMDocument\" not found at /var/www/norloxsolutionscrm.com/wowcrm/vendor/phpoffice/phpword/src/PhpWord/Shared/XMLReader.php:96)
[stacktrace]
#0 /var/www/norloxsolutionscrm.com/wowcrm/vendor/phpoffice/phpword/src/PhpWord/Shared/XMLReader.php(81): PhpOffice\\PhpWord\\Shared\\XMLReader->getDomFromString()
#1 /var/www/norloxsolutionscrm.com/wowcrm/vendor/phpoffice/phpword/src/PhpWord/Reader/Word2007.php(169): PhpOffice\\PhpWord\\Shared\\XMLReader->getDomFromZip()
#2 /var/www/norloxsolutionscrm.com/wowcrm/vendor/phpoffice/phpword/src/PhpWord/Reader/Word2007.php(133): PhpOffice\\PhpWord\\Reader\\Word2007->getRels()
#3 /var/www/norloxsolutionscrm.com/wowcrm/vendor/phpoffice/phpword/src/PhpWord/Reader/Word2007.php(48): PhpOffice\\PhpWord\\Reader\\Word2007->readRelationships()
#4 /var/www/norloxsolutionscrm.com/wowcrm/vendor/phpoffice/phpword/src/PhpWord/IOFactory.php(92): PhpOffice\\PhpWord\\Reader\\Word2007->load()
#5 /var/www/norloxsolutionscrm.com/wowcrm/app/Http/Controllers/GoogleSheetController.php(7226): PhpOffice\\PhpWord\\IOFactory::load()
#6 /var/www/norloxsolutionscrm.com/wowcrm/vendor/laravel/framework/src/Illuminate/Routing/ControllerDispatcher.php(47): App\\Http\\Controllers\\GoogleSheetController->viewJuniorResume()
#7 /var/www/norloxsolutionscrm.com/wowcrm/vendor/laravel/framework/src/Illuminate/Routing/Route.php(266): Illuminate\\Routing\\ControllerDispatcher->dispatch()
#8 /var/www/norloxsolutionscrm.com/wowcrm/vendor/laravel/framework/src/Illuminate/Routing/Route.php(212): Illuminate\\Routing\\Route->runController()
#9 /var/www/norloxsolutionscrm.com/wowcrm/vendor/laravel/framework/src/Illuminate/Routing/Router.php(808): Illuminate\\Routing\\Route->run()
#10 /var/www/norloxsolutionscrm.com/wowcrm/vendor/laravel/framework/src/Illuminate/Pipeline/Pipeline.php(170): Illuminate\\Routing\\Router->Illuminate\\Routing\\{closure}()
#11 /var/www/norloxsolutionscrm.com/wowcrm/vendor/laravel/framework/src/Illuminate/Routing/Middleware/SubstituteBindings.php(51): Illuminate\\Pipeline\\Pipeline->Illuminate\\Pipeline\\{closure}()
#12 /var/www/norloxsolutionscrm.com/wowcrm/vendor/laravel/framework/src/Illuminate/Pipeline/Pipeline.php(209): Illuminate\\Routing\\Middleware\\SubstituteBindings->handle()
#13 /var/www/norloxsolutionscrm.com/wowcrm/vendor/laravel/framework/src/Illuminate/Auth/Middleware/Authenticate.php(64): Illuminate\\Pipeline\\Pipeline->Illuminate\\Pipeline\\{closure}()
#14 /var/www/norloxsolutionscrm.com/wowcrm/vendor/laravel/framework/src/Illuminate/Pipeline/Pipeline.php(209): Illuminate\\Auth\\Middleware\\Authenticate->handle()
#15 /var/www/norloxsolutionscrm.com/wowcrm/vendor/laravel/framework/src/Illuminate/Foundation/Http/Middleware/VerifyCsrfToken.php(88): Illuminate\\Pipeline\\Pipeline->Illuminate\\Pipeline\\{closure}()
#16 /var/www/norloxsolutionscrm.com/wowcrm/vendor/laravel/framework/src/Illuminate/Pipeline/Pipeline.php(209): Illuminate\\Foundation\\Http\\Middleware\\VerifyCsrfToken->handle()
#17 /var/www/norloxsolutionscrm.com/wowcrm/vendor/laravel/framework/src/Illuminate/View/Middleware/ShareErrorsFromSession.php(49): Illuminate\\Pipeline\\Pipeline->Illuminate\\Pipeline\\{closure}()
#18 /var/www/norloxsolutionscrm.com/wowcrm/vendor/laravel/framework/src/Illuminate/Pipeline/Pipeline.php(209): Illuminate\\View\\Middleware\\ShareErrorsFromSession->handle()
#19 /var/www/norloxsolutionscrm.com/wowcrm/vendor/laravel/framework/src/Illuminate/Session/Middleware/StartSession.php(121): Illuminate\\Pipeline\\Pipeline->Illuminate\\Pipeline\\{closure}()
#20 /var/www/norloxsolutionscrm.com/wowcrm/vendor/laravel/framework/src/Illuminate/Session/Middleware/StartSession.php(64): Illuminate\\Session\\Middleware\\StartSession->handleStatefulRequest()
#21 /var/www/norloxsolutionscrm.com/wowcrm/vendor/laravel/framework/src/Illuminate/Pipeline/Pipeline.php(209): Illuminate\\Session\\Middleware\\StartSession->handle()
#22 /var/www/norloxsolutionscrm.com/wowcrm/vendor/laravel/framework/src/Illuminate/Cookie/Middleware/AddQueuedCookiesToResponse.php(37): Illuminate\\Pipeline\\Pipeline->Illuminate\\Pipeline\\{closure}()
#23 /var/www/norloxsolutionscrm.com/wowcrm/vendor/laravel/framework/src/Illuminate/Pipeline/Pipeline.php(209): Illuminate\\Cookie\\Middleware\\AddQueuedCookiesToResponse->handle()
#24 /var/www/norloxsolutionscrm.com/wowcrm/vendor/laravel/framework/src/Illuminate/Cookie/Middleware/EncryptCookies.php(75): Illuminate\\Pipeline\\Pipeline->Illuminate\\Pipeline\\{closure}()
#25 /var/www/norloxsolutionscrm.com/wowcrm/vendor/laravel/framework/src/Illuminate/Pipeline/Pipeline.php(209): Illuminate\\Cookie\\Middleware\\EncryptCookies->handle()
#26 /var/www/norloxsolutionscrm.com/wowcrm/vendor/laravel/framework/src/Illuminate/Pipeline/Pipeline.php(127): Illuminate\\Pipeline\\Pipeline->Illuminate\\Pipeline\\{closure}()
#27 /var/www/norloxsolutionscrm.com/wowcrm/vendor/laravel/framework/src/Illuminate/Routing/Router.php(807): Illuminate\\Pipeline\\Pipeline->then()
#28 /var/www/norloxsolutionscrm.com/wowcrm/vendor/laravel/framework/src/Illuminate/Routing/Router.php(786): Illuminate\\Routing\\Router->runRouteWithinStack()
#29 /var/www/norloxsolutionscrm.com/wowcrm/vendor/laravel/framework/src/Illuminate/Routing/Router.php(750): Illuminate\\Routing\\Router->runRoute()
#30 /var/www/norloxsolutionscrm.com/wowcrm/vendor/laravel/framework/src/Illuminate/Routing/Router.php(739): Illuminate\\Routing\\Router->dispatchToRoute()
#31 /var/www/norloxsolutionscrm.com/wowcrm/vendor/laravel/framework/src/Illuminate/Foundation/Http/Kernel.php(201): Illuminate\\Routing\\Router->dispatch()
#32 /var/www/norloxsolutionscrm.com/wowcrm/vendor/laravel/framework/src/Illuminate/Pipeline/Pipeline.php(170): Illuminate\\Foundation\\Http\\Kernel->Illuminate\\Foundation\\Http\\{closure}()
#33 /var/www/norloxsolutionscrm.com/wowcrm/vendor/laravel/framework/src/Illuminate/Foundation/Http/Middleware/TransformsRequest.php(21): Illuminate\\Pipeline\\Pipeline->Illuminate\\Pipeline\\{closure}()
#34 /var/www/norloxsolutionscrm.com/wowcrm/vendor/laravel/framework/src/Illuminate/Foundation/Http/Middleware/ConvertEmptyStringsToNull.php(31): Illuminate\\Foundation\\Http\\Middleware\\TransformsRequest->handle()
#35 /var/www/norloxsolutionscrm.com/wowcrm/vendor/laravel/framework/src/Illuminate/Pipeline/Pipeline.php(209): Illuminate\\Foundation\\Http\\Middleware\\ConvertEmptyStringsToNull->handle()
#36 /var/www/norloxsolutionscrm.com/wowcrm/vendor/laravel/framework/src/Illuminate/Foundation/Http/Middleware/TransformsRequest.php(21): Illuminate\\Pipeline\\Pipeline->Illuminate\\Pipeline\\{closure}()
#37 /var/www/norloxsolutionscrm.com/wowcrm/vendor/laravel/framework/src/Illuminate/Foundation/Http/Middleware/TrimStrings.php(51): Illuminate\\Foundation\\Http\\Middleware\\TransformsRequest->handle()
#38 /var/www/norloxsolutionscrm.com/wowcrm/vendor/laravel/framework/src/Illuminate/Pipeline/Pipeline.php(209): Illuminate\\Foundation\\Http\\Middleware\\TrimStrings->handle()
#39 /var/www/norloxsolutionscrm.com/wowcrm/vendor/laravel/framework/src/Illuminate/Http/Middleware/ValidatePostSize.php(27): Illuminate\\Pipeline\\Pipeline->Illuminate\\Pipeline\\{closure}()
#40 /var/www/norloxsolutionscrm.com/wowcrm/vendor/laravel/framework/src/Illuminate/Pipeline/Pipeline.php(209): Illuminate\\Http\\Middleware\\ValidatePostSize->handle()
#41 /var/www/norloxsolutionscrm.com/wowcrm/vendor/laravel/framework/src/Illuminate/Foundation/Http/Middleware/PreventRequestsDuringMaintenance.php(110): Illuminate\\Pipeline\\Pipeline->Illuminate\\Pipeline\\{closure}()
#42 /var/www/norloxsolutionscrm.com/wowcrm/vendor/laravel/framework/src/Illuminate/Pipeline/Pipeline.php(209): Illuminate\\Foundation\\Http\\Middleware\\PreventRequestsDuringMaintenance->handle()
#43 /var/www/norloxsolutionscrm.com/wowcrm/vendor/laravel/framework/src/Illuminate/Http/Middleware/HandleCors.php(49): Illuminate\\Pipeline\\Pipeline->Illuminate\\Pipeline\\{closure}()
#44 /var/www/norloxsolutionscrm.com/wowcrm/vendor/laravel/framework/src/Illuminate/Pipeline/Pipeline.php(209): Illuminate\\Http\\Middleware\\HandleCors->handle()
#45 /var/www/norloxsolutionscrm.com/wowcrm/vendor/laravel/framework/src/Illuminate/Http/Middleware/TrustProxies.php(58): Illuminate\\Pipeline\\Pipeline->Illuminate\\Pipeline\\{closure}()
#46 /var/www/norloxsolutionscrm.com/wowcrm/vendor/laravel/framework/src/Illuminate/Pipeline/Pipeline.php(209): Illuminate\\Http\\Middleware\\TrustProxies->handle()
#47 /var/www/norloxsolutionscrm.com/wowcrm/vendor/laravel/framework/src/Illuminate/Foundation/Http/Middleware/InvokeDeferredCallbacks.php(22): Illuminate\\Pipeline\\Pipeline->Illuminate\\Pipeline\\{closure}()
#48 /var/www/norloxsolutionscrm.com/wowcrm/vendor/laravel/framework/src/Illuminate/Pipeline/Pipeline.php(209): Illuminate\\Foundation\\Http\\Middleware\\InvokeDeferredCallbacks->handle()
#49 /var/www/norloxsolutionscrm.com/wowcrm/vendor/laravel/framework/src/Illuminate/Pipeline/Pipeline.php(127): Illuminate\\Pipeline\\Pipeline->Illuminate\\Pipeline\\{closure}()
#50 /var/www/norloxsolutionscrm.com/wowcrm/vendor/laravel/framework/src/Illuminate/Foundation/Http/Kernel.php(176): Illuminate\\Pipeline\\Pipeline->then()
#51 /var/www/norloxsolutionscrm.com/wowcrm/vendor/laravel/framework/src/Illuminate/Foundation/Http/Kernel.php(145): Illuminate\\Foundation\\Http\\Kernel->sendRequestThroughRouter()
#52 /var/www/norloxsolutionscrm.com/wowcrm/vendor/laravel/framework/src/Illuminate/Foundation/Application.php(1220): Illuminate\\Foundation\\Http\\Kernel->handle()
#53 /var/www/norloxsolutionscrm.com/wowcrm/index.php(17): Illuminate\\Foundation\\Application->handleRequest()
#54 {main}
"} 
[2026-02-02 17:08:36] local.ERROR: Class "DOMDocument" not found {"userId":32,"exception":"[object] (Error(code: 0): Class \"DOMDocument\" not found at /var/www/norloxsolutionscrm.com/wowcrm/vendor/phpoffice/phpword/src/PhpWord/Shared/XMLReader.php:96)
[stacktrace]
#0 /var/www/norloxsolutionscrm.com/wowcrm/vendor/phpoffice/phpword/src/PhpWord/Shared/XMLReader.php(81): PhpOffice\\PhpWord\\Shared\\XMLReader->getDomFromString()
#1 /var/www/norloxsolutionscrm.com/wowcrm/vendor/phpoffice/phpword/src/PhpWord/Reader/Word2007.php(169): PhpOffice\\PhpWord\\Shared\\XMLReader->getDomFromZip()
#2 /var/www/norloxsolutionscrm.com/wowcrm/vendor/phpoffice/phpword/src/PhpWord/Reader/Word2007.php(133): PhpOffice\\PhpWord\\Reader\\Word2007->getRels()
#3 /var/www/norloxsolutionscrm.com/wowcrm/vendor/phpoffice/phpword/src/PhpWord/Reader/Word2007.php(48): PhpOffice\\PhpWord\\Reader\\Word2007->readRelationships()
#4 /var/www/norloxsolutionscrm.com/wowcrm/vendor/phpoffice/phpword/src/PhpWord/IOFactory.php(92): PhpOffice\\PhpWord\\Reader\\Word2007->load()
#5 /var/www/norloxsolutionscrm.com/wowcrm/app/Http/Controllers/GoogleSheetController.php(7226): PhpOffice\\PhpWord\\IOFactory::load()
#6 /var/www/norloxsolutionscrm.com/wowcrm/vendor/laravel/framework/src/Illuminate/Routing/ControllerDispatcher.php(47): App\\Http\\Controllers\\GoogleSheetController->viewJuniorResume()
#7 /var/www/norloxsolutionscrm.com/wowcrm/vendor/laravel/framework/src/Illuminate/Routing/Route.php(266): Illuminate\\Routing\\ControllerDispatcher->dispatch()
#8 /var/www/norloxsolutionscrm.com/wowcrm/vendor/laravel/framework/src/Illuminate/Routing/Route.php(212): Illuminate\\Routing\\Route->runController()
#9 /var/www/norloxsolutionscrm.com/wowcrm/vendor/laravel/framework/src/Illuminate/Routing/Router.php(808): Illuminate\\Routing\\Route->run()
#10 /var/www/norloxsolutionscrm.com/wowcrm/vendor/laravel/framework/src/Illuminate/Pipeline/Pipeline.php(170): Illuminate\\Routing\\Router->Illuminate\\Routing\\{closure}()
#11 /var/www/norloxsolutionscrm.com/wowcrm/vendor/laravel/framework/src/Illuminate/Routing/Middleware/SubstituteBindings.php(51): Illuminate\\Pipeline\\Pipeline->Illuminate\\Pipeline\\{closure}()
#12 /var/www/norloxsolutionscrm.com/wowcrm/vendor/laravel/framework/src/Illuminate/Pipeline/Pipeline.php(209): Illuminate\\Routing\\Middleware\\SubstituteBindings->handle()
#13 /var/www/norloxsolutionscrm.com/wowcrm/vendor/laravel/framework/src/Illuminate/Auth/Middleware/Authenticate.php(64): Illuminate\\Pipeline\\Pipeline->Illuminate\\Pipeline\\{closure}()
#14 /var/www/norloxsolutionscrm.com/wowcrm/vendor/laravel/framework/src/Illuminate/Pipeline/Pipeline.php(209): Illuminate\\Auth\\Middleware\\Authenticate->handle()
#15 /var/www/norloxsolutionscrm.com/wowcrm/vendor/laravel/framework/src/Illuminate/Foundation/Http/Middleware/VerifyCsrfToken.php(88): Illuminate\\Pipeline\\Pipeline->Illuminate\\Pipeline\\{closure}()
#16 /var/www/norloxsolutionscrm.com/wowcrm/vendor/laravel/framework/src/Illuminate/Pipeline/Pipeline.php(209): Illuminate\\Foundation\\Http\\Middleware\\VerifyCsrfToken->handle()
#17 /var/www/norloxsolutionscrm.com/wowcrm/vendor/laravel/framework/src/Illuminate/View/Middleware/ShareErrorsFromSession.php(49): Illuminate\\Pipeline\\Pipeline->Illuminate\\Pipeline\\{closure}()
#18 /var/www/norloxsolutionscrm.com/wowcrm/vendor/laravel/framework/src/Illuminate/Pipeline/Pipeline.php(209): Illuminate\\View\\Middleware\\ShareErrorsFromSession->handle()
#19 /var/www/norloxsolutionscrm.com/wowcrm/vendor/laravel/framework/src/Illuminate/Session/Middleware/StartSession.php(121): Illuminate\\Pipeline\\Pipeline->Illuminate\\Pipeline\\{closure}()
#20 /var/www/norloxsolutionscrm.com/wowcrm/vendor/laravel/framework/src/Illuminate/Session/Middleware/StartSession.php(64): Illuminate\\Session\\Middleware\\StartSession->handleStatefulRequest()
#21 /var/www/norloxsolutionscrm.com/wowcrm/vendor/laravel/framework/src/Illuminate/Pipeline/Pipeline.php(209): Illuminate\\Session\\Middleware\\StartSession->handle()
#22 /var/www/norloxsolutionscrm.com/wowcrm/vendor/laravel/framework/src/Illuminate/Cookie/Middleware/AddQueuedCookiesToResponse.php(37): Illuminate\\Pipeline\\Pipeline->Illuminate\\Pipeline\\{closure}()
#23 /var/www/norloxsolutionscrm.com/wowcrm/vendor/laravel/framework/src/Illuminate/Pipeline/Pipeline.php(209): Illuminate\\Cookie\\Middleware\\AddQueuedCookiesToResponse->handle()
#24 /var/www/norloxsolutionscrm.com/wowcrm/vendor/laravel/framework/src/Illuminate/Cookie/Middleware/EncryptCookies.php(75): Illuminate\\Pipeline\\Pipeline->Illuminate\\Pipeline\\{closure}()
#25 /var/www/norloxsolutionscrm.com/wowcrm/vendor/laravel/framework/src/Illuminate/Pipeline/Pipeline.php(209): Illuminate\\Cookie\\Middleware\\EncryptCookies->handle()
#26 /var/www/norloxsolutionscrm.com/wowcrm/vendor/laravel/framework/src/Illuminate/Pipeline/Pipeline.php(127): Illuminate\\Pipeline\\Pipeline->Illuminate\\Pipeline\\{closure}()
#27 /var/www/norloxsolutionscrm.com/wowcrm/vendor/laravel/framework/src/Illuminate/Routing/Router.php(807): Illuminate\\Pipeline\\Pipeline->then()
#28 /var/www/norloxsolutionscrm.com/wowcrm/vendor/laravel/framework/src/Illuminate/Routing/Router.php(786): Illuminate\\Routing\\Router->runRouteWithinStack()
#29 /var/www/norloxsolutionscrm.com/wowcrm/vendor/laravel/framework/src/Illuminate/Routing/Router.php(750): Illuminate\\Routing\\Router->runRoute()
#30 /var/www/norloxsolutionscrm.com/wowcrm/vendor/laravel/framework/src/Illuminate/Routing/Router.php(739): Illuminate\\Routing\\Router->dispatchToRoute()
#31 /var/www/norloxsolutionscrm.com/wowcrm/vendor/laravel/framework/src/Illuminate/Foundation/Http/Kernel.php(201): Illuminate\\Routing\\Router->dispatch()
#32 /var/www/norloxsolutionscrm.com/wowcrm/vendor/laravel/framework/src/Illuminate/Pipeline/Pipeline.php(170): Illuminate\\Foundation\\Http\\Kernel->Illuminate\\Foundation\\Http\\{closure}()
#33 /var/www/norloxsolutionscrm.com/wowcrm/vendor/laravel/framework/src/Illuminate/Foundation/Http/Middleware/TransformsRequest.php(21): Illuminate\\Pipeline\\Pipeline->Illuminate\\Pipeline\\{closure}()
#34 /var/www/norloxsolutionscrm.com/wowcrm/vendor/laravel/framework/src/Illuminate/Foundation/Http/Middleware/ConvertEmptyStringsToNull.php(31): Illuminate\\Foundation\\Http\\Middleware\\TransformsRequest->handle()
#35 /var/www/norloxsolutionscrm.com/wowcrm/vendor/laravel/framework/src/Illuminate/Pipeline/Pipeline.php(209): Illuminate\\Foundation\\Http\\Middleware\\ConvertEmptyStringsToNull->handle()
#36 /var/www/norloxsolutionscrm.com/wowcrm/vendor/laravel/framework/src/Illuminate/Foundation/Http/Middleware/TransformsRequest.php(21): Illuminate\\Pipeline\\Pipeline->Illuminate\\Pipeline\\{closure}()
#37 /var/www/norloxsolutionscrm.com/wowcrm/vendor/laravel/framework/src/Illuminate/Foundation/Http/Middleware/TrimStrings.php(51): Illuminate\\Foundation\\Http\\Middleware\\TransformsRequest->handle()
#38 /var/www/norloxsolutionscrm.com/wowcrm/vendor/laravel/framework/src/Illuminate/Pipeline/Pipeline.php(209): Illuminate\\Foundation\\Http\\Middleware\\TrimStrings->handle()
#39 /var/www/norloxsolutionscrm.com/wowcrm/vendor/laravel/framework/src/Illuminate/Http/Middleware/ValidatePostSize.php(27): Illuminate\\Pipeline\\Pipeline->Illuminate\\Pipeline\\{closure}()
#40 /var/www/norloxsolutionscrm.com/wowcrm/vendor/laravel/framework/src/Illuminate/Pipeline/Pipeline.php(209): Illuminate\\Http\\Middleware\\ValidatePostSize->handle()
#41 /var/www/norloxsolutionscrm.com/wowcrm/vendor/laravel/framework/src/Illuminate/Foundation/Http/Middleware/PreventRequestsDuringMaintenance.php(110): Illuminate\\Pipeline\\Pipeline->Illuminate\\Pipeline\\{closure}()
#42 /var/www/norloxsolutionscrm.com/wowcrm/vendor/laravel/framework/src/Illuminate/Pipeline/Pipeline.php(209): Illuminate\\Foundation\\Http\\Middleware\\PreventRequestsDuringMaintenance->handle()
#43 /var/www/norloxsolutionscrm.com/wowcrm/vendor/laravel/framework/src/Illuminate/Http/Middleware/HandleCors.php(49): Illuminate\\Pipeline\\Pipeline->Illuminate\\Pipeline\\{closure}()
#44 /var/www/norloxsolutionscrm.com/wowcrm/vendor/laravel/framework/src/Illuminate/Pipeline/Pipeline.php(209): Illuminate\\Http\\Middleware\\HandleCors->handle()
#45 /var/www/norloxsolutionscrm.com/wowcrm/vendor/laravel/framework/src/Illuminate/Http/Middleware/TrustProxies.php(58): Illuminate\\Pipeline\\Pipeline->Illuminate\\Pipeline\\{closure}()
#46 /var/www/norloxsolutionscrm.com/wowcrm/vendor/laravel/framework/src/Illuminate/Pipeline/Pipeline.php(209): Illuminate\\Http\\Middleware\\TrustProxies->handle()
#47 /var/www/norloxsolutionscrm.com/wowcrm/vendor/laravel/framework/src/Illuminate/Foundation/Http/Middleware/InvokeDeferredCallbacks.php(22): Illuminate\\Pipeline\\Pipeline->Illuminate\\Pipeline\\{closure}()
#48 /var/www/norloxsolutionscrm.com/wowcrm/vendor/laravel/framework/src/Illuminate/Pipeline/Pipeline.php(209): Illuminate\\Foundation\\Http\\Middleware\\InvokeDeferredCallbacks->handle()
#49 /var/www/norloxsolutionscrm.com/wowcrm/vendor/laravel/framework/src/Illuminate/Pipeline/Pipeline.php(127): Illuminate\\Pipeline\\Pipeline->Illuminate\\Pipeline\\{closure}()
#50 /var/www/norloxsolutionscrm.com/wowcrm/vendor/laravel/framework/src/Illuminate/Foundation/Http/Kernel.php(176): Illuminate\\Pipeline\\Pipeline->then()
#51 /var/www/norloxsolutionscrm.com/wowcrm/vendor/laravel/framework/src/Illuminate/Foundation/Http/Kernel.php(145): Illuminate\\Foundation\\Http\\Kernel->sendRequestThroughRouter()
#52 /var/www/norloxsolutionscrm.com/wowcrm/vendor/laravel/framework/src/Illuminate/Foundation/Application.php(1220): Illuminate\\Foundation\\Http\\Kernel->handle()
#53 /var/www/norloxsolutionscrm.com/wowcrm/index.php(17): Illuminate\\Foundation\\Application->handleRequest()
#54 {main}
"} 
[2026-02-04 11:09:51] local.ERROR: The PHP GD extension is required, but is not installed. {"userId":72,"exception":"[object] (Exception(code: 0): The PHP GD extension is required, but is not installed. at /var/www/norloxsolutionscrm.com/wowcrm/vendor/dompdf/dompdf/lib/Cpdf.php:6207)
[stacktrace]
#0 /var/www/norloxsolutionscrm.com/wowcrm/vendor/dompdf/dompdf/src/Adapter/CPDF.php(674): Dompdf\\Cpdf->addPngFromFile()
#1 /var/www/norloxsolutionscrm.com/wowcrm/vendor/dompdf/dompdf/src/Renderer/Image.php(63): Dompdf\\Adapter\\CPDF->image()
#2 /var/www/norloxsolutionscrm.com/wowcrm/vendor/dompdf/dompdf/src/Renderer.php(305): Dompdf\\Renderer\\Image->render()
#3 /var/www/norloxsolutionscrm.com/wowcrm/vendor/dompdf/dompdf/src/Renderer.php(140): Dompdf\\Renderer->_render_frame()
#4 /var/www/norloxsolutionscrm.com/wowcrm/vendor/dompdf/dompdf/src/Renderer.php(207): Dompdf\\Renderer->render()
#5 /var/www/norloxsolutionscrm.com/wowcrm/vendor/dompdf/dompdf/src/Renderer.php(207): Dompdf\\Renderer->render()
#6 /var/www/norloxsolutionscrm.com/wowcrm/vendor/dompdf/dompdf/src/Renderer.php(207): Dompdf\\Renderer->render()
#7 /var/www/norloxsolutionscrm.com/wowcrm/vendor/dompdf/dompdf/src/Renderer.php(207): Dompdf\\Renderer->render()
#8 /var/www/norloxsolutionscrm.com/wowcrm/vendor/dompdf/dompdf/src/Renderer.php(207): Dompdf\\Renderer->render()
#9 /var/www/norloxsolutionscrm.com/wowcrm/vendor/dompdf/dompdf/src/Renderer.php(207): Dompdf\\Renderer->render()
#10 /var/www/norloxsolutionscrm.com/wowcrm/vendor/dompdf/dompdf/src/Renderer.php(207): Dompdf\\Renderer->render()
#11 /var/www/norloxsolutionscrm.com/wowcrm/vendor/dompdf/dompdf/src/FrameReflower/Page.php(148): Dompdf\\Renderer->render()
#12 /var/www/norloxsolutionscrm.com/wowcrm/vendor/dompdf/dompdf/src/FrameDecorator/AbstractFrameDecorator.php(915): Dompdf\\FrameReflower\\Page->reflow()
#13 /var/www/norloxsolutionscrm.com/wowcrm/vendor/dompdf/dompdf/src/Dompdf.php(815): Dompdf\\FrameDecorator\\AbstractFrameDecorator->reflow()
#14 /var/www/norloxsolutionscrm.com/wowcrm/app/Http/Controllers/GoogleSheetController.php(7230): Dompdf\\Dompdf->render()
#15 /var/www/norloxsolutionscrm.com/wowcrm/vendor/laravel/framework/src/Illuminate/Routing/ControllerDispatcher.php(47): App\\Http\\Controllers\\GoogleSheetController->viewJuniorResume()
#16 /var/www/norloxsolutionscrm.com/wowcrm/vendor/laravel/framework/src/Illuminate/Routing/Route.php(266): Illuminate\\Routing\\ControllerDispatcher->dispatch()
#17 /var/www/norloxsolutionscrm.com/wowcrm/vendor/laravel/framework/src/Illuminate/Routing/Route.php(212): Illuminate\\Routing\\Route->runController()
#18 /var/www/norloxsolutionscrm.com/wowcrm/vendor/laravel/framework/src/Illuminate/Routing/Router.php(808): Illuminate\\Routing\\Route->run()
#19 /var/www/norloxsolutionscrm.com/wowcrm/vendor/laravel/framework/src/Illuminate/Pipeline/Pipeline.php(170): Illuminate\\Routing\\Router->Illuminate\\Routing\\{closure}()
#20 /var/www/norloxsolutionscrm.com/wowcrm/vendor/laravel/framework/src/Illuminate/Routing/Middleware/SubstituteBindings.php(51): Illuminate\\Pipeline\\Pipeline->Illuminate\\Pipeline\\{closure}()
#21 /var/www/norloxsolutionscrm.com/wowcrm/vendor/laravel/framework/src/Illuminate/Pipeline/Pipeline.php(209): Illuminate\\Routing\\Middleware\\SubstituteBindings->handle()
#22 /var/www/norloxsolutionscrm.com/wowcrm/vendor/laravel/framework/src/Illuminate/Auth/Middleware/Authenticate.php(64): Illuminate\\Pipeline\\Pipeline->Illuminate\\Pipeline\\{closure}()
#23 /var/www/norloxsolutionscrm.com/wowcrm/vendor/laravel/framework/src/Illuminate/Pipeline/Pipeline.php(209): Illuminate\\Auth\\Middleware\\Authenticate->handle()
#24 /var/www/norloxsolutionscrm.com/wowcrm/vendor/laravel/framework/src/Illuminate/Foundation/Http/Middleware/VerifyCsrfToken.php(88): Illuminate\\Pipeline\\Pipeline->Illuminate\\Pipeline\\{closure}()
#25 /var/www/norloxsolutionscrm.com/wowcrm/vendor/laravel/framework/src/Illuminate/Pipeline/Pipeline.php(209): Illuminate\\Foundation\\Http\\Middleware\\VerifyCsrfToken->handle()
#26 /var/www/norloxsolutionscrm.com/wowcrm/vendor/laravel/framework/src/Illuminate/View/Middleware/ShareErrorsFromSession.php(49): Illuminate\\Pipeline\\Pipeline->Illuminate\\Pipeline\\{closure}()
#27 /var/www/norloxsolutionscrm.com/wowcrm/vendor/laravel/framework/src/Illuminate/Pipeline/Pipeline.php(209): Illuminate\\View\\Middleware\\ShareErrorsFromSession->handle()
#28 /var/www/norloxsolutionscrm.com/wowcrm/vendor/laravel/framework/src/Illuminate/Session/Middleware/StartSession.php(121): Illuminate\\Pipeline\\Pipeline->Illuminate\\Pipeline\\{closure}()
#29 /var/www/norloxsolutionscrm.com/wowcrm/vendor/laravel/framework/src/Illuminate/Session/Middleware/StartSession.php(64): Illuminate\\Session\\Middleware\\StartSession->handleStatefulRequest()
#30 /var/www/norloxsolutionscrm.com/wowcrm/vendor/laravel/framework/src/Illuminate/Pipeline/Pipeline.php(209): Illuminate\\Session\\Middleware\\StartSession->handle()
#31 /var/www/norloxsolutionscrm.com/wowcrm/vendor/laravel/framework/src/Illuminate/Cookie/Middleware/AddQueuedCookiesToResponse.php(37): Illuminate\\Pipeline\\Pipeline->Illuminate\\Pipeline\\{closure}()
#32 /var/www/norloxsolutionscrm.com/wowcrm/vendor/laravel/framework/src/Illuminate/Pipeline/Pipeline.php(209): Illuminate\\Cookie\\Middleware\\AddQueuedCookiesToResponse->handle()
#33 /var/www/norloxsolutionscrm.com/wowcrm/vendor/laravel/framework/src/Illuminate/Cookie/Middleware/EncryptCookies.php(75): Illuminate\\Pipeline\\Pipeline->Illuminate\\Pipeline\\{closure}()
#34 /var/www/norloxsolutionscrm.com/wowcrm/vendor/laravel/framework/src/Illuminate/Pipeline/Pipeline.php(209): Illuminate\\Cookie\\Middleware\\EncryptCookies->handle()
#35 /var/www/norloxsolutionscrm.com/wowcrm/vendor/laravel/framework/src/Illuminate/Pipeline/Pipeline.php(127): Illuminate\\Pipeline\\Pipeline->Illuminate\\Pipeline\\{closure}()
#36 /var/www/norloxsolutionscrm.com/wowcrm/vendor/laravel/framework/src/Illuminate/Routing/Router.php(807): Illuminate\\Pipeline\\Pipeline->then()
#37 /var/www/norloxsolutionscrm.com/wowcrm/vendor/laravel/framework/src/Illuminate/Routing/Router.php(786): Illuminate\\Routing\\Router->runRouteWithinStack()
#38 /var/www/norloxsolutionscrm.com/wowcrm/vendor/laravel/framework/src/Illuminate/Routing/Router.php(750): Illuminate\\Routing\\Router->runRoute()
#39 /var/www/norloxsolutionscrm.com/wowcrm/vendor/laravel/framework/src/Illuminate/Routing/Router.php(739): Illuminate\\Routing\\Router->dispatchToRoute()
#40 /var/www/norloxsolutionscrm.com/wowcrm/vendor/laravel/framework/src/Illuminate/Foundation/Http/Kernel.php(201): Illuminate\\Routing\\Router->dispatch()
#41 /var/www/norloxsolutionscrm.com/wowcrm/vendor/laravel/framework/src/Illuminate/Pipeline/Pipeline.php(170): Illuminate\\Foundation\\Http\\Kernel->Illuminate\\Foundation\\Http\\{closure}()
#42 /var/www/norloxsolutionscrm.com/wowcrm/vendor/laravel/framework/src/Illuminate/Foundation/Http/Middleware/TransformsRequest.php(21): Illuminate\\Pipeline\\Pipeline->Illuminate\\Pipeline\\{closure}()
#43 /var/www/norloxsolutionscrm.com/wowcrm/vendor/laravel/framework/src/Illuminate/Foundation/Http/Middleware/ConvertEmptyStringsToNull.php(31): Illuminate\\Foundation\\Http\\Middleware\\TransformsRequest->handle()
#44 /var/www/norloxsolutionscrm.com/wowcrm/vendor/laravel/framework/src/Illuminate/Pipeline/Pipeline.php(209): Illuminate\\Foundation\\Http\\Middleware\\ConvertEmptyStringsToNull->handle()
#45 /var/www/norloxsolutionscrm.com/wowcrm/vendor/laravel/framework/src/Illuminate/Foundation/Http/Middleware/TransformsRequest.php(21): Illuminate\\Pipeline\\Pipeline->Illuminate\\Pipeline\\{closure}()
#46 /var/www/norloxsolutionscrm.com/wowcrm/vendor/laravel/framework/src/Illuminate/Foundation/Http/Middleware/TrimStrings.php(51): Illuminate\\Foundation\\Http\\Middleware\\TransformsRequest->handle()
#47 /var/www/norloxsolutionscrm.com/wowcrm/vendor/laravel/framework/src/Illuminate/Pipeline/Pipeline.php(209): Illuminate\\Foundation\\Http\\Middleware\\TrimStrings->handle()
#48 /var/www/norloxsolutionscrm.com/wowcrm/vendor/laravel/framework/src/Illuminate/Http/Middleware/ValidatePostSize.php(27): Illuminate\\Pipeline\\Pipeline->Illuminate\\Pipeline\\{closure}()
#49 /var/www/norloxsolutionscrm.com/wowcrm/vendor/laravel/framework/src/Illuminate/Pipeline/Pipeline.php(209): Illuminate\\Http\\Middleware\\ValidatePostSize->handle()
#50 /var/www/norloxsolutionscrm.com/wowcrm/vendor/laravel/framework/src/Illuminate/Foundation/Http/Middleware/PreventRequestsDuringMaintenance.php(110): Illuminate\\Pipeline\\Pipeline->Illuminate\\Pipeline\\{closure}()
#51 /var/www/norloxsolutionscrm.com/wowcrm/vendor/laravel/framework/src/Illuminate/Pipeline/Pipeline.php(209): Illuminate\\Foundation\\Http\\Middleware\\PreventRequestsDuringMaintenance->handle()
#52 /var/www/norloxsolutionscrm.com/wowcrm/vendor/laravel/framework/src/Illuminate/Http/Middleware/HandleCors.php(49): Illuminate\\Pipeline\\Pipeline->Illuminate\\Pipeline\\{closure}()
#53 /var/www/norloxsolutionscrm.com/wowcrm/vendor/laravel/framework/src/Illuminate/Pipeline/Pipeline.php(209): Illuminate\\Http\\Middleware\\HandleCors->handle()
#54 /var/www/norloxsolutionscrm.com/wowcrm/vendor/laravel/framework/src/Illuminate/Http/Middleware/TrustProxies.php(58): Illuminate\\Pipeline\\Pipeline->Illuminate\\Pipeline\\{closure}()
#55 /var/www/norloxsolutionscrm.com/wowcrm/vendor/laravel/framework/src/Illuminate/Pipeline/Pipeline.php(209): Illuminate\\Http\\Middleware\\TrustProxies->handle()
#56 /var/www/norloxsolutionscrm.com/wowcrm/vendor/laravel/framework/src/Illuminate/Foundation/Http/Middleware/InvokeDeferredCallbacks.php(22): Illuminate\\Pipeline\\Pipeline->Illuminate\\Pipeline\\{closure}()
#57 /var/www/norloxsolutionscrm.com/wowcrm/vendor/laravel/framework/src/Illuminate/Pipeline/Pipeline.php(209): Illuminate\\Foundation\\Http\\Middleware\\InvokeDeferredCallbacks->handle()
#58 /var/www/norloxsolutionscrm.com/wowcrm/vendor/laravel/framework/src/Illuminate/Pipeline/Pipeline.php(127): Illuminate\\Pipeline\\Pipeline->Illuminate\\Pipeline\\{closure}()
#59 /var/www/norloxsolutionscrm.com/wowcrm/vendor/laravel/framework/src/Illuminate/Foundation/Http/Kernel.php(176): Illuminate\\Pipeline\\Pipeline->then()
#60 /var/www/norloxsolutionscrm.com/wowcrm/vendor/laravel/framework/src/Illuminate/Foundation/Http/Kernel.php(145): Illuminate\\Foundation\\Http\\Kernel->sendRequestThroughRouter()
#61 /var/www/norloxsolutionscrm.com/wowcrm/vendor/laravel/framework/src/Illuminate/Foundation/Application.php(1220): Illuminate\\Foundation\\Http\\Kernel->handle()
#62 /var/www/norloxsolutionscrm.com/wowcrm/index.php(17): Illuminate\\Foundation\\Application->handleRequest()
#63 {main}
"} 
[2026-02-04 11:10:04] local.ERROR: The PHP GD extension is required, but is not installed. {"userId":72,"exception":"[object] (Exception(code: 0): The PHP GD extension is required, but is not installed. at /var/www/norloxsolutionscrm.com/wowcrm/vendor/dompdf/dompdf/lib/Cpdf.php:6207)
[stacktrace]
#0 /var/www/norloxsolutionscrm.com/wowcrm/vendor/dompdf/dompdf/src/Adapter/CPDF.php(674): Dompdf\\Cpdf->addPngFromFile()
#1 /var/www/norloxsolutionscrm.com/wowcrm/vendor/dompdf/dompdf/src/Renderer/Image.php(63): Dompdf\\Adapter\\CPDF->image()
#2 /var/www/norloxsolutionscrm.com/wowcrm/vendor/dompdf/dompdf/src/Renderer.php(305): Dompdf\\Renderer\\Image->render()
#3 /var/www/norloxsolutionscrm.com/wowcrm/vendor/dompdf/dompdf/src/Renderer.php(140): Dompdf\\Renderer->_render_frame()
#4 /var/www/norloxsolutionscrm.com/wowcrm/vendor/dompdf/dompdf/src/Renderer.php(207): Dompdf\\Renderer->render()
#5 /var/www/norloxsolutionscrm.com/wowcrm/vendor/dompdf/dompdf/src/Renderer.php(207): Dompdf\\Renderer->render()
#6 /var/www/norloxsolutionscrm.com/wowcrm/vendor/dompdf/dompdf/src/Renderer.php(207): Dompdf\\Renderer->render()
#7 /var/www/norloxsolutionscrm.com/wowcrm/vendor/dompdf/dompdf/src/Renderer.php(207): Dompdf\\Renderer->render()
#8 /var/www/norloxsolutionscrm.com/wowcrm/vendor/dompdf/dompdf/src/Renderer.php(207): Dompdf\\Renderer->render()
#9 /var/www/norloxsolutionscrm.com/wowcrm/vendor/dompdf/dompdf/src/Renderer.php(207): Dompdf\\Renderer->render()
#10 /var/www/norloxsolutionscrm.com/wowcrm/vendor/dompdf/dompdf/src/Renderer.php(207): Dompdf\\Renderer->render()
#11 /var/www/norloxsolutionscrm.com/wowcrm/vendor/dompdf/dompdf/src/FrameReflower/Page.php(148): Dompdf\\Renderer->render()
#12 /var/www/norloxsolutionscrm.com/wowcrm/vendor/dompdf/dompdf/src/FrameDecorator/AbstractFrameDecorator.php(915): Dompdf\\FrameReflower\\Page->reflow()
#13 /var/www/norloxsolutionscrm.com/wowcrm/vendor/dompdf/dompdf/src/Dompdf.php(815): Dompdf\\FrameDecorator\\AbstractFrameDecorator->reflow()
#14 /var/www/norloxsolutionscrm.com/wowcrm/app/Http/Controllers/GoogleSheetController.php(7230): Dompdf\\Dompdf->render()
#15 /var/www/norloxsolutionscrm.com/wowcrm/vendor/laravel/framework/src/Illuminate/Routing/ControllerDispatcher.php(47): App\\Http\\Controllers\\GoogleSheetController->viewJuniorResume()
#16 /var/www/norloxsolutionscrm.com/wowcrm/vendor/laravel/framework/src/Illuminate/Routing/Route.php(266): Illuminate\\Routing\\ControllerDispatcher->dispatch()
#17 /var/www/norloxsolutionscrm.com/wowcrm/vendor/laravel/framework/src/Illuminate/Routing/Route.php(212): Illuminate\\Routing\\Route->runController()
#18 /var/www/norloxsolutionscrm.com/wowcrm/vendor/laravel/framework/src/Illuminate/Routing/Router.php(808): Illuminate\\Routing\\Route->run()
#19 /var/www/norloxsolutionscrm.com/wowcrm/vendor/laravel/framework/src/Illuminate/Pipeline/Pipeline.php(170): Illuminate\\Routing\\Router->Illuminate\\Routing\\{closure}()
#20 /var/www/norloxsolutionscrm.com/wowcrm/vendor/laravel/framework/src/Illuminate/Routing/Middleware/SubstituteBindings.php(51): Illuminate\\Pipeline\\Pipeline->Illuminate\\Pipeline\\{closure}()
#21 /var/www/norloxsolutionscrm.com/wowcrm/vendor/laravel/framework/src/Illuminate/Pipeline/Pipeline.php(209): Illuminate\\Routing\\Middleware\\SubstituteBindings->handle()
#22 /var/www/norloxsolutionscrm.com/wowcrm/vendor/laravel/framework/src/Illuminate/Auth/Middleware/Authenticate.php(64): Illuminate\\Pipeline\\Pipeline->Illuminate\\Pipeline\\{closure}()
#23 /var/www/norloxsolutionscrm.com/wowcrm/vendor/laravel/framework/src/Illuminate/Pipeline/Pipeline.php(209): Illuminate\\Auth\\Middleware\\Authenticate->handle()
#24 /var/www/norloxsolutionscrm.com/wowcrm/vendor/laravel/framework/src/Illuminate/Foundation/Http/Middleware/VerifyCsrfToken.php(88): Illuminate\\Pipeline\\Pipeline->Illuminate\\Pipeline\\{closure}()
#25 /var/www/norloxsolutionscrm.com/wowcrm/vendor/laravel/framework/src/Illuminate/Pipeline/Pipeline.php(209): Illuminate\\Foundation\\Http\\Middleware\\VerifyCsrfToken->handle()
#26 /var/www/norloxsolutionscrm.com/wowcrm/vendor/laravel/framework/src/Illuminate/View/Middleware/ShareErrorsFromSession.php(49): Illuminate\\Pipeline\\Pipeline->Illuminate\\Pipeline\\{closure}()
#27 /var/www/norloxsolutionscrm.com/wowcrm/vendor/laravel/framework/src/Illuminate/Pipeline/Pipeline.php(209): Illuminate\\View\\Middleware\\ShareErrorsFromSession->handle()
#28 /var/www/norloxsolutionscrm.com/wowcrm/vendor/laravel/framework/src/Illuminate/Session/Middleware/StartSession.php(121): Illuminate\\Pipeline\\Pipeline->Illuminate\\Pipeline\\{closure}()
#29 /var/www/norloxsolutionscrm.com/wowcrm/vendor/laravel/framework/src/Illuminate/Session/Middleware/StartSession.php(64): Illuminate\\Session\\Middleware\\StartSession->handleStatefulRequest()
#30 /var/www/norloxsolutionscrm.com/wowcrm/vendor/laravel/framework/src/Illuminate/Pipeline/Pipeline.php(209): Illuminate\\Session\\Middleware\\StartSession->handle()
#31 /var/www/norloxsolutionscrm.com/wowcrm/vendor/laravel/framework/src/Illuminate/Cookie/Middleware/AddQueuedCookiesToResponse.php(37): Illuminate\\Pipeline\\Pipeline->Illuminate\\Pipeline\\{closure}()
#32 /var/www/norloxsolutionscrm.com/wowcrm/vendor/laravel/framework/src/Illuminate/Pipeline/Pipeline.php(209): Illuminate\\Cookie\\Middleware\\AddQueuedCookiesToResponse->handle()
#33 /var/www/norloxsolutionscrm.com/wowcrm/vendor/laravel/framework/src/Illuminate/Cookie/Middleware/EncryptCookies.php(75): Illuminate\\Pipeline\\Pipeline->Illuminate\\Pipeline\\{closure}()
#34 /var/www/norloxsolutionscrm.com/wowcrm/vendor/laravel/framework/src/Illuminate/Pipeline/Pipeline.php(209): Illuminate\\Cookie\\Middleware\\EncryptCookies->handle()
#35 /var/www/norloxsolutionscrm.com/wowcrm/vendor/laravel/framework/src/Illuminate/Pipeline/Pipeline.php(127): Illuminate\\Pipeline\\Pipeline->Illuminate\\Pipeline\\{closure}()
#36 /var/www/norloxsolutionscrm.com/wowcrm/vendor/laravel/framework/src/Illuminate/Routing/Router.php(807): Illuminate\\Pipeline\\Pipeline->then()
#37 /var/www/norloxsolutionscrm.com/wowcrm/vendor/laravel/framework/src/Illuminate/Routing/Router.php(786): Illuminate\\Routing\\Router->runRouteWithinStack()
#38 /var/www/norloxsolutionscrm.com/wowcrm/vendor/laravel/framework/src/Illuminate/Routing/Router.php(750): Illuminate\\Routing\\Router->runRoute()
#39 /var/www/norloxsolutionscrm.com/wowcrm/vendor/laravel/framework/src/Illuminate/Routing/Router.php(739): Illuminate\\Routing\\Router->dispatchToRoute()
#40 /var/www/norloxsolutionscrm.com/wowcrm/vendor/laravel/framework/src/Illuminate/Foundation/Http/Kernel.php(201): Illuminate\\Routing\\Router->dispatch()
#41 /var/www/norloxsolutionscrm.com/wowcrm/vendor/laravel/framework/src/Illuminate/Pipeline/Pipeline.php(170): Illuminate\\Foundation\\Http\\Kernel->Illuminate\\Foundation\\Http\\{closure}()
#42 /var/www/norloxsolutionscrm.com/wowcrm/vendor/laravel/framework/src/Illuminate/Foundation/Http/Middleware/TransformsRequest.php(21): Illuminate\\Pipeline\\Pipeline->Illuminate\\Pipeline\\{closure}()
#43 /var/www/norloxsolutionscrm.com/wowcrm/vendor/laravel/framework/src/Illuminate/Foundation/Http/Middleware/ConvertEmptyStringsToNull.php(31): Illuminate\\Foundation\\Http\\Middleware\\TransformsRequest->handle()
#44 /var/www/norloxsolutionscrm.com/wowcrm/vendor/laravel/framework/src/Illuminate/Pipeline/Pipeline.php(209): Illuminate\\Foundation\\Http\\Middleware\\ConvertEmptyStringsToNull->handle()
#45 /var/www/norloxsolutionscrm.com/wowcrm/vendor/laravel/framework/src/Illuminate/Foundation/Http/Middleware/TransformsRequest.php(21): Illuminate\\Pipeline\\Pipeline->Illuminate\\Pipeline\\{closure}()
#46 /var/www/norloxsolutionscrm.com/wowcrm/vendor/laravel/framework/src/Illuminate/Foundation/Http/Middleware/TrimStrings.php(51): Illuminate\\Foundation\\Http\\Middleware\\TransformsRequest->handle()
#47 /var/www/norloxsolutionscrm.com/wowcrm/vendor/laravel/framework/src/Illuminate/Pipeline/Pipeline.php(209): Illuminate\\Foundation\\Http\\Middleware\\TrimStrings->handle()
#48 /var/www/norloxsolutionscrm.com/wowcrm/vendor/laravel/framework/src/Illuminate/Http/Middleware/ValidatePostSize.php(27): Illuminate\\Pipeline\\Pipeline->Illuminate\\Pipeline\\{closure}()
#49 /var/www/norloxsolutionscrm.com/wowcrm/vendor/laravel/framework/src/Illuminate/Pipeline/Pipeline.php(209): Illuminate\\Http\\Middleware\\ValidatePostSize->handle()
#50 /var/www/norloxsolutionscrm.com/wowcrm/vendor/laravel/framework/src/Illuminate/Foundation/Http/Middleware/PreventRequestsDuringMaintenance.php(110): Illuminate\\Pipeline\\Pipeline->Illuminate\\Pipeline\\{closure}()
#51 /var/www/norloxsolutionscrm.com/wowcrm/vendor/laravel/framework/src/Illuminate/Pipeline/Pipeline.php(209): Illuminate\\Foundation\\Http\\Middleware\\PreventRequestsDuringMaintenance->handle()
#52 /var/www/norloxsolutionscrm.com/wowcrm/vendor/laravel/framework/src/Illuminate/Http/Middleware/HandleCors.php(49): Illuminate\\Pipeline\\Pipeline->Illuminate\\Pipeline\\{closure}()
#53 /var/www/norloxsolutionscrm.com/wowcrm/vendor/laravel/framework/src/Illuminate/Pipeline/Pipeline.php(209): Illuminate\\Http\\Middleware\\HandleCors->handle()
#54 /var/www/norloxsolutionscrm.com/wowcrm/vendor/laravel/framework/src/Illuminate/Http/Middleware/TrustProxies.php(58): Illuminate\\Pipeline\\Pipeline->Illuminate\\Pipeline\\{closure}()
#55 /var/www/norloxsolutionscrm.com/wowcrm/vendor/laravel/framework/src/Illuminate/Pipeline/Pipeline.php(209): Illuminate\\Http\\Middleware\\TrustProxies->handle()
#56 /var/www/norloxsolutionscrm.com/wowcrm/vendor/laravel/framework/src/Illuminate/Foundation/Http/Middleware/InvokeDeferredCallbacks.php(22): Illuminate\\Pipeline\\Pipeline->Illuminate\\Pipeline\\{closure}()
#57 /var/www/norloxsolutionscrm.com/wowcrm/vendor/laravel/framework/src/Illuminate/Pipeline/Pipeline.php(209): Illuminate\\Foundation\\Http\\Middleware\\InvokeDeferredCallbacks->handle()
#58 /var/www/norloxsolutionscrm.com/wowcrm/vendor/laravel/framework/src/Illuminate/Pipeline/Pipeline.php(127): Illuminate\\Pipeline\\Pipeline->Illuminate\\Pipeline\\{closure}()
#59 /var/www/norloxsolutionscrm.com/wowcrm/vendor/laravel/framework/src/Illuminate/Foundation/Http/Kernel.php(176): Illuminate\\Pipeline\\Pipeline->then()
#60 /var/www/norloxsolutionscrm.com/wowcrm/vendor/laravel/framework/src/Illuminate/Foundation/Http/Kernel.php(145): Illuminate\\Foundation\\Http\\Kernel->sendRequestThroughRouter()
#61 /var/www/norloxsolutionscrm.com/wowcrm/vendor/laravel/framework/src/Illuminate/Foundation/Application.php(1220): Illuminate\\Foundation\\Http\\Kernel->handle()
#62 /var/www/norloxsolutionscrm.com/wowcrm/index.php(17): Illuminate\\Foundation\\Application->handleRequest()
#63 {main}
"} 
[2026-02-04 11:10:46] local.ERROR: The PHP GD extension is required, but is not installed. {"userId":72,"exception":"[object] (Exception(code: 0): The PHP GD extension is required, but is not installed. at /var/www/norloxsolutionscrm.com/wowcrm/vendor/dompdf/dompdf/lib/Cpdf.php:6207)
[stacktrace]
#0 /var/www/norloxsolutionscrm.com/wowcrm/vendor/dompdf/dompdf/src/Adapter/CPDF.php(674): Dompdf\\Cpdf->addPngFromFile()
#1 /var/www/norloxsolutionscrm.com/wowcrm/vendor/dompdf/dompdf/src/Renderer/Image.php(63): Dompdf\\Adapter\\CPDF->image()
#2 /var/www/norloxsolutionscrm.com/wowcrm/vendor/dompdf/dompdf/src/Renderer.php(305): Dompdf\\Renderer\\Image->render()
#3 /var/www/norloxsolutionscrm.com/wowcrm/vendor/dompdf/dompdf/src/Renderer.php(140): Dompdf\\Renderer->_render_frame()
#4 /var/www/norloxsolutionscrm.com/wowcrm/vendor/dompdf/dompdf/src/Renderer.php(207): Dompdf\\Renderer->render()
#5 /var/www/norloxsolutionscrm.com/wowcrm/vendor/dompdf/dompdf/src/Renderer.php(207): Dompdf\\Renderer->render()
#6 /var/www/norloxsolutionscrm.com/wowcrm/vendor/dompdf/dompdf/src/Renderer.php(207): Dompdf\\Renderer->render()
#7 /var/www/norloxsolutionscrm.com/wowcrm/vendor/dompdf/dompdf/src/Renderer.php(207): Dompdf\\Renderer->render()
#8 /var/www/norloxsolutionscrm.com/wowcrm/vendor/dompdf/dompdf/src/Renderer.php(207): Dompdf\\Renderer->render()
#9 /var/www/norloxsolutionscrm.com/wowcrm/vendor/dompdf/dompdf/src/Renderer.php(207): Dompdf\\Renderer->render()
#10 /var/www/norloxsolutionscrm.com/wowcrm/vendor/dompdf/dompdf/src/Renderer.php(207): Dompdf\\Renderer->render()
#11 /var/www/norloxsolutionscrm.com/wowcrm/vendor/dompdf/dompdf/src/FrameReflower/Page.php(148): Dompdf\\Renderer->render()
#12 /var/www/norloxsolutionscrm.com/wowcrm/vendor/dompdf/dompdf/src/FrameDecorator/AbstractFrameDecorator.php(915): Dompdf\\FrameReflower\\Page->reflow()
#13 /var/www/norloxsolutionscrm.com/wowcrm/vendor/dompdf/dompdf/src/Dompdf.php(815): Dompdf\\FrameDecorator\\AbstractFrameDecorator->reflow()
#14 /var/www/norloxsolutionscrm.com/wowcrm/app/Http/Controllers/GoogleSheetController.php(7230): Dompdf\\Dompdf->render()
#15 /var/www/norloxsolutionscrm.com/wowcrm/vendor/laravel/framework/src/Illuminate/Routing/ControllerDispatcher.php(47): App\\Http\\Controllers\\GoogleSheetController->viewJuniorResume()
#16 /var/www/norloxsolutionscrm.com/wowcrm/vendor/laravel/framework/src/Illuminate/Routing/Route.php(266): Illuminate\\Routing\\ControllerDispatcher->dispatch()
#17 /var/www/norloxsolutionscrm.com/wowcrm/vendor/laravel/framework/src/Illuminate/Routing/Route.php(212): Illuminate\\Routing\\Route->runController()
#18 /var/www/norloxsolutionscrm.com/wowcrm/vendor/laravel/framework/src/Illuminate/Routing/Router.php(808): Illuminate\\Routing\\Route->run()
#19 /var/www/norloxsolutionscrm.com/wowcrm/vendor/laravel/framework/src/Illuminate/Pipeline/Pipeline.php(170): Illuminate\\Routing\\Router->Illuminate\\Routing\\{closure}()
#20 /var/www/norloxsolutionscrm.com/wowcrm/vendor/laravel/framework/src/Illuminate/Routing/Middleware/SubstituteBindings.php(51): Illuminate\\Pipeline\\Pipeline->Illuminate\\Pipeline\\{closure}()
#21 /var/www/norloxsolutionscrm.com/wowcrm/vendor/laravel/framework/src/Illuminate/Pipeline/Pipeline.php(209): Illuminate\\Routing\\Middleware\\SubstituteBindings->handle()
#22 /var/www/norloxsolutionscrm.com/wowcrm/vendor/laravel/framework/src/Illuminate/Auth/Middleware/Authenticate.php(64): Illuminate\\Pipeline\\Pipeline->Illuminate\\Pipeline\\{closure}()
#23 /var/www/norloxsolutionscrm.com/wowcrm/vendor/laravel/framework/src/Illuminate/Pipeline/Pipeline.php(209): Illuminate\\Auth\\Middleware\\Authenticate->handle()
#24 /var/www/norloxsolutionscrm.com/wowcrm/vendor/laravel/framework/src/Illuminate/Foundation/Http/Middleware/VerifyCsrfToken.php(88): Illuminate\\Pipeline\\Pipeline->Illuminate\\Pipeline\\{closure}()
#25 /var/www/norloxsolutionscrm.com/wowcrm/vendor/laravel/framework/src/Illuminate/Pipeline/Pipeline.php(209): Illuminate\\Foundation\\Http\\Middleware\\VerifyCsrfToken->handle()
#26 /var/www/norloxsolutionscrm.com/wowcrm/vendor/laravel/framework/src/Illuminate/View/Middleware/ShareErrorsFromSession.php(49): Illuminate\\Pipeline\\Pipeline->Illuminate\\Pipeline\\{closure}()
#27 /var/www/norloxsolutionscrm.com/wowcrm/vendor/laravel/framework/src/Illuminate/Pipeline/Pipeline.php(209): Illuminate\\View\\Middleware\\ShareErrorsFromSession->handle()
#28 /var/www/norloxsolutionscrm.com/wowcrm/vendor/laravel/framework/src/Illuminate/Session/Middleware/StartSession.php(121): Illuminate\\Pipeline\\Pipeline->Illuminate\\Pipeline\\{closure}()
#29 /var/www/norloxsolutionscrm.com/wowcrm/vendor/laravel/framework/src/Illuminate/Session/Middleware/StartSession.php(64): Illuminate\\Session\\Middleware\\StartSession->handleStatefulRequest()
#30 /var/www/norloxsolutionscrm.com/wowcrm/vendor/laravel/framework/src/Illuminate/Pipeline/Pipeline.php(209): Illuminate\\Session\\Middleware\\StartSession->handle()
#31 /var/www/norloxsolutionscrm.com/wowcrm/vendor/laravel/framework/src/Illuminate/Cookie/Middleware/AddQueuedCookiesToResponse.php(37): Illuminate\\Pipeline\\Pipeline->Illuminate\\Pipeline\\{closure}()
#32 /var/www/norloxsolutionscrm.com/wowcrm/vendor/laravel/framework/src/Illuminate/Pipeline/Pipeline.php(209): Illuminate\\Cookie\\Middleware\\AddQueuedCookiesToResponse->handle()
#33 /var/www/norloxsolutionscrm.com/wowcrm/vendor/laravel/framework/src/Illuminate/Cookie/Middleware/EncryptCookies.php(75): Illuminate\\Pipeline\\Pipeline->Illuminate\\Pipeline\\{closure}()
#34 /var/www/norloxsolutionscrm.com/wowcrm/vendor/laravel/framework/src/Illuminate/Pipeline/Pipeline.php(209): Illuminate\\Cookie\\Middleware\\EncryptCookies->handle()
#35 /var/www/norloxsolutionscrm.com/wowcrm/vendor/laravel/framework/src/Illuminate/Pipeline/Pipeline.php(127): Illuminate\\Pipeline\\Pipeline->Illuminate\\Pipeline\\{closure}()
#36 /var/www/norloxsolutionscrm.com/wowcrm/vendor/laravel/framework/src/Illuminate/Routing/Router.php(807): Illuminate\\Pipeline\\Pipeline->then()
#37 /var/www/norloxsolutionscrm.com/wowcrm/vendor/laravel/framework/src/Illuminate/Routing/Router.php(786): Illuminate\\Routing\\Router->runRouteWithinStack()
#38 /var/www/norloxsolutionscrm.com/wowcrm/vendor/laravel/framework/src/Illuminate/Routing/Router.php(750): Illuminate\\Routing\\Router->runRoute()
#39 /var/www/norloxsolutionscrm.com/wowcrm/vendor/laravel/framework/src/Illuminate/Routing/Router.php(739): Illuminate\\Routing\\Router->dispatchToRoute()
#40 /var/www/norloxsolutionscrm.com/wowcrm/vendor/laravel/framework/src/Illuminate/Foundation/Http/Kernel.php(201): Illuminate\\Routing\\Router->dispatch()
#41 /var/www/norloxsolutionscrm.com/wowcrm/vendor/laravel/framework/src/Illuminate/Pipeline/Pipeline.php(170): Illuminate\\Foundation\\Http\\Kernel->Illuminate\\Foundation\\Http\\{closure}()
#42 /var/www/norloxsolutionscrm.com/wowcrm/vendor/laravel/framework/src/Illuminate/Foundation/Http/Middleware/TransformsRequest.php(21): Illuminate\\Pipeline\\Pipeline->Illuminate\\Pipeline\\{closure}()
#43 /var/www/norloxsolutionscrm.com/wowcrm/vendor/laravel/framework/src/Illuminate/Foundation/Http/Middleware/ConvertEmptyStringsToNull.php(31): Illuminate\\Foundation\\Http\\Middleware\\TransformsRequest->handle()
#44 /var/www/norloxsolutionscrm.com/wowcrm/vendor/laravel/framework/src/Illuminate/Pipeline/Pipeline.php(209): Illuminate\\Foundation\\Http\\Middleware\\ConvertEmptyStringsToNull->handle()
#45 /var/www/norloxsolutionscrm.com/wowcrm/vendor/laravel/framework/src/Illuminate/Foundation/Http/Middleware/TransformsRequest.php(21): Illuminate\\Pipeline\\Pipeline->Illuminate\\Pipeline\\{closure}()
#46 /var/www/norloxsolutionscrm.com/wowcrm/vendor/laravel/framework/src/Illuminate/Foundation/Http/Middleware/TrimStrings.php(51): Illuminate\\Foundation\\Http\\Middleware\\TransformsRequest->handle()
#47 /var/www/norloxsolutionscrm.com/wowcrm/vendor/laravel/framework/src/Illuminate/Pipeline/Pipeline.php(209): Illuminate\\Foundation\\Http\\Middleware\\TrimStrings->handle()
#48 /var/www/norloxsolutionscrm.com/wowcrm/vendor/laravel/framework/src/Illuminate/Http/Middleware/ValidatePostSize.php(27): Illuminate\\Pipeline\\Pipeline->Illuminate\\Pipeline\\{closure}()
#49 /var/www/norloxsolutionscrm.com/wowcrm/vendor/laravel/framework/src/Illuminate/Pipeline/Pipeline.php(209): Illuminate\\Http\\Middleware\\ValidatePostSize->handle()
#50 /var/www/norloxsolutionscrm.com/wowcrm/vendor/laravel/framework/src/Illuminate/Foundation/Http/Middleware/PreventRequestsDuringMaintenance.php(110): Illuminate\\Pipeline\\Pipeline->Illuminate\\Pipeline\\{closure}()
#51 /var/www/norloxsolutionscrm.com/wowcrm/vendor/laravel/framework/src/Illuminate/Pipeline/Pipeline.php(209): Illuminate\\Foundation\\Http\\Middleware\\PreventRequestsDuringMaintenance->handle()
#52 /var/www/norloxsolutionscrm.com/wowcrm/vendor/laravel/framework/src/Illuminate/Http/Middleware/HandleCors.php(49): Illuminate\\Pipeline\\Pipeline->Illuminate\\Pipeline\\{closure}()
#53 /var/www/norloxsolutionscrm.com/wowcrm/vendor/laravel/framework/src/Illuminate/Pipeline/Pipeline.php(209): Illuminate\\Http\\Middleware\\HandleCors->handle()
#54 /var/www/norloxsolutionscrm.com/wowcrm/vendor/laravel/framework/src/Illuminate/Http/Middleware/TrustProxies.php(58): Illuminate\\Pipeline\\Pipeline->Illuminate\\Pipeline\\{closure}()
#55 /var/www/norloxsolutionscrm.com/wowcrm/vendor/laravel/framework/src/Illuminate/Pipeline/Pipeline.php(209): Illuminate\\Http\\Middleware\\TrustProxies->handle()
#56 /var/www/norloxsolutionscrm.com/wowcrm/vendor/laravel/framework/src/Illuminate/Foundation/Http/Middleware/InvokeDeferredCallbacks.php(22): Illuminate\\Pipeline\\Pipeline->Illuminate\\Pipeline\\{closure}()
#57 /var/www/norloxsolutionscrm.com/wowcrm/vendor/laravel/framework/src/Illuminate/Pipeline/Pipeline.php(209): Illuminate\\Foundation\\Http\\Middleware\\InvokeDeferredCallbacks->handle()
#58 /var/www/norloxsolutionscrm.com/wowcrm/vendor/laravel/framework/src/Illuminate/Pipeline/Pipeline.php(127): Illuminate\\Pipeline\\Pipeline->Illuminate\\Pipeline\\{closure}()
#59 /var/www/norloxsolutionscrm.com/wowcrm/vendor/laravel/framework/src/Illuminate/Foundation/Http/Kernel.php(176): Illuminate\\Pipeline\\Pipeline->then()
#60 /var/www/norloxsolutionscrm.com/wowcrm/vendor/laravel/framework/src/Illuminate/Foundation/Http/Kernel.php(145): Illuminate\\Foundation\\Http\\Kernel->sendRequestThroughRouter()
#61 /var/www/norloxsolutionscrm.com/wowcrm/vendor/laravel/framework/src/Illuminate/Foundation/Application.php(1220): Illuminate\\Foundation\\Http\\Kernel->handle()
#62 /var/www/norloxsolutionscrm.com/wowcrm/index.php(17): Illuminate\\Foundation\\Application->handleRequest()
#63 {main}
"} 
[2026-02-04 14:45:09] local.ERROR: The PHP GD extension is required, but is not installed. {"userId":67,"exception":"[object] (Exception(code: 0): The PHP GD extension is required, but is not installed. at /var/www/norloxsolutionscrm.com/wowcrm/vendor/dompdf/dompdf/lib/Cpdf.php:6207)
[stacktrace]
#0 /var/www/norloxsolutionscrm.com/wowcrm/vendor/dompdf/dompdf/src/Adapter/CPDF.php(674): Dompdf\\Cpdf->addPngFromFile()
#1 /var/www/norloxsolutionscrm.com/wowcrm/vendor/dompdf/dompdf/src/Renderer/Image.php(63): Dompdf\\Adapter\\CPDF->image()
#2 /var/www/norloxsolutionscrm.com/wowcrm/vendor/dompdf/dompdf/src/Renderer.php(305): Dompdf\\Renderer\\Image->render()
#3 /var/www/norloxsolutionscrm.com/wowcrm/vendor/dompdf/dompdf/src/Renderer.php(140): Dompdf\\Renderer->_render_frame()
#4 /var/www/norloxsolutionscrm.com/wowcrm/vendor/dompdf/dompdf/src/Renderer.php(207): Dompdf\\Renderer->render()
#5 /var/www/norloxsolutionscrm.com/wowcrm/vendor/dompdf/dompdf/src/Renderer.php(207): Dompdf\\Renderer->render()
#6 /var/www/norloxsolutionscrm.com/wowcrm/vendor/dompdf/dompdf/src/Renderer.php(207): Dompdf\\Renderer->render()
#7 /var/www/norloxsolutionscrm.com/wowcrm/vendor/dompdf/dompdf/src/FrameReflower/Page.php(148): Dompdf\\Renderer->render()
#8 /var/www/norloxsolutionscrm.com/wowcrm/vendor/dompdf/dompdf/src/FrameDecorator/AbstractFrameDecorator.php(915): Dompdf\\FrameReflower\\Page->reflow()
#9 /var/www/norloxsolutionscrm.com/wowcrm/vendor/dompdf/dompdf/src/Dompdf.php(815): Dompdf\\FrameDecorator\\AbstractFrameDecorator->reflow()
#10 /var/www/norloxsolutionscrm.com/wowcrm/app/Http/Controllers/GoogleSheetController.php(7230): Dompdf\\Dompdf->render()
#11 /var/www/norloxsolutionscrm.com/wowcrm/vendor/laravel/framework/src/Illuminate/Routing/ControllerDispatcher.php(47): App\\Http\\Controllers\\GoogleSheetController->viewJuniorResume()
#12 /var/www/norloxsolutionscrm.com/wowcrm/vendor/laravel/framework/src/Illuminate/Routing/Route.php(266): Illuminate\\Routing\\ControllerDispatcher->dispatch()
#13 /var/www/norloxsolutionscrm.com/wowcrm/vendor/laravel/framework/src/Illuminate/Routing/Route.php(212): Illuminate\\Routing\\Route->runController()
#14 /var/www/norloxsolutionscrm.com/wowcrm/vendor/laravel/framework/src/Illuminate/Routing/Router.php(808): Illuminate\\Routing\\Route->run()
#15 /var/www/norloxsolutionscrm.com/wowcrm/vendor/laravel/framework/src/Illuminate/Pipeline/Pipeline.php(170): Illuminate\\Routing\\Router->Illuminate\\Routing\\{closure}()
#16 /var/www/norloxsolutionscrm.com/wowcrm/vendor/laravel/framework/src/Illuminate/Routing/Middleware/SubstituteBindings.php(51): Illuminate\\Pipeline\\Pipeline->Illuminate\\Pipeline\\{closure}()
#17 /var/www/norloxsolutionscrm.com/wowcrm/vendor/laravel/framework/src/Illuminate/Pipeline/Pipeline.php(209): Illuminate\\Routing\\Middleware\\SubstituteBindings->handle()
#18 /var/www/norloxsolutionscrm.com/wowcrm/vendor/laravel/framework/src/Illuminate/Auth/Middleware/Authenticate.php(64): Illuminate\\Pipeline\\Pipeline->Illuminate\\Pipeline\\{closure}()
#19 /var/www/norloxsolutionscrm.com/wowcrm/vendor/laravel/framework/src/Illuminate/Pipeline/Pipeline.php(209): Illuminate\\Auth\\Middleware\\Authenticate->handle()
#20 /var/www/norloxsolutionscrm.com/wowcrm/vendor/laravel/framework/src/Illuminate/Foundation/Http/Middleware/VerifyCsrfToken.php(88): Illuminate\\Pipeline\\Pipeline->Illuminate\\Pipeline\\{closure}()
#21 /var/www/norloxsolutionscrm.com/wowcrm/vendor/laravel/framework/src/Illuminate/Pipeline/Pipeline.php(209): Illuminate\\Foundation\\Http\\Middleware\\VerifyCsrfToken->handle()
#22 /var/www/norloxsolutionscrm.com/wowcrm/vendor/laravel/framework/src/Illuminate/View/Middleware/ShareErrorsFromSession.php(49): Illuminate\\Pipeline\\Pipeline->Illuminate\\Pipeline\\{closure}()
#23 /var/www/norloxsolutionscrm.com/wowcrm/vendor/laravel/framework/src/Illuminate/Pipeline/Pipeline.php(209): Illuminate\\View\\Middleware\\ShareErrorsFromSession->handle()
#24 /var/www/norloxsolutionscrm.com/wowcrm/vendor/laravel/framework/src/Illuminate/Session/Middleware/StartSession.php(121): Illuminate\\Pipeline\\Pipeline->Illuminate\\Pipeline\\{closure}()
#25 /var/www/norloxsolutionscrm.com/wowcrm/vendor/laravel/framework/src/Illuminate/Session/Middleware/StartSession.php(64): Illuminate\\Session\\Middleware\\StartSession->handleStatefulRequest()
#26 /var/www/norloxsolutionscrm.com/wowcrm/vendor/laravel/framework/src/Illuminate/Pipeline/Pipeline.php(209): Illuminate\\Session\\Middleware\\StartSession->handle()
#27 /var/www/norloxsolutionscrm.com/wowcrm/vendor/laravel/framework/src/Illuminate/Cookie/Middleware/AddQueuedCookiesToResponse.php(37): Illuminate\\Pipeline\\Pipeline->Illuminate\\Pipeline\\{closure}()
#28 /var/www/norloxsolutionscrm.com/wowcrm/vendor/laravel/framework/src/Illuminate/Pipeline/Pipeline.php(209): Illuminate\\Cookie\\Middleware\\AddQueuedCookiesToResponse->handle()
#29 /var/www/norloxsolutionscrm.com/wowcrm/vendor/laravel/framework/src/Illuminate/Cookie/Middleware/EncryptCookies.php(75): Illuminate\\Pipeline\\Pipeline->Illuminate\\Pipeline\\{closure}()
#30 /var/www/norloxsolutionscrm.com/wowcrm/vendor/laravel/framework/src/Illuminate/Pipeline/Pipeline.php(209): Illuminate\\Cookie\\Middleware\\EncryptCookies->handle()
#31 /var/www/norloxsolutionscrm.com/wowcrm/vendor/laravel/framework/src/Illuminate/Pipeline/Pipeline.php(127): Illuminate\\Pipeline\\Pipeline->Illuminate\\Pipeline\\{closure}()
#32 /var/www/norloxsolutionscrm.com/wowcrm/vendor/laravel/framework/src/Illuminate/Routing/Router.php(807): Illuminate\\Pipeline\\Pipeline->then()
#33 /var/www/norloxsolutionscrm.com/wowcrm/vendor/laravel/framework/src/Illuminate/Routing/Router.php(786): Illuminate\\Routing\\Router->runRouteWithinStack()
#34 /var/www/norloxsolutionscrm.com/wowcrm/vendor/laravel/framework/src/Illuminate/Routing/Router.php(750): Illuminate\\Routing\\Router->runRoute()
#35 /var/www/norloxsolutionscrm.com/wowcrm/vendor/laravel/framework/src/Illuminate/Routing/Router.php(739): Illuminate\\Routing\\Router->dispatchToRoute()
#36 /var/www/norloxsolutionscrm.com/wowcrm/vendor/laravel/framework/src/Illuminate/Foundation/Http/Kernel.php(201): Illuminate\\Routing\\Router->dispatch()
#37 /var/www/norloxsolutionscrm.com/wowcrm/vendor/laravel/framework/src/Illuminate/Pipeline/Pipeline.php(170): Illuminate\\Foundation\\Http\\Kernel->Illuminate\\Foundation\\Http\\{closure}()
#38 /var/www/norloxsolutionscrm.com/wowcrm/vendor/laravel/framework/src/Illuminate/Foundation/Http/Middleware/TransformsRequest.php(21): Illuminate\\Pipeline\\Pipeline->Illuminate\\Pipeline\\{closure}()
#39 /var/www/norloxsolutionscrm.com/wowcrm/vendor/laravel/framework/src/Illuminate/Foundation/Http/Middleware/ConvertEmptyStringsToNull.php(31): Illuminate\\Foundation\\Http\\Middleware\\TransformsRequest->handle()
#40 /var/www/norloxsolutionscrm.com/wowcrm/vendor/laravel/framework/src/Illuminate/Pipeline/Pipeline.php(209): Illuminate\\Foundation\\Http\\Middleware\\ConvertEmptyStringsToNull->handle()
#41 /var/www/norloxsolutionscrm.com/wowcrm/vendor/laravel/framework/src/Illuminate/Foundation/Http/Middleware/TransformsRequest.php(21): Illuminate\\Pipeline\\Pipeline->Illuminate\\Pipeline\\{closure}()
#42 /var/www/norloxsolutionscrm.com/wowcrm/vendor/laravel/framework/src/Illuminate/Foundation/Http/Middleware/TrimStrings.php(51): Illuminate\\Foundation\\Http\\Middleware\\TransformsRequest->handle()
#43 /var/www/norloxsolutionscrm.com/wowcrm/vendor/laravel/framework/src/Illuminate/Pipeline/Pipeline.php(209): Illuminate\\Foundation\\Http\\Middleware\\TrimStrings->handle()
#44 /var/www/norloxsolutionscrm.com/wowcrm/vendor/laravel/framework/src/Illuminate/Http/Middleware/ValidatePostSize.php(27): Illuminate\\Pipeline\\Pipeline->Illuminate\\Pipeline\\{closure}()
#45 /var/www/norloxsolutionscrm.com/wowcrm/vendor/laravel/framework/src/Illuminate/Pipeline/Pipeline.php(209): Illuminate\\Http\\Middleware\\ValidatePostSize->handle()
#46 /var/www/norloxsolutionscrm.com/wowcrm/vendor/laravel/framework/src/Illuminate/Foundation/Http/Middleware/PreventRequestsDuringMaintenance.php(110): Illuminate\\Pipeline\\Pipeline->Illuminate\\Pipeline\\{closure}()
#47 /var/www/norloxsolutionscrm.com/wowcrm/vendor/laravel/framework/src/Illuminate/Pipeline/Pipeline.php(209): Illuminate\\Foundation\\Http\\Middleware\\PreventRequestsDuringMaintenance->handle()
#48 /var/www/norloxsolutionscrm.com/wowcrm/vendor/laravel/framework/src/Illuminate/Http/Middleware/HandleCors.php(49): Illuminate\\Pipeline\\Pipeline->Illuminate\\Pipeline\\{closure}()
#49 /var/www/norloxsolutionscrm.com/wowcrm/vendor/laravel/framework/src/Illuminate/Pipeline/Pipeline.php(209): Illuminate\\Http\\Middleware\\HandleCors->handle()
#50 /var/www/norloxsolutionscrm.com/wowcrm/vendor/laravel/framework/src/Illuminate/Http/Middleware/TrustProxies.php(58): Illuminate\\Pipeline\\Pipeline->Illuminate\\Pipeline\\{closure}()
#51 /var/www/norloxsolutionscrm.com/wowcrm/vendor/laravel/framework/src/Illuminate/Pipeline/Pipeline.php(209): Illuminate\\Http\\Middleware\\TrustProxies->handle()
#52 /var/www/norloxsolutionscrm.com/wowcrm/vendor/laravel/framework/src/Illuminate/Foundation/Http/Middleware/InvokeDeferredCallbacks.php(22): Illuminate\\Pipeline\\Pipeline->Illuminate\\Pipeline\\{closure}()
#53 /var/www/norloxsolutionscrm.com/wowcrm/vendor/laravel/framework/src/Illuminate/Pipeline/Pipeline.php(209): Illuminate\\Foundation\\Http\\Middleware\\InvokeDeferredCallbacks->handle()
#54 /var/www/norloxsolutionscrm.com/wowcrm/vendor/laravel/framework/src/Illuminate/Pipeline/Pipeline.php(127): Illuminate\\Pipeline\\Pipeline->Illuminate\\Pipeline\\{closure}()
#55 /var/www/norloxsolutionscrm.com/wowcrm/vendor/laravel/framework/src/Illuminate/Foundation/Http/Kernel.php(176): Illuminate\\Pipeline\\Pipeline->then()
#56 /var/www/norloxsolutionscrm.com/wowcrm/vendor/laravel/framework/src/Illuminate/Foundation/Http/Kernel.php(145): Illuminate\\Foundation\\Http\\Kernel->sendRequestThroughRouter()
#57 /var/www/norloxsolutionscrm.com/wowcrm/vendor/laravel/framework/src/Illuminate/Foundation/Application.php(1220): Illuminate\\Foundation\\Http\\Kernel->handle()
#58 /var/www/norloxsolutionscrm.com/wowcrm/index.php(17): Illuminate\\Foundation\\Application->handleRequest()
#59 {main}
"} 
[2026-02-04 14:45:18] local.ERROR: The PHP GD extension is required, but is not installed. {"userId":67,"exception":"[object] (Exception(code: 0): The PHP GD extension is required, but is not installed. at /var/www/norloxsolutionscrm.com/wowcrm/vendor/dompdf/dompdf/lib/Cpdf.php:6207)
[stacktrace]
#0 /var/www/norloxsolutionscrm.com/wowcrm/vendor/dompdf/dompdf/src/Adapter/CPDF.php(674): Dompdf\\Cpdf->addPngFromFile()
#1 /var/www/norloxsolutionscrm.com/wowcrm/vendor/dompdf/dompdf/src/Renderer/Image.php(63): Dompdf\\Adapter\\CPDF->image()
#2 /var/www/norloxsolutionscrm.com/wowcrm/vendor/dompdf/dompdf/src/Renderer.php(305): Dompdf\\Renderer\\Image->render()
#3 /var/www/norloxsolutionscrm.com/wowcrm/vendor/dompdf/dompdf/src/Renderer.php(140): Dompdf\\Renderer->_render_frame()
#4 /var/www/norloxsolutionscrm.com/wowcrm/vendor/dompdf/dompdf/src/Renderer.php(207): Dompdf\\Renderer->render()
#5 /var/www/norloxsolutionscrm.com/wowcrm/vendor/dompdf/dompdf/src/Renderer.php(207): Dompdf\\Renderer->render()
#6 /var/www/norloxsolutionscrm.com/wowcrm/vendor/dompdf/dompdf/src/Renderer.php(207): Dompdf\\Renderer->render()
#7 /var/www/norloxsolutionscrm.com/wowcrm/vendor/dompdf/dompdf/src/FrameReflower/Page.php(148): Dompdf\\Renderer->render()
#8 /var/www/norloxsolutionscrm.com/wowcrm/vendor/dompdf/dompdf/src/FrameDecorator/AbstractFrameDecorator.php(915): Dompdf\\FrameReflower\\Page->reflow()
#9 /var/www/norloxsolutionscrm.com/wowcrm/vendor/dompdf/dompdf/src/Dompdf.php(815): Dompdf\\FrameDecorator\\AbstractFrameDecorator->reflow()
#10 /var/www/norloxsolutionscrm.com/wowcrm/app/Http/Controllers/GoogleSheetController.php(7230): Dompdf\\Dompdf->render()
#11 /var/www/norloxsolutionscrm.com/wowcrm/vendor/laravel/framework/src/Illuminate/Routing/ControllerDispatcher.php(47): App\\Http\\Controllers\\GoogleSheetController->viewJuniorResume()
#12 /var/www/norloxsolutionscrm.com/wowcrm/vendor/laravel/framework/src/Illuminate/Routing/Route.php(266): Illuminate\\Routing\\ControllerDispatcher->dispatch()
#13 /var/www/norloxsolutionscrm.com/wowcrm/vendor/laravel/framework/src/Illuminate/Routing/Route.php(212): Illuminate\\Routing\\Route->runController()
#14 /var/www/norloxsolutionscrm.com/wowcrm/vendor/laravel/framework/src/Illuminate/Routing/Router.php(808): Illuminate\\Routing\\Route->run()
#15 /var/www/norloxsolutionscrm.com/wowcrm/vendor/laravel/framework/src/Illuminate/Pipeline/Pipeline.php(170): Illuminate\\Routing\\Router->Illuminate\\Routing\\{closure}()
#16 /var/www/norloxsolutionscrm.com/wowcrm/vendor/laravel/framework/src/Illuminate/Routing/Middleware/SubstituteBindings.php(51): Illuminate\\Pipeline\\Pipeline->Illuminate\\Pipeline\\{closure}()
#17 /var/www/norloxsolutionscrm.com/wowcrm/vendor/laravel/framework/src/Illuminate/Pipeline/Pipeline.php(209): Illuminate\\Routing\\Middleware\\SubstituteBindings->handle()
#18 /var/www/norloxsolutionscrm.com/wowcrm/vendor/laravel/framework/src/Illuminate/Auth/Middleware/Authenticate.php(64): Illuminate\\Pipeline\\Pipeline->Illuminate\\Pipeline\\{closure}()
#19 /var/www/norloxsolutionscrm.com/wowcrm/vendor/laravel/framework/src/Illuminate/Pipeline/Pipeline.php(209): Illuminate\\Auth\\Middleware\\Authenticate->handle()
#20 /var/www/norloxsolutionscrm.com/wowcrm/vendor/laravel/framework/src/Illuminate/Foundation/Http/Middleware/VerifyCsrfToken.php(88): Illuminate\\Pipeline\\Pipeline->Illuminate\\Pipeline\\{closure}()
#21 /var/www/norloxsolutionscrm.com/wowcrm/vendor/laravel/framework/src/Illuminate/Pipeline/Pipeline.php(209): Illuminate\\Foundation\\Http\\Middleware\\VerifyCsrfToken->handle()
#22 /var/www/norloxsolutionscrm.com/wowcrm/vendor/laravel/framework/src/Illuminate/View/Middleware/ShareErrorsFromSession.php(49): Illuminate\\Pipeline\\Pipeline->Illuminate\\Pipeline\\{closure}()
#23 /var/www/norloxsolutionscrm.com/wowcrm/vendor/laravel/framework/src/Illuminate/Pipeline/Pipeline.php(209): Illuminate\\View\\Middleware\\ShareErrorsFromSession->handle()
#24 /var/www/norloxsolutionscrm.com/wowcrm/vendor/laravel/framework/src/Illuminate/Session/Middleware/StartSession.php(121): Illuminate\\Pipeline\\Pipeline->Illuminate\\Pipeline\\{closure}()
#25 /var/www/norloxsolutionscrm.com/wowcrm/vendor/laravel/framework/src/Illuminate/Session/Middleware/StartSession.php(64): Illuminate\\Session\\Middleware\\StartSession->handleStatefulRequest()
#26 /var/www/norloxsolutionscrm.com/wowcrm/vendor/laravel/framework/src/Illuminate/Pipeline/Pipeline.php(209): Illuminate\\Session\\Middleware\\StartSession->handle()
#27 /var/www/norloxsolutionscrm.com/wowcrm/vendor/laravel/framework/src/Illuminate/Cookie/Middleware/AddQueuedCookiesToResponse.php(37): Illuminate\\Pipeline\\Pipeline->Illuminate\\Pipeline\\{closure}()
#28 /var/www/norloxsolutionscrm.com/wowcrm/vendor/laravel/framework/src/Illuminate/Pipeline/Pipeline.php(209): Illuminate\\Cookie\\Middleware\\AddQueuedCookiesToResponse->handle()
#29 /var/www/norloxsolutionscrm.com/wowcrm/vendor/laravel/framework/src/Illuminate/Cookie/Middleware/EncryptCookies.php(75): Illuminate\\Pipeline\\Pipeline->Illuminate\\Pipeline\\{closure}()
#30 /var/www/norloxsolutionscrm.com/wowcrm/vendor/laravel/framework/src/Illuminate/Pipeline/Pipeline.php(209): Illuminate\\Cookie\\Middleware\\EncryptCookies->handle()
#31 /var/www/norloxsolutionscrm.com/wowcrm/vendor/laravel/framework/src/Illuminate/Pipeline/Pipeline.php(127): Illuminate\\Pipeline\\Pipeline->Illuminate\\Pipeline\\{closure}()
#32 /var/www/norloxsolutionscrm.com/wowcrm/vendor/laravel/framework/src/Illuminate/Routing/Router.php(807): Illuminate\\Pipeline\\Pipeline->then()
#33 /var/www/norloxsolutionscrm.com/wowcrm/vendor/laravel/framework/src/Illuminate/Routing/Router.php(786): Illuminate\\Routing\\Router->runRouteWithinStack()
#34 /var/www/norloxsolutionscrm.com/wowcrm/vendor/laravel/framework/src/Illuminate/Routing/Router.php(750): Illuminate\\Routing\\Router->runRoute()
#35 /var/www/norloxsolutionscrm.com/wowcrm/vendor/laravel/framework/src/Illuminate/Routing/Router.php(739): Illuminate\\Routing\\Router->dispatchToRoute()
#36 /var/www/norloxsolutionscrm.com/wowcrm/vendor/laravel/framework/src/Illuminate/Foundation/Http/Kernel.php(201): Illuminate\\Routing\\Router->dispatch()
#37 /var/www/norloxsolutionscrm.com/wowcrm/vendor/laravel/framework/src/Illuminate/Pipeline/Pipeline.php(170): Illuminate\\Foundation\\Http\\Kernel->Illuminate\\Foundation\\Http\\{closure}()
#38 /var/www/norloxsolutionscrm.com/wowcrm/vendor/laravel/framework/src/Illuminate/Foundation/Http/Middleware/TransformsRequest.php(21): Illuminate\\Pipeline\\Pipeline->Illuminate\\Pipeline\\{closure}()
#39 /var/www/norloxsolutionscrm.com/wowcrm/vendor/laravel/framework/src/Illuminate/Foundation/Http/Middleware/ConvertEmptyStringsToNull.php(31): Illuminate\\Foundation\\Http\\Middleware\\TransformsRequest->handle()
#40 /var/www/norloxsolutionscrm.com/wowcrm/vendor/laravel/framework/src/Illuminate/Pipeline/Pipeline.php(209): Illuminate\\Foundation\\Http\\Middleware\\ConvertEmptyStringsToNull->handle()
#41 /var/www/norloxsolutionscrm.com/wowcrm/vendor/laravel/framework/src/Illuminate/Foundation/Http/Middleware/TransformsRequest.php(21): Illuminate\\Pipeline\\Pipeline->Illuminate\\Pipeline\\{closure}()
#42 /var/www/norloxsolutionscrm.com/wowcrm/vendor/laravel/framework/src/Illuminate/Foundation/Http/Middleware/TrimStrings.php(51): Illuminate\\Foundation\\Http\\Middleware\\TransformsRequest->handle()
#43 /var/www/norloxsolutionscrm.com/wowcrm/vendor/laravel/framework/src/Illuminate/Pipeline/Pipeline.php(209): Illuminate\\Foundation\\Http\\Middleware\\TrimStrings->handle()
#44 /var/www/norloxsolutionscrm.com/wowcrm/vendor/laravel/framework/src/Illuminate/Http/Middleware/ValidatePostSize.php(27): Illuminate\\Pipeline\\Pipeline->Illuminate\\Pipeline\\{closure}()
#45 /var/www/norloxsolutionscrm.com/wowcrm/vendor/laravel/framework/src/Illuminate/Pipeline/Pipeline.php(209): Illuminate\\Http\\Middleware\\ValidatePostSize->handle()
#46 /var/www/norloxsolutionscrm.com/wowcrm/vendor/laravel/framework/src/Illuminate/Foundation/Http/Middleware/PreventRequestsDuringMaintenance.php(110): Illuminate\\Pipeline\\Pipeline->Illuminate\\Pipeline\\{closure}()
#47 /var/www/norloxsolutionscrm.com/wowcrm/vendor/laravel/framework/src/Illuminate/Pipeline/Pipeline.php(209): Illuminate\\Foundation\\Http\\Middleware\\PreventRequestsDuringMaintenance->handle()
#48 /var/www/norloxsolutionscrm.com/wowcrm/vendor/laravel/framework/src/Illuminate/Http/Middleware/HandleCors.php(49): Illuminate\\Pipeline\\Pipeline->Illuminate\\Pipeline\\{closure}()
#49 /var/www/norloxsolutionscrm.com/wowcrm/vendor/laravel/framework/src/Illuminate/Pipeline/Pipeline.php(209): Illuminate\\Http\\Middleware\\HandleCors->handle()
#50 /var/www/norloxsolutionscrm.com/wowcrm/vendor/laravel/framework/src/Illuminate/Http/Middleware/TrustProxies.php(58): Illuminate\\Pipeline\\Pipeline->Illuminate\\Pipeline\\{closure}()
#51 /var/www/norloxsolutionscrm.com/wowcrm/vendor/laravel/framework/src/Illuminate/Pipeline/Pipeline.php(209): Illuminate\\Http\\Middleware\\TrustProxies->handle()
#52 /var/www/norloxsolutionscrm.com/wowcrm/vendor/laravel/framework/src/Illuminate/Foundation/Http/Middleware/InvokeDeferredCallbacks.php(22): Illuminate\\Pipeline\\Pipeline->Illuminate\\Pipeline\\{closure}()
#53 /var/www/norloxsolutionscrm.com/wowcrm/vendor/laravel/framework/src/Illuminate/Pipeline/Pipeline.php(209): Illuminate\\Foundation\\Http\\Middleware\\InvokeDeferredCallbacks->handle()
#54 /var/www/norloxsolutionscrm.com/wowcrm/vendor/laravel/framework/src/Illuminate/Pipeline/Pipeline.php(127): Illuminate\\Pipeline\\Pipeline->Illuminate\\Pipeline\\{closure}()
#55 /var/www/norloxsolutionscrm.com/wowcrm/vendor/laravel/framework/src/Illuminate/Foundation/Http/Kernel.php(176): Illuminate\\Pipeline\\Pipeline->then()
#56 /var/www/norloxsolutionscrm.com/wowcrm/vendor/laravel/framework/src/Illuminate/Foundation/Http/Kernel.php(145): Illuminate\\Foundation\\Http\\Kernel->sendRequestThroughRouter()
#57 /var/www/norloxsolutionscrm.com/wowcrm/vendor/laravel/framework/src/Illuminate/Foundation/Application.php(1220): Illuminate\\Foundation\\Http\\Kernel->handle()
#58 /var/www/norloxsolutionscrm.com/wowcrm/index.php(17): Illuminate\\Foundation\\Application->handleRequest()
#59 {main}
"} 
[2026-02-04 17:12:50] local.ERROR: The PHP GD extension is required, but is not installed. {"userId":67,"exception":"[object] (Exception(code: 0): The PHP GD extension is required, but is not installed. at /var/www/norloxsolutionscrm.com/wowcrm/vendor/dompdf/dompdf/lib/Cpdf.php:6207)
[stacktrace]
#0 /var/www/norloxsolutionscrm.com/wowcrm/vendor/dompdf/dompdf/src/Adapter/CPDF.php(674): Dompdf\\Cpdf->addPngFromFile()
#1 /var/www/norloxsolutionscrm.com/wowcrm/vendor/dompdf/dompdf/src/Renderer/Image.php(63): Dompdf\\Adapter\\CPDF->image()
#2 /var/www/norloxsolutionscrm.com/wowcrm/vendor/dompdf/dompdf/src/Renderer.php(305): Dompdf\\Renderer\\Image->render()
#3 /var/www/norloxsolutionscrm.com/wowcrm/vendor/dompdf/dompdf/src/Renderer.php(140): Dompdf\\Renderer->_render_frame()
#4 /var/www/norloxsolutionscrm.com/wowcrm/vendor/dompdf/dompdf/src/Renderer.php(207): Dompdf\\Renderer->render()
#5 /var/www/norloxsolutionscrm.com/wowcrm/vendor/dompdf/dompdf/src/Renderer.php(207): Dompdf\\Renderer->render()
#6 /var/www/norloxsolutionscrm.com/wowcrm/vendor/dompdf/dompdf/src/Renderer.php(207): Dompdf\\Renderer->render()
#7 /var/www/norloxsolutionscrm.com/wowcrm/vendor/dompdf/dompdf/src/FrameReflower/Page.php(148): Dompdf\\Renderer->render()
#8 /var/www/norloxsolutionscrm.com/wowcrm/vendor/dompdf/dompdf/src/FrameDecorator/AbstractFrameDecorator.php(915): Dompdf\\FrameReflower\\Page->reflow()
#9 /var/www/norloxsolutionscrm.com/wowcrm/vendor/dompdf/dompdf/src/Dompdf.php(815): Dompdf\\FrameDecorator\\AbstractFrameDecorator->reflow()
#10 /var/www/norloxsolutionscrm.com/wowcrm/app/Http/Controllers/GoogleSheetController.php(7230): Dompdf\\Dompdf->render()
#11 /var/www/norloxsolutionscrm.com/wowcrm/vendor/laravel/framework/src/Illuminate/Routing/ControllerDispatcher.php(47): App\\Http\\Controllers\\GoogleSheetController->viewJuniorResume()
#12 /var/www/norloxsolutionscrm.com/wowcrm/vendor/laravel/framework/src/Illuminate/Routing/Route.php(266): Illuminate\\Routing\\ControllerDispatcher->dispatch()
#13 /var/www/norloxsolutionscrm.com/wowcrm/vendor/laravel/framework/src/Illuminate/Routing/Route.php(212): Illuminate\\Routing\\Route->runController()
#14 /var/www/norloxsolutionscrm.com/wowcrm/vendor/laravel/framework/src/Illuminate/Routing/Router.php(808): Illuminate\\Routing\\Route->run()
#15 /var/www/norloxsolutionscrm.com/wowcrm/vendor/laravel/framework/src/Illuminate/Pipeline/Pipeline.php(170): Illuminate\\Routing\\Router->Illuminate\\Routing\\{closure}()
#16 /var/www/norloxsolutionscrm.com/wowcrm/vendor/laravel/framework/src/Illuminate/Routing/Middleware/SubstituteBindings.php(51): Illuminate\\Pipeline\\Pipeline->Illuminate\\Pipeline\\{closure}()
#17 /var/www/norloxsolutionscrm.com/wowcrm/vendor/laravel/framework/src/Illuminate/Pipeline/Pipeline.php(209): Illuminate\\Routing\\Middleware\\SubstituteBindings->handle()
#18 /var/www/norloxsolutionscrm.com/wowcrm/vendor/laravel/framework/src/Illuminate/Auth/Middleware/Authenticate.php(64): Illuminate\\Pipeline\\Pipeline->Illuminate\\Pipeline\\{closure}()
#19 /var/www/norloxsolutionscrm.com/wowcrm/vendor/laravel/framework/src/Illuminate/Pipeline/Pipeline.php(209): Illuminate\\Auth\\Middleware\\Authenticate->handle()
#20 /var/www/norloxsolutionscrm.com/wowcrm/vendor/laravel/framework/src/Illuminate/Foundation/Http/Middleware/VerifyCsrfToken.php(88): Illuminate\\Pipeline\\Pipeline->Illuminate\\Pipeline\\{closure}()
#21 /var/www/norloxsolutionscrm.com/wowcrm/vendor/laravel/framework/src/Illuminate/Pipeline/Pipeline.php(209): Illuminate\\Foundation\\Http\\Middleware\\VerifyCsrfToken->handle()
#22 /var/www/norloxsolutionscrm.com/wowcrm/vendor/laravel/framework/src/Illuminate/View/Middleware/ShareErrorsFromSession.php(49): Illuminate\\Pipeline\\Pipeline->Illuminate\\Pipeline\\{closure}()
#23 /var/www/norloxsolutionscrm.com/wowcrm/vendor/laravel/framework/src/Illuminate/Pipeline/Pipeline.php(209): Illuminate\\View\\Middleware\\ShareErrorsFromSession->handle()
#24 /var/www/norloxsolutionscrm.com/wowcrm/vendor/laravel/framework/src/Illuminate/Session/Middleware/StartSession.php(121): Illuminate\\Pipeline\\Pipeline->Illuminate\\Pipeline\\{closure}()
#25 /var/www/norloxsolutionscrm.com/wowcrm/vendor/laravel/framework/src/Illuminate/Session/Middleware/StartSession.php(64): Illuminate\\Session\\Middleware\\StartSession->handleStatefulRequest()
#26 /var/www/norloxsolutionscrm.com/wowcrm/vendor/laravel/framework/src/Illuminate/Pipeline/Pipeline.php(209): Illuminate\\Session\\Middleware\\StartSession->handle()
#27 /var/www/norloxsolutionscrm.com/wowcrm/vendor/laravel/framework/src/Illuminate/Cookie/Middleware/AddQueuedCookiesToResponse.php(37): Illuminate\\Pipeline\\Pipeline->Illuminate\\Pipeline\\{closure}()
#28 /var/www/norloxsolutionscrm.com/wowcrm/vendor/laravel/framework/src/Illuminate/Pipeline/Pipeline.php(209): Illuminate\\Cookie\\Middleware\\AddQueuedCookiesToResponse->handle()
#29 /var/www/norloxsolutionscrm.com/wowcrm/vendor/laravel/framework/src/Illuminate/Cookie/Middleware/EncryptCookies.php(75): Illuminate\\Pipeline\\Pipeline->Illuminate\\Pipeline\\{closure}()
#30 /var/www/norloxsolutionscrm.com/wowcrm/vendor/laravel/framework/src/Illuminate/Pipeline/Pipeline.php(209): Illuminate\\Cookie\\Middleware\\EncryptCookies->handle()
#31 /var/www/norloxsolutionscrm.com/wowcrm/vendor/laravel/framework/src/Illuminate/Pipeline/Pipeline.php(127): Illuminate\\Pipeline\\Pipeline->Illuminate\\Pipeline\\{closure}()
#32 /var/www/norloxsolutionscrm.com/wowcrm/vendor/laravel/framework/src/Illuminate/Routing/Router.php(807): Illuminate\\Pipeline\\Pipeline->then()
#33 /var/www/norloxsolutionscrm.com/wowcrm/vendor/laravel/framework/src/Illuminate/Routing/Router.php(786): Illuminate\\Routing\\Router->runRouteWithinStack()
#34 /var/www/norloxsolutionscrm.com/wowcrm/vendor/laravel/framework/src/Illuminate/Routing/Router.php(750): Illuminate\\Routing\\Router->runRoute()
#35 /var/www/norloxsolutionscrm.com/wowcrm/vendor/laravel/framework/src/Illuminate/Routing/Router.php(739): Illuminate\\Routing\\Router->dispatchToRoute()
#36 /var/www/norloxsolutionscrm.com/wowcrm/vendor/laravel/framework/src/Illuminate/Foundation/Http/Kernel.php(201): Illuminate\\Routing\\Router->dispatch()
#37 /var/www/norloxsolutionscrm.com/wowcrm/vendor/laravel/framework/src/Illuminate/Pipeline/Pipeline.php(170): Illuminate\\Foundation\\Http\\Kernel->Illuminate\\Foundation\\Http\\{closure}()
#38 /var/www/norloxsolutionscrm.com/wowcrm/vendor/laravel/framework/src/Illuminate/Foundation/Http/Middleware/TransformsRequest.php(21): Illuminate\\Pipeline\\Pipeline->Illuminate\\Pipeline\\{closure}()
#39 /var/www/norloxsolutionscrm.com/wowcrm/vendor/laravel/framework/src/Illuminate/Foundation/Http/Middleware/ConvertEmptyStringsToNull.php(31): Illuminate\\Foundation\\Http\\Middleware\\TransformsRequest->handle()
#40 /var/www/norloxsolutionscrm.com/wowcrm/vendor/laravel/framework/src/Illuminate/Pipeline/Pipeline.php(209): Illuminate\\Foundation\\Http\\Middleware\\ConvertEmptyStringsToNull->handle()
#41 /var/www/norloxsolutionscrm.com/wowcrm/vendor/laravel/framework/src/Illuminate/Foundation/Http/Middleware/TransformsRequest.php(21): Illuminate\\Pipeline\\Pipeline->Illuminate\\Pipeline\\{closure}()
#42 /var/www/norloxsolutionscrm.com/wowcrm/vendor/laravel/framework/src/Illuminate/Foundation/Http/Middleware/TrimStrings.php(51): Illuminate\\Foundation\\Http\\Middleware\\TransformsRequest->handle()
#43 /var/www/norloxsolutionscrm.com/wowcrm/vendor/laravel/framework/src/Illuminate/Pipeline/Pipeline.php(209): Illuminate\\Foundation\\Http\\Middleware\\TrimStrings->handle()
#44 /var/www/norloxsolutionscrm.com/wowcrm/vendor/laravel/framework/src/Illuminate/Http/Middleware/ValidatePostSize.php(27): Illuminate\\Pipeline\\Pipeline->Illuminate\\Pipeline\\{closure}()
#45 /var/www/norloxsolutionscrm.com/wowcrm/vendor/laravel/framework/src/Illuminate/Pipeline/Pipeline.php(209): Illuminate\\Http\\Middleware\\ValidatePostSize->handle()
#46 /var/www/norloxsolutionscrm.com/wowcrm/vendor/laravel/framework/src/Illuminate/Foundation/Http/Middleware/PreventRequestsDuringMaintenance.php(110): Illuminate\\Pipeline\\Pipeline->Illuminate\\Pipeline\\{closure}()
#47 /var/www/norloxsolutionscrm.com/wowcrm/vendor/laravel/framework/src/Illuminate/Pipeline/Pipeline.php(209): Illuminate\\Foundation\\Http\\Middleware\\PreventRequestsDuringMaintenance->handle()
#48 /var/www/norloxsolutionscrm.com/wowcrm/vendor/laravel/framework/src/Illuminate/Http/Middleware/HandleCors.php(49): Illuminate\\Pipeline\\Pipeline->Illuminate\\Pipeline\\{closure}()
#49 /var/www/norloxsolutionscrm.com/wowcrm/vendor/laravel/framework/src/Illuminate/Pipeline/Pipeline.php(209): Illuminate\\Http\\Middleware\\HandleCors->handle()
#50 /var/www/norloxsolutionscrm.com/wowcrm/vendor/laravel/framework/src/Illuminate/Http/Middleware/TrustProxies.php(58): Illuminate\\Pipeline\\Pipeline->Illuminate\\Pipeline\\{closure}()
#51 /var/www/norloxsolutionscrm.com/wowcrm/vendor/laravel/framework/src/Illuminate/Pipeline/Pipeline.php(209): Illuminate\\Http\\Middleware\\TrustProxies->handle()
#52 /var/www/norloxsolutionscrm.com/wowcrm/vendor/laravel/framework/src/Illuminate/Foundation/Http/Middleware/InvokeDeferredCallbacks.php(22): Illuminate\\Pipeline\\Pipeline->Illuminate\\Pipeline\\{closure}()
#53 /var/www/norloxsolutionscrm.com/wowcrm/vendor/laravel/framework/src/Illuminate/Pipeline/Pipeline.php(209): Illuminate\\Foundation\\Http\\Middleware\\InvokeDeferredCallbacks->handle()
#54 /var/www/norloxsolutionscrm.com/wowcrm/vendor/laravel/framework/src/Illuminate/Pipeline/Pipeline.php(127): Illuminate\\Pipeline\\Pipeline->Illuminate\\Pipeline\\{closure}()
#55 /var/www/norloxsolutionscrm.com/wowcrm/vendor/laravel/framework/src/Illuminate/Foundation/Http/Kernel.php(176): Illuminate\\Pipeline\\Pipeline->then()
#56 /var/www/norloxsolutionscrm.com/wowcrm/vendor/laravel/framework/src/Illuminate/Foundation/Http/Kernel.php(145): Illuminate\\Foundation\\Http\\Kernel->sendRequestThroughRouter()
#57 /var/www/norloxsolutionscrm.com/wowcrm/vendor/laravel/framework/src/Illuminate/Foundation/Application.php(1220): Illuminate\\Foundation\\Http\\Kernel->handle()
#58 /var/www/norloxsolutionscrm.com/wowcrm/index.php(17): Illuminate\\Foundation\\Application->handleRequest()
#59 {main}
"} 
[2026-02-05 05:57:13] local.ERROR: SQLSTATE[01000]: Warning: 1265 Data truncated for column 'gender' at row 1 (Connection: mysql, SQL: update `users` set `gender` = Senior, `password` = $2y$12$YwsLiNLYrmXqPaG5LOAs9uLgiPuJMxkiEUpEl0Hw3HixdGk3Copq2, `users`.`updated_at` = 2026-02-05 05:57:13 where `id` = 32) {"userId":1,"exception":"[object] (Illuminate\\Database\\QueryException(code: 01000): SQLSTATE[01000]: Warning: 1265 Data truncated for column 'gender' at row 1 (Connection: mysql, SQL: update `users` set `gender` = Senior, `password` = $2y$12$YwsLiNLYrmXqPaG5LOAs9uLgiPuJMxkiEUpEl0Hw3HixdGk3Copq2, `users`.`updated_at` = 2026-02-05 05:57:13 where `id` = 32) at /var/www/norloxsolutionscrm.com/wowcrm/vendor/laravel/framework/src/Illuminate/Database/Connection.php:825)
[stacktrace]
#0 /var/www/norloxsolutionscrm.com/wowcrm/vendor/laravel/framework/src/Illuminate/Database/Connection.php(779): Illuminate\\Database\\Connection->runQueryCallback()
#1 /var/www/norloxsolutionscrm.com/wowcrm/vendor/laravel/framework/src/Illuminate/Database/Connection.php(584): Illuminate\\Database\\Connection->run()
#2 /var/www/norloxsolutionscrm.com/wowcrm/vendor/laravel/framework/src/Illuminate/Database/Connection.php(536): Illuminate\\Database\\Connection->affectingStatement()
#3 /var/www/norloxsolutionscrm.com/wowcrm/vendor/laravel/framework/src/Illuminate/Database/Query/Builder.php(3830): Illuminate\\Database\\Connection->update()
#4 /var/www/norloxsolutionscrm.com/wowcrm/vendor/laravel/framework/src/Illuminate/Database/Eloquent/Builder.php(1175): Illuminate\\Database\\Query\\Builder->update()
#5 /var/www/norloxsolutionscrm.com/wowcrm/vendor/laravel/framework/src/Illuminate/Database/Eloquent/Model.php(1239): Illuminate\\Database\\Eloquent\\Builder->update()
#6 /var/www/norloxsolutionscrm.com/wowcrm/vendor/laravel/framework/src/Illuminate/Database/Eloquent/Model.php(1156): Illuminate\\Database\\Eloquent\\Model->performUpdate()
#7 /var/www/norloxsolutionscrm.com/wowcrm/vendor/laravel/framework/src/Illuminate/Database/Eloquent/Model.php(1014): Illuminate\\Database\\Eloquent\\Model->save()
#8 /var/www/norloxsolutionscrm.com/wowcrm/app/Http/Controllers/UserController.php(399): Illuminate\\Database\\Eloquent\\Model->update()
#9 /var/www/norloxsolutionscrm.com/wowcrm/vendor/laravel/framework/src/Illuminate/Routing/ControllerDispatcher.php(47): App\\Http\\Controllers\\UserController->seniorupdate()
#10 /var/www/norloxsolutionscrm.com/wowcrm/vendor/laravel/framework/src/Illuminate/Routing/Route.php(266): Illuminate\\Routing\\ControllerDispatcher->dispatch()
#11 /var/www/norloxsolutionscrm.com/wowcrm/vendor/laravel/framework/src/Illuminate/Routing/Route.php(212): Illuminate\\Routing\\Route->runController()
#12 /var/www/norloxsolutionscrm.com/wowcrm/vendor/laravel/framework/src/Illuminate/Routing/Router.php(808): Illuminate\\Routing\\Route->run()
#13 /var/www/norloxsolutionscrm.com/wowcrm/vendor/laravel/framework/src/Illuminate/Pipeline/Pipeline.php(170): Illuminate\\Routing\\Router->Illuminate\\Routing\\{closure}()
#14 /var/www/norloxsolutionscrm.com/wowcrm/vendor/laravel/framework/src/Illuminate/Routing/Middleware/SubstituteBindings.php(51): Illuminate\\Pipeline\\Pipeline->Illuminate\\Pipeline\\{closure}()
#15 /var/www/norloxsolutionscrm.com/wowcrm/vendor/laravel/framework/src/Illuminate/Pipeline/Pipeline.php(209): Illuminate\\Routing\\Middleware\\SubstituteBindings->handle()
#16 /var/www/norloxsolutionscrm.com/wowcrm/vendor/laravel/framework/src/Illuminate/Auth/Middleware/Authenticate.php(64): Illuminate\\Pipeline\\Pipeline->Illuminate\\Pipeline\\{closure}()
#17 /var/www/norloxsolutionscrm.com/wowcrm/vendor/laravel/framework/src/Illuminate/Pipeline/Pipeline.php(209): Illuminate\\Auth\\Middleware\\Authenticate->handle()
#18 /var/www/norloxsolutionscrm.com/wowcrm/vendor/laravel/framework/src/Illuminate/Foundation/Http/Middleware/VerifyCsrfToken.php(88): Illuminate\\Pipeline\\Pipeline->Illuminate\\Pipeline\\{closure}()
#19 /var/www/norloxsolutionscrm.com/wowcrm/vendor/laravel/framework/src/Illuminate/Pipeline/Pipeline.php(209): Illuminate\\Foundation\\Http\\Middleware\\VerifyCsrfToken->handle()
#20 /var/www/norloxsolutionscrm.com/wowcrm/vendor/laravel/framework/src/Illuminate/View/Middleware/ShareErrorsFromSession.php(49): Illuminate\\Pipeline\\Pipeline->Illuminate\\Pipeline\\{closure}()
#21 /var/www/norloxsolutionscrm.com/wowcrm/vendor/laravel/framework/src/Illuminate/Pipeline/Pipeline.php(209): Illuminate\\View\\Middleware\\ShareErrorsFromSession->handle()
#22 /var/www/norloxsolutionscrm.com/wowcrm/vendor/laravel/framework/src/Illuminate/Session/Middleware/StartSession.php(121): Illuminate\\Pipeline\\Pipeline->Illuminate\\Pipeline\\{closure}()
#23 /var/www/norloxsolutionscrm.com/wowcrm/vendor/laravel/framework/src/Illuminate/Session/Middleware/StartSession.php(64): Illuminate\\Session\\Middleware\\StartSession->handleStatefulRequest()
#24 /var/www/norloxsolutionscrm.com/wowcrm/vendor/laravel/framework/src/Illuminate/Pipeline/Pipeline.php(209): Illuminate\\Session\\Middleware\\StartSession->handle()
#25 /var/www/norloxsolutionscrm.com/wowcrm/vendor/laravel/framework/src/Illuminate/Cookie/Middleware/AddQueuedCookiesToResponse.php(37): Illuminate\\Pipeline\\Pipeline->Illuminate\\Pipeline\\{closure}()
#26 /var/www/norloxsolutionscrm.com/wowcrm/vendor/laravel/framework/src/Illuminate/Pipeline/Pipeline.php(209): Illuminate\\Cookie\\Middleware\\AddQueuedCookiesToResponse->handle()
#27 /var/www/norloxsolutionscrm.com/wowcrm/vendor/laravel/framework/src/Illuminate/Cookie/Middleware/EncryptCookies.php(75): Illuminate\\Pipeline\\Pipeline->Illuminate\\Pipeline\\{closure}()
#28 /var/www/norloxsolutionscrm.com/wowcrm/vendor/laravel/framework/src/Illuminate/Pipeline/Pipeline.php(209): Illuminate\\Cookie\\Middleware\\EncryptCookies->handle()
#29 /var/www/norloxsolutionscrm.com/wowcrm/vendor/laravel/framework/src/Illuminate/Pipeline/Pipeline.php(127): Illuminate\\Pipeline\\Pipeline->Illuminate\\Pipeline\\{closure}()
#30 /var/www/norloxsolutionscrm.com/wowcrm/vendor/laravel/framework/src/Illuminate/Routing/Router.php(807): Illuminate\\Pipeline\\Pipeline->then()
#31 /var/www/norloxsolutionscrm.com/wowcrm/vendor/laravel/framework/src/Illuminate/Routing/Router.php(786): Illuminate\\Routing\\Router->runRouteWithinStack()
#32 /var/www/norloxsolutionscrm.com/wowcrm/vendor/laravel/framework/src/Illuminate/Routing/Router.php(750): Illuminate\\Routing\\Router->runRoute()
#33 /var/www/norloxsolutionscrm.com/wowcrm/vendor/laravel/framework/src/Illuminate/Routing/Router.php(739): Illuminate\\Routing\\Router->dispatchToRoute()
#34 /var/www/norloxsolutionscrm.com/wowcrm/vendor/laravel/framework/src/Illuminate/Foundation/Http/Kernel.php(201): Illuminate\\Routing\\Router->dispatch()
#35 /var/www/norloxsolutionscrm.com/wowcrm/vendor/laravel/framework/src/Illuminate/Pipeline/Pipeline.php(170): Illuminate\\Foundation\\Http\\Kernel->Illuminate\\Foundation\\Http\\{closure}()
#36 /var/www/norloxsolutionscrm.com/wowcrm/vendor/laravel/framework/src/Illuminate/Foundation/Http/Middleware/TransformsRequest.php(21): Illuminate\\Pipeline\\Pipeline->Illuminate\\Pipeline\\{closure}()
#37 /var/www/norloxsolutionscrm.com/wowcrm/vendor/laravel/framework/src/Illuminate/Foundation/Http/Middleware/ConvertEmptyStringsToNull.php(31): Illuminate\\Foundation\\Http\\Middleware\\TransformsRequest->handle()
#38 /var/www/norloxsolutionscrm.com/wowcrm/vendor/laravel/framework/src/Illuminate/Pipeline/Pipeline.php(209): Illuminate\\Foundation\\Http\\Middleware\\ConvertEmptyStringsToNull->handle()
#39 /var/www/norloxsolutionscrm.com/wowcrm/vendor/laravel/framework/src/Illuminate/Foundation/Http/Middleware/TransformsRequest.php(21): Illuminate\\Pipeline\\Pipeline->Illuminate\\Pipeline\\{closure}()
#40 /var/www/norloxsolutionscrm.com/wowcrm/vendor/laravel/framework/src/Illuminate/Foundation/Http/Middleware/TrimStrings.php(51): Illuminate\\Foundation\\Http\\Middleware\\TransformsRequest->handle()
#41 /var/www/norloxsolutionscrm.com/wowcrm/vendor/laravel/framework/src/Illuminate/Pipeline/Pipeline.php(209): Illuminate\\Foundation\\Http\\Middleware\\TrimStrings->handle()
#42 /var/www/norloxsolutionscrm.com/wowcrm/vendor/laravel/framework/src/Illuminate/Http/Middleware/ValidatePostSize.php(27): Illuminate\\Pipeline\\Pipeline->Illuminate\\Pipeline\\{closure}()
#43 /var/www/norloxsolutionscrm.com/wowcrm/vendor/laravel/framework/src/Illuminate/Pipeline/Pipeline.php(209): Illuminate\\Http\\Middleware\\ValidatePostSize->handle()
#44 /var/www/norloxsolutionscrm.com/wowcrm/vendor/laravel/framework/src/Illuminate/Foundation/Http/Middleware/PreventRequestsDuringMaintenance.php(110): Illuminate\\Pipeline\\Pipeline->Illuminate\\Pipeline\\{closure}()
#45 /var/www/norloxsolutionscrm.com/wowcrm/vendor/laravel/framework/src/Illuminate/Pipeline/Pipeline.php(209): Illuminate\\Foundation\\Http\\Middleware\\PreventRequestsDuringMaintenance->handle()
#46 /var/www/norloxsolutionscrm.com/wowcrm/vendor/laravel/framework/src/Illuminate/Http/Middleware/HandleCors.php(49): Illuminate\\Pipeline\\Pipeline->Illuminate\\Pipeline\\{closure}()
#47 /var/www/norloxsolutionscrm.com/wowcrm/vendor/laravel/framework/src/Illuminate/Pipeline/Pipeline.php(209): Illuminate\\Http\\Middleware\\HandleCors->handle()
#48 /var/www/norloxsolutionscrm.com/wowcrm/vendor/laravel/framework/src/Illuminate/Http/Middleware/TrustProxies.php(58): Illuminate\\Pipeline\\Pipeline->Illuminate\\Pipeline\\{closure}()
#49 /var/www/norloxsolutionscrm.com/wowcrm/vendor/laravel/framework/src/Illuminate/Pipeline/Pipeline.php(209): Illuminate\\Http\\Middleware\\TrustProxies->handle()
#50 /var/www/norloxsolutionscrm.com/wowcrm/vendor/laravel/framework/src/Illuminate/Foundation/Http/Middleware/InvokeDeferredCallbacks.php(22): Illuminate\\Pipeline\\Pipeline->Illuminate\\Pipeline\\{closure}()
#51 /var/www/norloxsolutionscrm.com/wowcrm/vendor/laravel/framework/src/Illuminate/Pipeline/Pipeline.php(209): Illuminate\\Foundation\\Http\\Middleware\\InvokeDeferredCallbacks->handle()
#52 /var/www/norloxsolutionscrm.com/wowcrm/vendor/laravel/framework/src/Illuminate/Pipeline/Pipeline.php(127): Illuminate\\Pipeline\\Pipeline->Illuminate\\Pipeline\\{closure}()
#53 /var/www/norloxsolutionscrm.com/wowcrm/vendor/laravel/framework/src/Illuminate/Foundation/Http/Kernel.php(176): Illuminate\\Pipeline\\Pipeline->then()
#54 /var/www/norloxsolutionscrm.com/wowcrm/vendor/laravel/framework/src/Illuminate/Foundation/Http/Kernel.php(145): Illuminate\\Foundation\\Http\\Kernel->sendRequestThroughRouter()
#55 /var/www/norloxsolutionscrm.com/wowcrm/vendor/laravel/framework/src/Illuminate/Foundation/Application.php(1220): Illuminate\\Foundation\\Http\\Kernel->handle()
#56 /var/www/norloxsolutionscrm.com/wowcrm/index.php(17): Illuminate\\Foundation\\Application->handleRequest()
#57 {main}

[previous exception] [object] (PDOException(code: 01000): SQLSTATE[01000]: Warning: 1265 Data truncated for column 'gender' at row 1 at /var/www/norloxsolutionscrm.com/wowcrm/vendor/laravel/framework/src/Illuminate/Database/Connection.php:596)
[stacktrace]
#0 /var/www/norloxsolutionscrm.com/wowcrm/vendor/laravel/framework/src/Illuminate/Database/Connection.php(596): PDOStatement->execute()
#1 /var/www/norloxsolutionscrm.com/wowcrm/vendor/laravel/framework/src/Illuminate/Database/Connection.php(812): Illuminate\\Database\\Connection->Illuminate\\Database\\{closure}()
#2 /var/www/norloxsolutionscrm.com/wowcrm/vendor/laravel/framework/src/Illuminate/Database/Connection.php(779): Illuminate\\Database\\Connection->runQueryCallback()
#3 /var/www/norloxsolutionscrm.com/wowcrm/vendor/laravel/framework/src/Illuminate/Database/Connection.php(584): Illuminate\\Database\\Connection->run()
#4 /var/www/norloxsolutionscrm.com/wowcrm/vendor/laravel/framework/src/Illuminate/Database/Connection.php(536): Illuminate\\Database\\Connection->affectingStatement()
#5 /var/www/norloxsolutionscrm.com/wowcrm/vendor/laravel/framework/src/Illuminate/Database/Query/Builder.php(3830): Illuminate\\Database\\Connection->update()
#6 /var/www/norloxsolutionscrm.com/wowcrm/vendor/laravel/framework/src/Illuminate/Database/Eloquent/Builder.php(1175): Illuminate\\Database\\Query\\Builder->update()
#7 /var/www/norloxsolutionscrm.com/wowcrm/vendor/laravel/framework/src/Illuminate/Database/Eloquent/Model.php(1239): Illuminate\\Database\\Eloquent\\Builder->update()
#8 /var/www/norloxsolutionscrm.com/wowcrm/vendor/laravel/framework/src/Illuminate/Database/Eloquent/Model.php(1156): Illuminate\\Database\\Eloquent\\Model->performUpdate()
#9 /var/www/norloxsolutionscrm.com/wowcrm/vendor/laravel/framework/src/Illuminate/Database/Eloquent/Model.php(1014): Illuminate\\Database\\Eloquent\\Model->save()
#10 /var/www/norloxsolutionscrm.com/wowcrm/app/Http/Controllers/UserController.php(399): Illuminate\\Database\\Eloquent\\Model->update()
#11 /var/www/norloxsolutionscrm.com/wowcrm/vendor/laravel/framework/src/Illuminate/Routing/ControllerDispatcher.php(47): App\\Http\\Controllers\\UserController->seniorupdate()
#12 /var/www/norloxsolutionscrm.com/wowcrm/vendor/laravel/framework/src/Illuminate/Routing/Route.php(266): Illuminate\\Routing\\ControllerDispatcher->dispatch()
#13 /var/www/norloxsolutionscrm.com/wowcrm/vendor/laravel/framework/src/Illuminate/Routing/Route.php(212): Illuminate\\Routing\\Route->runController()
#14 /var/www/norloxsolutionscrm.com/wowcrm/vendor/laravel/framework/src/Illuminate/Routing/Router.php(808): Illuminate\\Routing\\Route->run()
#15 /var/www/norloxsolutionscrm.com/wowcrm/vendor/laravel/framework/src/Illuminate/Pipeline/Pipeline.php(170): Illuminate\\Routing\\Router->Illuminate\\Routing\\{closure}()
#16 /var/www/norloxsolutionscrm.com/wowcrm/vendor/laravel/framework/src/Illuminate/Routing/Middleware/SubstituteBindings.php(51): Illuminate\\Pipeline\\Pipeline->Illuminate\\Pipeline\\{closure}()
#17 /var/www/norloxsolutionscrm.com/wowcrm/vendor/laravel/framework/src/Illuminate/Pipeline/Pipeline.php(209): Illuminate\\Routing\\Middleware\\SubstituteBindings->handle()
#18 /var/www/norloxsolutionscrm.com/wowcrm/vendor/laravel/framework/src/Illuminate/Auth/Middleware/Authenticate.php(64): Illuminate\\Pipeline\\Pipeline->Illuminate\\Pipeline\\{closure}()
#19 /var/www/norloxsolutionscrm.com/wowcrm/vendor/laravel/framework/src/Illuminate/Pipeline/Pipeline.php(209): Illuminate\\Auth\\Middleware\\Authenticate->handle()
#20 /var/www/norloxsolutionscrm.com/wowcrm/vendor/laravel/framework/src/Illuminate/Foundation/Http/Middleware/VerifyCsrfToken.php(88): Illuminate\\Pipeline\\Pipeline->Illuminate\\Pipeline\\{closure}()
#21 /var/www/norloxsolutionscrm.com/wowcrm/vendor/laravel/framework/src/Illuminate/Pipeline/Pipeline.php(209): Illuminate\\Foundation\\Http\\Middleware\\VerifyCsrfToken->handle()
#22 /var/www/norloxsolutionscrm.com/wowcrm/vendor/laravel/framework/src/Illuminate/View/Middleware/ShareErrorsFromSession.php(49): Illuminate\\Pipeline\\Pipeline->Illuminate\\Pipeline\\{closure}()
#23 /var/www/norloxsolutionscrm.com/wowcrm/vendor/laravel/framework/src/Illuminate/Pipeline/Pipeline.php(209): Illuminate\\View\\Middleware\\ShareErrorsFromSession->handle()
#24 /var/www/norloxsolutionscrm.com/wowcrm/vendor/laravel/framework/src/Illuminate/Session/Middleware/StartSession.php(121): Illuminate\\Pipeline\\Pipeline->Illuminate\\Pipeline\\{closure}()
#25 /var/www/norloxsolutionscrm.com/wowcrm/vendor/laravel/framework/src/Illuminate/Session/Middleware/StartSession.php(64): Illuminate\\Session\\Middleware\\StartSession->handleStatefulRequest()
#26 /var/www/norloxsolutionscrm.com/wowcrm/vendor/laravel/framework/src/Illuminate/Pipeline/Pipeline.php(209): Illuminate\\Session\\Middleware\\StartSession->handle()
#27 /var/www/norloxsolutionscrm.com/wowcrm/vendor/laravel/framework/src/Illuminate/Cookie/Middleware/AddQueuedCookiesToResponse.php(37): Illuminate\\Pipeline\\Pipeline->Illuminate\\Pipeline\\{closure}()
#28 /var/www/norloxsolutionscrm.com/wowcrm/vendor/laravel/framework/src/Illuminate/Pipeline/Pipeline.php(209): Illuminate\\Cookie\\Middleware\\AddQueuedCookiesToResponse->handle()
#29 /var/www/norloxsolutionscrm.com/wowcrm/vendor/laravel/framework/src/Illuminate/Cookie/Middleware/EncryptCookies.php(75): Illuminate\\Pipeline\\Pipeline->Illuminate\\Pipeline\\{closure}()
#30 /var/www/norloxsolutionscrm.com/wowcrm/vendor/laravel/framework/src/Illuminate/Pipeline/Pipeline.php(209): Illuminate\\Cookie\\Middleware\\EncryptCookies->handle()
#31 /var/www/norloxsolutionscrm.com/wowcrm/vendor/laravel/framework/src/Illuminate/Pipeline/Pipeline.php(127): Illuminate\\Pipeline\\Pipeline->Illuminate\\Pipeline\\{closure}()
#32 /var/www/norloxsolutionscrm.com/wowcrm/vendor/laravel/framework/src/Illuminate/Routing/Router.php(807): Illuminate\\Pipeline\\Pipeline->then()
#33 /var/www/norloxsolutionscrm.com/wowcrm/vendor/laravel/framework/src/Illuminate/Routing/Router.php(786): Illuminate\\Routing\\Router->runRouteWithinStack()
#34 /var/www/norloxsolutionscrm.com/wowcrm/vendor/laravel/framework/src/Illuminate/Routing/Router.php(750): Illuminate\\Routing\\Router->runRoute()
#35 /var/www/norloxsolutionscrm.com/wowcrm/vendor/laravel/framework/src/Illuminate/Routing/Router.php(739): Illuminate\\Routing\\Router->dispatchToRoute()
#36 /var/www/norloxsolutionscrm.com/wowcrm/vendor/laravel/framework/src/Illuminate/Foundation/Http/Kernel.php(201): Illuminate\\Routing\\Router->dispatch()
#37 /var/www/norloxsolutionscrm.com/wowcrm/vendor/laravel/framework/src/Illuminate/Pipeline/Pipeline.php(170): Illuminate\\Foundation\\Http\\Kernel->Illuminate\\Foundation\\Http\\{closure}()
#38 /var/www/norloxsolutionscrm.com/wowcrm/vendor/laravel/framework/src/Illuminate/Foundation/Http/Middleware/TransformsRequest.php(21): Illuminate\\Pipeline\\Pipeline->Illuminate\\Pipeline\\{closure}()
#39 /var/www/norloxsolutionscrm.com/wowcrm/vendor/laravel/framework/src/Illuminate/Foundation/Http/Middleware/ConvertEmptyStringsToNull.php(31): Illuminate\\Foundation\\Http\\Middleware\\TransformsRequest->handle()
#40 /var/www/norloxsolutionscrm.com/wowcrm/vendor/laravel/framework/src/Illuminate/Pipeline/Pipeline.php(209): Illuminate\\Foundation\\Http\\Middleware\\ConvertEmptyStringsToNull->handle()
#41 /var/www/norloxsolutionscrm.com/wowcrm/vendor/laravel/framework/src/Illuminate/Foundation/Http/Middleware/TransformsRequest.php(21): Illuminate\\Pipeline\\Pipeline->Illuminate\\Pipeline\\{closure}()
#42 /var/www/norloxsolutionscrm.com/wowcrm/vendor/laravel/framework/src/Illuminate/Foundation/Http/Middleware/TrimStrings.php(51): Illuminate\\Foundation\\Http\\Middleware\\TransformsRequest->handle()
#43 /var/www/norloxsolutionscrm.com/wowcrm/vendor/laravel/framework/src/Illuminate/Pipeline/Pipeline.php(209): Illuminate\\Foundation\\Http\\Middleware\\TrimStrings->handle()
#44 /var/www/norloxsolutionscrm.com/wowcrm/vendor/laravel/framework/src/Illuminate/Http/Middleware/ValidatePostSize.php(27): Illuminate\\Pipeline\\Pipeline->Illuminate\\Pipeline\\{closure}()
#45 /var/www/norloxsolutionscrm.com/wowcrm/vendor/laravel/framework/src/Illuminate/Pipeline/Pipeline.php(209): Illuminate\\Http\\Middleware\\ValidatePostSize->handle()
#46 /var/www/norloxsolutionscrm.com/wowcrm/vendor/laravel/framework/src/Illuminate/Foundation/Http/Middleware/PreventRequestsDuringMaintenance.php(110): Illuminate\\Pipeline\\Pipeline->Illuminate\\Pipeline\\{closure}()
#47 /var/www/norloxsolutionscrm.com/wowcrm/vendor/laravel/framework/src/Illuminate/Pipeline/Pipeline.php(209): Illuminate\\Foundation\\Http\\Middleware\\PreventRequestsDuringMaintenance->handle()
#48 /var/www/norloxsolutionscrm.com/wowcrm/vendor/laravel/framework/src/Illuminate/Http/Middleware/HandleCors.php(49): Illuminate\\Pipeline\\Pipeline->Illuminate\\Pipeline\\{closure}()
#49 /var/www/norloxsolutionscrm.com/wowcrm/vendor/laravel/framework/src/Illuminate/Pipeline/Pipeline.php(209): Illuminate\\Http\\Middleware\\HandleCors->handle()
#50 /var/www/norloxsolutionscrm.com/wowcrm/vendor/laravel/framework/src/Illuminate/Http/Middleware/TrustProxies.php(58): Illuminate\\Pipeline\\Pipeline->Illuminate\\Pipeline\\{closure}()
#51 /var/www/norloxsolutionscrm.com/wowcrm/vendor/laravel/framework/src/Illuminate/Pipeline/Pipeline.php(209): Illuminate\\Http\\Middleware\\TrustProxies->handle()
#52 /var/www/norloxsolutionscrm.com/wowcrm/vendor/laravel/framework/src/Illuminate/Foundation/Http/Middleware/InvokeDeferredCallbacks.php(22): Illuminate\\Pipeline\\Pipeline->Illuminate\\Pipeline\\{closure}()
#53 /var/www/norloxsolutionscrm.com/wowcrm/vendor/laravel/framework/src/Illuminate/Pipeline/Pipeline.php(209): Illuminate\\Foundation\\Http\\Middleware\\InvokeDeferredCallbacks->handle()
#54 /var/www/norloxsolutionscrm.com/wowcrm/vendor/laravel/framework/src/Illuminate/Pipeline/Pipeline.php(127): Illuminate\\Pipeline\\Pipeline->Illuminate\\Pipeline\\{closure}()
#55 /var/www/norloxsolutionscrm.com/wowcrm/vendor/laravel/framework/src/Illuminate/Foundation/Http/Kernel.php(176): Illuminate\\Pipeline\\Pipeline->then()
#56 /var/www/norloxsolutionscrm.com/wowcrm/vendor/laravel/framework/src/Illuminate/Foundation/Http/Kernel.php(145): Illuminate\\Foundation\\Http\\Kernel->sendRequestThroughRouter()
#57 /var/www/norloxsolutionscrm.com/wowcrm/vendor/laravel/framework/src/Illuminate/Foundation/Application.php(1220): Illuminate\\Foundation\\Http\\Kernel->handle()
#58 /var/www/norloxsolutionscrm.com/wowcrm/index.php(17): Illuminate\\Foundation\\Application->handleRequest()
#59 {main}
"} 
[2026-02-06 15:23:00] local.ERROR: The PHP GD extension is required, but is not installed. {"userId":32,"exception":"[object] (Exception(code: 0): The PHP GD extension is required, but is not installed. at /var/www/norloxsolutionscrm.com/wowcrm/vendor/dompdf/dompdf/lib/Cpdf.php:6207)
[stacktrace]
#0 /var/www/norloxsolutionscrm.com/wowcrm/vendor/dompdf/dompdf/src/Adapter/CPDF.php(674): Dompdf\\Cpdf->addPngFromFile()
#1 /var/www/norloxsolutionscrm.com/wowcrm/vendor/dompdf/dompdf/src/Renderer/Image.php(63): Dompdf\\Adapter\\CPDF->image()
#2 /var/www/norloxsolutionscrm.com/wowcrm/vendor/dompdf/dompdf/src/Renderer.php(305): Dompdf\\Renderer\\Image->render()
#3 /var/www/norloxsolutionscrm.com/wowcrm/vendor/dompdf/dompdf/src/Renderer.php(140): Dompdf\\Renderer->_render_frame()
#4 /var/www/norloxsolutionscrm.com/wowcrm/vendor/dompdf/dompdf/src/Renderer.php(207): Dompdf\\Renderer->render()
#5 /var/www/norloxsolutionscrm.com/wowcrm/vendor/dompdf/dompdf/src/Renderer.php(207): Dompdf\\Renderer->render()
#6 /var/www/norloxsolutionscrm.com/wowcrm/vendor/dompdf/dompdf/src/Renderer.php(207): Dompdf\\Renderer->render()
#7 /var/www/norloxsolutionscrm.com/wowcrm/vendor/dompdf/dompdf/src/FrameReflower/Page.php(148): Dompdf\\Renderer->render()
#8 /var/www/norloxsolutionscrm.com/wowcrm/vendor/dompdf/dompdf/src/FrameDecorator/AbstractFrameDecorator.php(915): Dompdf\\FrameReflower\\Page->reflow()
#9 /var/www/norloxsolutionscrm.com/wowcrm/vendor/dompdf/dompdf/src/Dompdf.php(815): Dompdf\\FrameDecorator\\AbstractFrameDecorator->reflow()
#10 /var/www/norloxsolutionscrm.com/wowcrm/app/Http/Controllers/GoogleSheetController.php(7230): Dompdf\\Dompdf->render()
#11 /var/www/norloxsolutionscrm.com/wowcrm/vendor/laravel/framework/src/Illuminate/Routing/ControllerDispatcher.php(47): App\\Http\\Controllers\\GoogleSheetController->viewJuniorResume()
#12 /var/www/norloxsolutionscrm.com/wowcrm/vendor/laravel/framework/src/Illuminate/Routing/Route.php(266): Illuminate\\Routing\\ControllerDispatcher->dispatch()
#13 /var/www/norloxsolutionscrm.com/wowcrm/vendor/laravel/framework/src/Illuminate/Routing/Route.php(212): Illuminate\\Routing\\Route->runController()
#14 /var/www/norloxsolutionscrm.com/wowcrm/vendor/laravel/framework/src/Illuminate/Routing/Router.php(808): Illuminate\\Routing\\Route->run()
#15 /var/www/norloxsolutionscrm.com/wowcrm/vendor/laravel/framework/src/Illuminate/Pipeline/Pipeline.php(170): Illuminate\\Routing\\Router->Illuminate\\Routing\\{closure}()
#16 /var/www/norloxsolutionscrm.com/wowcrm/vendor/laravel/framework/src/Illuminate/Routing/Middleware/SubstituteBindings.php(51): Illuminate\\Pipeline\\Pipeline->Illuminate\\Pipeline\\{closure}()
#17 /var/www/norloxsolutionscrm.com/wowcrm/vendor/laravel/framework/src/Illuminate/Pipeline/Pipeline.php(209): Illuminate\\Routing\\Middleware\\SubstituteBindings->handle()
#18 /var/www/norloxsolutionscrm.com/wowcrm/vendor/laravel/framework/src/Illuminate/Auth/Middleware/Authenticate.php(64): Illuminate\\Pipeline\\Pipeline->Illuminate\\Pipeline\\{closure}()
#19 /var/www/norloxsolutionscrm.com/wowcrm/vendor/laravel/framework/src/Illuminate/Pipeline/Pipeline.php(209): Illuminate\\Auth\\Middleware\\Authenticate->handle()
#20 /var/www/norloxsolutionscrm.com/wowcrm/vendor/laravel/framework/src/Illuminate/Foundation/Http/Middleware/VerifyCsrfToken.php(88): Illuminate\\Pipeline\\Pipeline->Illuminate\\Pipeline\\{closure}()
#21 /var/www/norloxsolutionscrm.com/wowcrm/vendor/laravel/framework/src/Illuminate/Pipeline/Pipeline.php(209): Illuminate\\Foundation\\Http\\Middleware\\VerifyCsrfToken->handle()
#22 /var/www/norloxsolutionscrm.com/wowcrm/vendor/laravel/framework/src/Illuminate/View/Middleware/ShareErrorsFromSession.php(49): Illuminate\\Pipeline\\Pipeline->Illuminate\\Pipeline\\{closure}()
#23 /var/www/norloxsolutionscrm.com/wowcrm/vendor/laravel/framework/src/Illuminate/Pipeline/Pipeline.php(209): Illuminate\\View\\Middleware\\ShareErrorsFromSession->handle()
#24 /var/www/norloxsolutionscrm.com/wowcrm/vendor/laravel/framework/src/Illuminate/Session/Middleware/StartSession.php(121): Illuminate\\Pipeline\\Pipeline->Illuminate\\Pipeline\\{closure}()
#25 /var/www/norloxsolutionscrm.com/wowcrm/vendor/laravel/framework/src/Illuminate/Session/Middleware/StartSession.php(64): Illuminate\\Session\\Middleware\\StartSession->handleStatefulRequest()
#26 /var/www/norloxsolutionscrm.com/wowcrm/vendor/laravel/framework/src/Illuminate/Pipeline/Pipeline.php(209): Illuminate\\Session\\Middleware\\StartSession->handle()
#27 /var/www/norloxsolutionscrm.com/wowcrm/vendor/laravel/framework/src/Illuminate/Cookie/Middleware/AddQueuedCookiesToResponse.php(37): Illuminate\\Pipeline\\Pipeline->Illuminate\\Pipeline\\{closure}()
#28 /var/www/norloxsolutionscrm.com/wowcrm/vendor/laravel/framework/src/Illuminate/Pipeline/Pipeline.php(209): Illuminate\\Cookie\\Middleware\\AddQueuedCookiesToResponse->handle()
#29 /var/www/norloxsolutionscrm.com/wowcrm/vendor/laravel/framework/src/Illuminate/Cookie/Middleware/EncryptCookies.php(75): Illuminate\\Pipeline\\Pipeline->Illuminate\\Pipeline\\{closure}()
#30 /var/www/norloxsolutionscrm.com/wowcrm/vendor/laravel/framework/src/Illuminate/Pipeline/Pipeline.php(209): Illuminate\\Cookie\\Middleware\\EncryptCookies->handle()
#31 /var/www/norloxsolutionscrm.com/wowcrm/vendor/laravel/framework/src/Illuminate/Pipeline/Pipeline.php(127): Illuminate\\Pipeline\\Pipeline->Illuminate\\Pipeline\\{closure}()
#32 /var/www/norloxsolutionscrm.com/wowcrm/vendor/laravel/framework/src/Illuminate/Routing/Router.php(807): Illuminate\\Pipeline\\Pipeline->then()
#33 /var/www/norloxsolutionscrm.com/wowcrm/vendor/laravel/framework/src/Illuminate/Routing/Router.php(786): Illuminate\\Routing\\Router->runRouteWithinStack()
#34 /var/www/norloxsolutionscrm.com/wowcrm/vendor/laravel/framework/src/Illuminate/Routing/Router.php(750): Illuminate\\Routing\\Router->runRoute()
#35 /var/www/norloxsolutionscrm.com/wowcrm/vendor/laravel/framework/src/Illuminate/Routing/Router.php(739): Illuminate\\Routing\\Router->dispatchToRoute()
#36 /var/www/norloxsolutionscrm.com/wowcrm/vendor/laravel/framework/src/Illuminate/Foundation/Http/Kernel.php(201): Illuminate\\Routing\\Router->dispatch()
#37 /var/www/norloxsolutionscrm.com/wowcrm/vendor/laravel/framework/src/Illuminate/Pipeline/Pipeline.php(170): Illuminate\\Foundation\\Http\\Kernel->Illuminate\\Foundation\\Http\\{closure}()
#38 /var/www/norloxsolutionscrm.com/wowcrm/vendor/laravel/framework/src/Illuminate/Foundation/Http/Middleware/TransformsRequest.php(21): Illuminate\\Pipeline\\Pipeline->Illuminate\\Pipeline\\{closure}()
#39 /var/www/norloxsolutionscrm.com/wowcrm/vendor/laravel/framework/src/Illuminate/Foundation/Http/Middleware/ConvertEmptyStringsToNull.php(31): Illuminate\\Foundation\\Http\\Middleware\\TransformsRequest->handle()
#40 /var/www/norloxsolutionscrm.com/wowcrm/vendor/laravel/framework/src/Illuminate/Pipeline/Pipeline.php(209): Illuminate\\Foundation\\Http\\Middleware\\ConvertEmptyStringsToNull->handle()
#41 /var/www/norloxsolutionscrm.com/wowcrm/vendor/laravel/framework/src/Illuminate/Foundation/Http/Middleware/TransformsRequest.php(21): Illuminate\\Pipeline\\Pipeline->Illuminate\\Pipeline\\{closure}()
#42 /var/www/norloxsolutionscrm.com/wowcrm/vendor/laravel/framework/src/Illuminate/Foundation/Http/Middleware/TrimStrings.php(51): Illuminate\\Foundation\\Http\\Middleware\\TransformsRequest->handle()
#43 /var/www/norloxsolutionscrm.com/wowcrm/vendor/laravel/framework/src/Illuminate/Pipeline/Pipeline.php(209): Illuminate\\Foundation\\Http\\Middleware\\TrimStrings->handle()
#44 /var/www/norloxsolutionscrm.com/wowcrm/vendor/laravel/framework/src/Illuminate/Http/Middleware/ValidatePostSize.php(27): Illuminate\\Pipeline\\Pipeline->Illuminate\\Pipeline\\{closure}()
#45 /var/www/norloxsolutionscrm.com/wowcrm/vendor/laravel/framework/src/Illuminate/Pipeline/Pipeline.php(209): Illuminate\\Http\\Middleware\\ValidatePostSize->handle()
#46 /var/www/norloxsolutionscrm.com/wowcrm/vendor/laravel/framework/src/Illuminate/Foundation/Http/Middleware/PreventRequestsDuringMaintenance.php(110): Illuminate\\Pipeline\\Pipeline->Illuminate\\Pipeline\\{closure}()
#47 /var/www/norloxsolutionscrm.com/wowcrm/vendor/laravel/framework/src/Illuminate/Pipeline/Pipeline.php(209): Illuminate\\Foundation\\Http\\Middleware\\PreventRequestsDuringMaintenance->handle()
#48 /var/www/norloxsolutionscrm.com/wowcrm/vendor/laravel/framework/src/Illuminate/Http/Middleware/HandleCors.php(49): Illuminate\\Pipeline\\Pipeline->Illuminate\\Pipeline\\{closure}()
#49 /var/www/norloxsolutionscrm.com/wowcrm/vendor/laravel/framework/src/Illuminate/Pipeline/Pipeline.php(209): Illuminate\\Http\\Middleware\\HandleCors->handle()
#50 /var/www/norloxsolutionscrm.com/wowcrm/vendor/laravel/framework/src/Illuminate/Http/Middleware/TrustProxies.php(58): Illuminate\\Pipeline\\Pipeline->Illuminate\\Pipeline\\{closure}()
#51 /var/www/norloxsolutionscrm.com/wowcrm/vendor/laravel/framework/src/Illuminate/Pipeline/Pipeline.php(209): Illuminate\\Http\\Middleware\\TrustProxies->handle()
#52 /var/www/norloxsolutionscrm.com/wowcrm/vendor/laravel/framework/src/Illuminate/Foundation/Http/Middleware/InvokeDeferredCallbacks.php(22): Illuminate\\Pipeline\\Pipeline->Illuminate\\Pipeline\\{closure}()
#53 /var/www/norloxsolutionscrm.com/wowcrm/vendor/laravel/framework/src/Illuminate/Pipeline/Pipeline.php(209): Illuminate\\Foundation\\Http\\Middleware\\InvokeDeferredCallbacks->handle()
#54 /var/www/norloxsolutionscrm.com/wowcrm/vendor/laravel/framework/src/Illuminate/Pipeline/Pipeline.php(127): Illuminate\\Pipeline\\Pipeline->Illuminate\\Pipeline\\{closure}()
#55 /var/www/norloxsolutionscrm.com/wowcrm/vendor/laravel/framework/src/Illuminate/Foundation/Http/Kernel.php(176): Illuminate\\Pipeline\\Pipeline->then()
#56 /var/www/norloxsolutionscrm.com/wowcrm/vendor/laravel/framework/src/Illuminate/Foundation/Http/Kernel.php(145): Illuminate\\Foundation\\Http\\Kernel->sendRequestThroughRouter()
#57 /var/www/norloxsolutionscrm.com/wowcrm/vendor/laravel/framework/src/Illuminate/Foundation/Application.php(1220): Illuminate\\Foundation\\Http\\Kernel->handle()
#58 /var/www/norloxsolutionscrm.com/wowcrm/index.php(17): Illuminate\\Foundation\\Application->handleRequest()
#59 {main}
"} 
[2026-02-06 15:58:40] local.ERROR: The PHP GD extension is required, but is not installed. {"userId":79,"exception":"[object] (Exception(code: 0): The PHP GD extension is required, but is not installed. at /var/www/norloxsolutionscrm.com/wowcrm/vendor/dompdf/dompdf/lib/Cpdf.php:6207)
[stacktrace]
#0 /var/www/norloxsolutionscrm.com/wowcrm/vendor/dompdf/dompdf/src/Adapter/CPDF.php(674): Dompdf\\Cpdf->addPngFromFile()
#1 /var/www/norloxsolutionscrm.com/wowcrm/vendor/dompdf/dompdf/src/Renderer/Image.php(63): Dompdf\\Adapter\\CPDF->image()
#2 /var/www/norloxsolutionscrm.com/wowcrm/vendor/dompdf/dompdf/src/Renderer.php(305): Dompdf\\Renderer\\Image->render()
#3 /var/www/norloxsolutionscrm.com/wowcrm/vendor/dompdf/dompdf/src/Renderer.php(140): Dompdf\\Renderer->_render_frame()
#4 /var/www/norloxsolutionscrm.com/wowcrm/vendor/dompdf/dompdf/src/Renderer.php(207): Dompdf\\Renderer->render()
#5 /var/www/norloxsolutionscrm.com/wowcrm/vendor/dompdf/dompdf/src/Renderer.php(207): Dompdf\\Renderer->render()
#6 /var/www/norloxsolutionscrm.com/wowcrm/vendor/dompdf/dompdf/src/Renderer.php(207): Dompdf\\Renderer->render()
#7 /var/www/norloxsolutionscrm.com/wowcrm/vendor/dompdf/dompdf/src/FrameReflower/Page.php(148): Dompdf\\Renderer->render()
#8 /var/www/norloxsolutionscrm.com/wowcrm/vendor/dompdf/dompdf/src/FrameDecorator/AbstractFrameDecorator.php(915): Dompdf\\FrameReflower\\Page->reflow()
#9 /var/www/norloxsolutionscrm.com/wowcrm/vendor/dompdf/dompdf/src/Dompdf.php(815): Dompdf\\FrameDecorator\\AbstractFrameDecorator->reflow()
#10 /var/www/norloxsolutionscrm.com/wowcrm/app/Http/Controllers/GoogleSheetController.php(7230): Dompdf\\Dompdf->render()
#11 /var/www/norloxsolutionscrm.com/wowcrm/vendor/laravel/framework/src/Illuminate/Routing/ControllerDispatcher.php(47): App\\Http\\Controllers\\GoogleSheetController->viewJuniorResume()
#12 /var/www/norloxsolutionscrm.com/wowcrm/vendor/laravel/framework/src/Illuminate/Routing/Route.php(266): Illuminate\\Routing\\ControllerDispatcher->dispatch()
#13 /var/www/norloxsolutionscrm.com/wowcrm/vendor/laravel/framework/src/Illuminate/Routing/Route.php(212): Illuminate\\Routing\\Route->runController()
#14 /var/www/norloxsolutionscrm.com/wowcrm/vendor/laravel/framework/src/Illuminate/Routing/Router.php(808): Illuminate\\Routing\\Route->run()
#15 /var/www/norloxsolutionscrm.com/wowcrm/vendor/laravel/framework/src/Illuminate/Pipeline/Pipeline.php(170): Illuminate\\Routing\\Router->Illuminate\\Routing\\{closure}()
#16 /var/www/norloxsolutionscrm.com/wowcrm/vendor/laravel/framework/src/Illuminate/Routing/Middleware/SubstituteBindings.php(51): Illuminate\\Pipeline\\Pipeline->Illuminate\\Pipeline\\{closure}()
#17 /var/www/norloxsolutionscrm.com/wowcrm/vendor/laravel/framework/src/Illuminate/Pipeline/Pipeline.php(209): Illuminate\\Routing\\Middleware\\SubstituteBindings->handle()
#18 /var/www/norloxsolutionscrm.com/wowcrm/vendor/laravel/framework/src/Illuminate/Auth/Middleware/Authenticate.php(64): Illuminate\\Pipeline\\Pipeline->Illuminate\\Pipeline\\{closure}()
#19 /var/www/norloxsolutionscrm.com/wowcrm/vendor/laravel/framework/src/Illuminate/Pipeline/Pipeline.php(209): Illuminate\\Auth\\Middleware\\Authenticate->handle()
#20 /var/www/norloxsolutionscrm.com/wowcrm/vendor/laravel/framework/src/Illuminate/Foundation/Http/Middleware/VerifyCsrfToken.php(88): Illuminate\\Pipeline\\Pipeline->Illuminate\\Pipeline\\{closure}()
#21 /var/www/norloxsolutionscrm.com/wowcrm/vendor/laravel/framework/src/Illuminate/Pipeline/Pipeline.php(209): Illuminate\\Foundation\\Http\\Middleware\\VerifyCsrfToken->handle()
#22 /var/www/norloxsolutionscrm.com/wowcrm/vendor/laravel/framework/src/Illuminate/View/Middleware/ShareErrorsFromSession.php(49): Illuminate\\Pipeline\\Pipeline->Illuminate\\Pipeline\\{closure}()
#23 /var/www/norloxsolutionscrm.com/wowcrm/vendor/laravel/framework/src/Illuminate/Pipeline/Pipeline.php(209): Illuminate\\View\\Middleware\\ShareErrorsFromSession->handle()
#24 /var/www/norloxsolutionscrm.com/wowcrm/vendor/laravel/framework/src/Illuminate/Session/Middleware/StartSession.php(121): Illuminate\\Pipeline\\Pipeline->Illuminate\\Pipeline\\{closure}()
#25 /var/www/norloxsolutionscrm.com/wowcrm/vendor/laravel/framework/src/Illuminate/Session/Middleware/StartSession.php(64): Illuminate\\Session\\Middleware\\StartSession->handleStatefulRequest()
#26 /var/www/norloxsolutionscrm.com/wowcrm/vendor/laravel/framework/src/Illuminate/Pipeline/Pipeline.php(209): Illuminate\\Session\\Middleware\\StartSession->handle()
#27 /var/www/norloxsolutionscrm.com/wowcrm/vendor/laravel/framework/src/Illuminate/Cookie/Middleware/AddQueuedCookiesToResponse.php(37): Illuminate\\Pipeline\\Pipeline->Illuminate\\Pipeline\\{closure}()
#28 /var/www/norloxsolutionscrm.com/wowcrm/vendor/laravel/framework/src/Illuminate/Pipeline/Pipeline.php(209): Illuminate\\Cookie\\Middleware\\AddQueuedCookiesToResponse->handle()
#29 /var/www/norloxsolutionscrm.com/wowcrm/vendor/laravel/framework/src/Illuminate/Cookie/Middleware/EncryptCookies.php(75): Illuminate\\Pipeline\\Pipeline->Illuminate\\Pipeline\\{closure}()
#30 /var/www/norloxsolutionscrm.com/wowcrm/vendor/laravel/framework/src/Illuminate/Pipeline/Pipeline.php(209): Illuminate\\Cookie\\Middleware\\EncryptCookies->handle()
#31 /var/www/norloxsolutionscrm.com/wowcrm/vendor/laravel/framework/src/Illuminate/Pipeline/Pipeline.php(127): Illuminate\\Pipeline\\Pipeline->Illuminate\\Pipeline\\{closure}()
#32 /var/www/norloxsolutionscrm.com/wowcrm/vendor/laravel/framework/src/Illuminate/Routing/Router.php(807): Illuminate\\Pipeline\\Pipeline->then()
#33 /var/www/norloxsolutionscrm.com/wowcrm/vendor/laravel/framework/src/Illuminate/Routing/Router.php(786): Illuminate\\Routing\\Router->runRouteWithinStack()
#34 /var/www/norloxsolutionscrm.com/wowcrm/vendor/laravel/framework/src/Illuminate/Routing/Router.php(750): Illuminate\\Routing\\Router->runRoute()
#35 /var/www/norloxsolutionscrm.com/wowcrm/vendor/laravel/framework/src/Illuminate/Routing/Router.php(739): Illuminate\\Routing\\Router->dispatchToRoute()
#36 /var/www/norloxsolutionscrm.com/wowcrm/vendor/laravel/framework/src/Illuminate/Foundation/Http/Kernel.php(201): Illuminate\\Routing\\Router->dispatch()
#37 /var/www/norloxsolutionscrm.com/wowcrm/vendor/laravel/framework/src/Illuminate/Pipeline/Pipeline.php(170): Illuminate\\Foundation\\Http\\Kernel->Illuminate\\Foundation\\Http\\{closure}()
#38 /var/www/norloxsolutionscrm.com/wowcrm/vendor/laravel/framework/src/Illuminate/Foundation/Http/Middleware/TransformsRequest.php(21): Illuminate\\Pipeline\\Pipeline->Illuminate\\Pipeline\\{closure}()
#39 /var/www/norloxsolutionscrm.com/wowcrm/vendor/laravel/framework/src/Illuminate/Foundation/Http/Middleware/ConvertEmptyStringsToNull.php(31): Illuminate\\Foundation\\Http\\Middleware\\TransformsRequest->handle()
#40 /var/www/norloxsolutionscrm.com/wowcrm/vendor/laravel/framework/src/Illuminate/Pipeline/Pipeline.php(209): Illuminate\\Foundation\\Http\\Middleware\\ConvertEmptyStringsToNull->handle()
#41 /var/www/norloxsolutionscrm.com/wowcrm/vendor/laravel/framework/src/Illuminate/Foundation/Http/Middleware/TransformsRequest.php(21): Illuminate\\Pipeline\\Pipeline->Illuminate\\Pipeline\\{closure}()
#42 /var/www/norloxsolutionscrm.com/wowcrm/vendor/laravel/framework/src/Illuminate/Foundation/Http/Middleware/TrimStrings.php(51): Illuminate\\Foundation\\Http\\Middleware\\TransformsRequest->handle()
#43 /var/www/norloxsolutionscrm.com/wowcrm/vendor/laravel/framework/src/Illuminate/Pipeline/Pipeline.php(209): Illuminate\\Foundation\\Http\\Middleware\\TrimStrings->handle()
#44 /var/www/norloxsolutionscrm.com/wowcrm/vendor/laravel/framework/src/Illuminate/Http/Middleware/ValidatePostSize.php(27): Illuminate\\Pipeline\\Pipeline->Illuminate\\Pipeline\\{closure}()
#45 /var/www/norloxsolutionscrm.com/wowcrm/vendor/laravel/framework/src/Illuminate/Pipeline/Pipeline.php(209): Illuminate\\Http\\Middleware\\ValidatePostSize->handle()
#46 /var/www/norloxsolutionscrm.com/wowcrm/vendor/laravel/framework/src/Illuminate/Foundation/Http/Middleware/PreventRequestsDuringMaintenance.php(110): Illuminate\\Pipeline\\Pipeline->Illuminate\\Pipeline\\{closure}()
#47 /var/www/norloxsolutionscrm.com/wowcrm/vendor/laravel/framework/src/Illuminate/Pipeline/Pipeline.php(209): Illuminate\\Foundation\\Http\\Middleware\\PreventRequestsDuringMaintenance->handle()
#48 /var/www/norloxsolutionscrm.com/wowcrm/vendor/laravel/framework/src/Illuminate/Http/Middleware/HandleCors.php(49): Illuminate\\Pipeline\\Pipeline->Illuminate\\Pipeline\\{closure}()
#49 /var/www/norloxsolutionscrm.com/wowcrm/vendor/laravel/framework/src/Illuminate/Pipeline/Pipeline.php(209): Illuminate\\Http\\Middleware\\HandleCors->handle()
#50 /var/www/norloxsolutionscrm.com/wowcrm/vendor/laravel/framework/src/Illuminate/Http/Middleware/TrustProxies.php(58): Illuminate\\Pipeline\\Pipeline->Illuminate\\Pipeline\\{closure}()
#51 /var/www/norloxsolutionscrm.com/wowcrm/vendor/laravel/framework/src/Illuminate/Pipeline/Pipeline.php(209): Illuminate\\Http\\Middleware\\TrustProxies->handle()
#52 /var/www/norloxsolutionscrm.com/wowcrm/vendor/laravel/framework/src/Illuminate/Foundation/Http/Middleware/InvokeDeferredCallbacks.php(22): Illuminate\\Pipeline\\Pipeline->Illuminate\\Pipeline\\{closure}()
#53 /var/www/norloxsolutionscrm.com/wowcrm/vendor/laravel/framework/src/Illuminate/Pipeline/Pipeline.php(209): Illuminate\\Foundation\\Http\\Middleware\\InvokeDeferredCallbacks->handle()
#54 /var/www/norloxsolutionscrm.com/wowcrm/vendor/laravel/framework/src/Illuminate/Pipeline/Pipeline.php(127): Illuminate\\Pipeline\\Pipeline->Illuminate\\Pipeline\\{closure}()
#55 /var/www/norloxsolutionscrm.com/wowcrm/vendor/laravel/framework/src/Illuminate/Foundation/Http/Kernel.php(176): Illuminate\\Pipeline\\Pipeline->then()
#56 /var/www/norloxsolutionscrm.com/wowcrm/vendor/laravel/framework/src/Illuminate/Foundation/Http/Kernel.php(145): Illuminate\\Foundation\\Http\\Kernel->sendRequestThroughRouter()
#57 /var/www/norloxsolutionscrm.com/wowcrm/vendor/laravel/framework/src/Illuminate/Foundation/Application.php(1220): Illuminate\\Foundation\\Http\\Kernel->handle()
#58 /var/www/norloxsolutionscrm.com/wowcrm/index.php(17): Illuminate\\Foundation\\Application->handleRequest()
#59 {main}
"} 
[2026-02-06 15:58:49] local.ERROR: The PHP GD extension is required, but is not installed. {"userId":79,"exception":"[object] (Exception(code: 0): The PHP GD extension is required, but is not installed. at /var/www/norloxsolutionscrm.com/wowcrm/vendor/dompdf/dompdf/lib/Cpdf.php:6207)
[stacktrace]
#0 /var/www/norloxsolutionscrm.com/wowcrm/vendor/dompdf/dompdf/src/Adapter/CPDF.php(674): Dompdf\\Cpdf->addPngFromFile()
#1 /var/www/norloxsolutionscrm.com/wowcrm/vendor/dompdf/dompdf/src/Renderer/Image.php(63): Dompdf\\Adapter\\CPDF->image()
#2 /var/www/norloxsolutionscrm.com/wowcrm/vendor/dompdf/dompdf/src/Renderer.php(305): Dompdf\\Renderer\\Image->render()
#3 /var/www/norloxsolutionscrm.com/wowcrm/vendor/dompdf/dompdf/src/Renderer.php(140): Dompdf\\Renderer->_render_frame()
#4 /var/www/norloxsolutionscrm.com/wowcrm/vendor/dompdf/dompdf/src/Renderer.php(207): Dompdf\\Renderer->render()
#5 /var/www/norloxsolutionscrm.com/wowcrm/vendor/dompdf/dompdf/src/Renderer.php(207): Dompdf\\Renderer->render()
#6 /var/www/norloxsolutionscrm.com/wowcrm/vendor/dompdf/dompdf/src/Renderer.php(207): Dompdf\\Renderer->render()
#7 /var/www/norloxsolutionscrm.com/wowcrm/vendor/dompdf/dompdf/src/FrameReflower/Page.php(148): Dompdf\\Renderer->render()
#8 /var/www/norloxsolutionscrm.com/wowcrm/vendor/dompdf/dompdf/src/FrameDecorator/AbstractFrameDecorator.php(915): Dompdf\\FrameReflower\\Page->reflow()
#9 /var/www/norloxsolutionscrm.com/wowcrm/vendor/dompdf/dompdf/src/Dompdf.php(815): Dompdf\\FrameDecorator\\AbstractFrameDecorator->reflow()
#10 /var/www/norloxsolutionscrm.com/wowcrm/app/Http/Controllers/GoogleSheetController.php(7230): Dompdf\\Dompdf->render()
#11 /var/www/norloxsolutionscrm.com/wowcrm/vendor/laravel/framework/src/Illuminate/Routing/ControllerDispatcher.php(47): App\\Http\\Controllers\\GoogleSheetController->viewJuniorResume()
#12 /var/www/norloxsolutionscrm.com/wowcrm/vendor/laravel/framework/src/Illuminate/Routing/Route.php(266): Illuminate\\Routing\\ControllerDispatcher->dispatch()
#13 /var/www/norloxsolutionscrm.com/wowcrm/vendor/laravel/framework/src/Illuminate/Routing/Route.php(212): Illuminate\\Routing\\Route->runController()
#14 /var/www/norloxsolutionscrm.com/wowcrm/vendor/laravel/framework/src/Illuminate/Routing/Router.php(808): Illuminate\\Routing\\Route->run()
#15 /var/www/norloxsolutionscrm.com/wowcrm/vendor/laravel/framework/src/Illuminate/Pipeline/Pipeline.php(170): Illuminate\\Routing\\Router->Illuminate\\Routing\\{closure}()
#16 /var/www/norloxsolutionscrm.com/wowcrm/vendor/laravel/framework/src/Illuminate/Routing/Middleware/SubstituteBindings.php(51): Illuminate\\Pipeline\\Pipeline->Illuminate\\Pipeline\\{closure}()
#17 /var/www/norloxsolutionscrm.com/wowcrm/vendor/laravel/framework/src/Illuminate/Pipeline/Pipeline.php(209): Illuminate\\Routing\\Middleware\\SubstituteBindings->handle()
#18 /var/www/norloxsolutionscrm.com/wowcrm/vendor/laravel/framework/src/Illuminate/Auth/Middleware/Authenticate.php(64): Illuminate\\Pipeline\\Pipeline->Illuminate\\Pipeline\\{closure}()
#19 /var/www/norloxsolutionscrm.com/wowcrm/vendor/laravel/framework/src/Illuminate/Pipeline/Pipeline.php(209): Illuminate\\Auth\\Middleware\\Authenticate->handle()
#20 /var/www/norloxsolutionscrm.com/wowcrm/vendor/laravel/framework/src/Illuminate/Foundation/Http/Middleware/VerifyCsrfToken.php(88): Illuminate\\Pipeline\\Pipeline->Illuminate\\Pipeline\\{closure}()
#21 /var/www/norloxsolutionscrm.com/wowcrm/vendor/laravel/framework/src/Illuminate/Pipeline/Pipeline.php(209): Illuminate\\Foundation\\Http\\Middleware\\VerifyCsrfToken->handle()
#22 /var/www/norloxsolutionscrm.com/wowcrm/vendor/laravel/framework/src/Illuminate/View/Middleware/ShareErrorsFromSession.php(49): Illuminate\\Pipeline\\Pipeline->Illuminate\\Pipeline\\{closure}()
#23 /var/www/norloxsolutionscrm.com/wowcrm/vendor/laravel/framework/src/Illuminate/Pipeline/Pipeline.php(209): Illuminate\\View\\Middleware\\ShareErrorsFromSession->handle()
#24 /var/www/norloxsolutionscrm.com/wowcrm/vendor/laravel/framework/src/Illuminate/Session/Middleware/StartSession.php(121): Illuminate\\Pipeline\\Pipeline->Illuminate\\Pipeline\\{closure}()
#25 /var/www/norloxsolutionscrm.com/wowcrm/vendor/laravel/framework/src/Illuminate/Session/Middleware/StartSession.php(64): Illuminate\\Session\\Middleware\\StartSession->handleStatefulRequest()
#26 /var/www/norloxsolutionscrm.com/wowcrm/vendor/laravel/framework/src/Illuminate/Pipeline/Pipeline.php(209): Illuminate\\Session\\Middleware\\StartSession->handle()
#27 /var/www/norloxsolutionscrm.com/wowcrm/vendor/laravel/framework/src/Illuminate/Cookie/Middleware/AddQueuedCookiesToResponse.php(37): Illuminate\\Pipeline\\Pipeline->Illuminate\\Pipeline\\{closure}()
#28 /var/www/norloxsolutionscrm.com/wowcrm/vendor/laravel/framework/src/Illuminate/Pipeline/Pipeline.php(209): Illuminate\\Cookie\\Middleware\\AddQueuedCookiesToResponse->handle()
#29 /var/www/norloxsolutionscrm.com/wowcrm/vendor/laravel/framework/src/Illuminate/Cookie/Middleware/EncryptCookies.php(75): Illuminate\\Pipeline\\Pipeline->Illuminate\\Pipeline\\{closure}()
#30 /var/www/norloxsolutionscrm.com/wowcrm/vendor/laravel/framework/src/Illuminate/Pipeline/Pipeline.php(209): Illuminate\\Cookie\\Middleware\\EncryptCookies->handle()
#31 /var/www/norloxsolutionscrm.com/wowcrm/vendor/laravel/framework/src/Illuminate/Pipeline/Pipeline.php(127): Illuminate\\Pipeline\\Pipeline->Illuminate\\Pipeline\\{closure}()
#32 /var/www/norloxsolutionscrm.com/wowcrm/vendor/laravel/framework/src/Illuminate/Routing/Router.php(807): Illuminate\\Pipeline\\Pipeline->then()
#33 /var/www/norloxsolutionscrm.com/wowcrm/vendor/laravel/framework/src/Illuminate/Routing/Router.php(786): Illuminate\\Routing\\Router->runRouteWithinStack()
#34 /var/www/norloxsolutionscrm.com/wowcrm/vendor/laravel/framework/src/Illuminate/Routing/Router.php(750): Illuminate\\Routing\\Router->runRoute()
#35 /var/www/norloxsolutionscrm.com/wowcrm/vendor/laravel/framework/src/Illuminate/Routing/Router.php(739): Illuminate\\Routing\\Router->dispatchToRoute()
#36 /var/www/norloxsolutionscrm.com/wowcrm/vendor/laravel/framework/src/Illuminate/Foundation/Http/Kernel.php(201): Illuminate\\Routing\\Router->dispatch()
#37 /var/www/norloxsolutionscrm.com/wowcrm/vendor/laravel/framework/src/Illuminate/Pipeline/Pipeline.php(170): Illuminate\\Foundation\\Http\\Kernel->Illuminate\\Foundation\\Http\\{closure}()
#38 /var/www/norloxsolutionscrm.com/wowcrm/vendor/laravel/framework/src/Illuminate/Foundation/Http/Middleware/TransformsRequest.php(21): Illuminate\\Pipeline\\Pipeline->Illuminate\\Pipeline\\{closure}()
#39 /var/www/norloxsolutionscrm.com/wowcrm/vendor/laravel/framework/src/Illuminate/Foundation/Http/Middleware/ConvertEmptyStringsToNull.php(31): Illuminate\\Foundation\\Http\\Middleware\\TransformsRequest->handle()
#40 /var/www/norloxsolutionscrm.com/wowcrm/vendor/laravel/framework/src/Illuminate/Pipeline/Pipeline.php(209): Illuminate\\Foundation\\Http\\Middleware\\ConvertEmptyStringsToNull->handle()
#41 /var/www/norloxsolutionscrm.com/wowcrm/vendor/laravel/framework/src/Illuminate/Foundation/Http/Middleware/TransformsRequest.php(21): Illuminate\\Pipeline\\Pipeline->Illuminate\\Pipeline\\{closure}()
#42 /var/www/norloxsolutionscrm.com/wowcrm/vendor/laravel/framework/src/Illuminate/Foundation/Http/Middleware/TrimStrings.php(51): Illuminate\\Foundation\\Http\\Middleware\\TransformsRequest->handle()
#43 /var/www/norloxsolutionscrm.com/wowcrm/vendor/laravel/framework/src/Illuminate/Pipeline/Pipeline.php(209): Illuminate\\Foundation\\Http\\Middleware\\TrimStrings->handle()
#44 /var/www/norloxsolutionscrm.com/wowcrm/vendor/laravel/framework/src/Illuminate/Http/Middleware/ValidatePostSize.php(27): Illuminate\\Pipeline\\Pipeline->Illuminate\\Pipeline\\{closure}()
#45 /var/www/norloxsolutionscrm.com/wowcrm/vendor/laravel/framework/src/Illuminate/Pipeline/Pipeline.php(209): Illuminate\\Http\\Middleware\\ValidatePostSize->handle()
#46 /var/www/norloxsolutionscrm.com/wowcrm/vendor/laravel/framework/src/Illuminate/Foundation/Http/Middleware/PreventRequestsDuringMaintenance.php(110): Illuminate\\Pipeline\\Pipeline->Illuminate\\Pipeline\\{closure}()
#47 /var/www/norloxsolutionscrm.com/wowcrm/vendor/laravel/framework/src/Illuminate/Pipeline/Pipeline.php(209): Illuminate\\Foundation\\Http\\Middleware\\PreventRequestsDuringMaintenance->handle()
#48 /var/www/norloxsolutionscrm.com/wowcrm/vendor/laravel/framework/src/Illuminate/Http/Middleware/HandleCors.php(49): Illuminate\\Pipeline\\Pipeline->Illuminate\\Pipeline\\{closure}()
#49 /var/www/norloxsolutionscrm.com/wowcrm/vendor/laravel/framework/src/Illuminate/Pipeline/Pipeline.php(209): Illuminate\\Http\\Middleware\\HandleCors->handle()
#50 /var/www/norloxsolutionscrm.com/wowcrm/vendor/laravel/framework/src/Illuminate/Http/Middleware/TrustProxies.php(58): Illuminate\\Pipeline\\Pipeline->Illuminate\\Pipeline\\{closure}()
#51 /var/www/norloxsolutionscrm.com/wowcrm/vendor/laravel/framework/src/Illuminate/Pipeline/Pipeline.php(209): Illuminate\\Http\\Middleware\\TrustProxies->handle()
#52 /var/www/norloxsolutionscrm.com/wowcrm/vendor/laravel/framework/src/Illuminate/Foundation/Http/Middleware/InvokeDeferredCallbacks.php(22): Illuminate\\Pipeline\\Pipeline->Illuminate\\Pipeline\\{closure}()
#53 /var/www/norloxsolutionscrm.com/wowcrm/vendor/laravel/framework/src/Illuminate/Pipeline/Pipeline.php(209): Illuminate\\Foundation\\Http\\Middleware\\InvokeDeferredCallbacks->handle()
#54 /var/www/norloxsolutionscrm.com/wowcrm/vendor/laravel/framework/src/Illuminate/Pipeline/Pipeline.php(127): Illuminate\\Pipeline\\Pipeline->Illuminate\\Pipeline\\{closure}()
#55 /var/www/norloxsolutionscrm.com/wowcrm/vendor/laravel/framework/src/Illuminate/Foundation/Http/Kernel.php(176): Illuminate\\Pipeline\\Pipeline->then()
#56 /var/www/norloxsolutionscrm.com/wowcrm/vendor/laravel/framework/src/Illuminate/Foundation/Http/Kernel.php(145): Illuminate\\Foundation\\Http\\Kernel->sendRequestThroughRouter()
#57 /var/www/norloxsolutionscrm.com/wowcrm/vendor/laravel/framework/src/Illuminate/Foundation/Application.php(1220): Illuminate\\Foundation\\Http\\Kernel->handle()
#58 /var/www/norloxsolutionscrm.com/wowcrm/index.php(17): Illuminate\\Foundation\\Application->handleRequest()
#59 {main}
"} 
[2026-02-06 15:58:55] local.ERROR: The PHP GD extension is required, but is not installed. {"userId":79,"exception":"[object] (Exception(code: 0): The PHP GD extension is required, but is not installed. at /var/www/norloxsolutionscrm.com/wowcrm/vendor/dompdf/dompdf/lib/Cpdf.php:6207)
[stacktrace]
#0 /var/www/norloxsolutionscrm.com/wowcrm/vendor/dompdf/dompdf/src/Adapter/CPDF.php(674): Dompdf\\Cpdf->addPngFromFile()
#1 /var/www/norloxsolutionscrm.com/wowcrm/vendor/dompdf/dompdf/src/Renderer/Image.php(63): Dompdf\\Adapter\\CPDF->image()
#2 /var/www/norloxsolutionscrm.com/wowcrm/vendor/dompdf/dompdf/src/Renderer.php(305): Dompdf\\Renderer\\Image->render()
#3 /var/www/norloxsolutionscrm.com/wowcrm/vendor/dompdf/dompdf/src/Renderer.php(140): Dompdf\\Renderer->_render_frame()
#4 /var/www/norloxsolutionscrm.com/wowcrm/vendor/dompdf/dompdf/src/Renderer.php(207): Dompdf\\Renderer->render()
#5 /var/www/norloxsolutionscrm.com/wowcrm/vendor/dompdf/dompdf/src/Renderer.php(207): Dompdf\\Renderer->render()
#6 /var/www/norloxsolutionscrm.com/wowcrm/vendor/dompdf/dompdf/src/Renderer.php(207): Dompdf\\Renderer->render()
#7 /var/www/norloxsolutionscrm.com/wowcrm/vendor/dompdf/dompdf/src/FrameReflower/Page.php(148): Dompdf\\Renderer->render()
#8 /var/www/norloxsolutionscrm.com/wowcrm/vendor/dompdf/dompdf/src/FrameDecorator/AbstractFrameDecorator.php(915): Dompdf\\FrameReflower\\Page->reflow()
#9 /var/www/norloxsolutionscrm.com/wowcrm/vendor/dompdf/dompdf/src/Dompdf.php(815): Dompdf\\FrameDecorator\\AbstractFrameDecorator->reflow()
#10 /var/www/norloxsolutionscrm.com/wowcrm/app/Http/Controllers/GoogleSheetController.php(7230): Dompdf\\Dompdf->render()
#11 /var/www/norloxsolutionscrm.com/wowcrm/vendor/laravel/framework/src/Illuminate/Routing/ControllerDispatcher.php(47): App\\Http\\Controllers\\GoogleSheetController->viewJuniorResume()
#12 /var/www/norloxsolutionscrm.com/wowcrm/vendor/laravel/framework/src/Illuminate/Routing/Route.php(266): Illuminate\\Routing\\ControllerDispatcher->dispatch()
#13 /var/www/norloxsolutionscrm.com/wowcrm/vendor/laravel/framework/src/Illuminate/Routing/Route.php(212): Illuminate\\Routing\\Route->runController()
#14 /var/www/norloxsolutionscrm.com/wowcrm/vendor/laravel/framework/src/Illuminate/Routing/Router.php(808): Illuminate\\Routing\\Route->run()
#15 /var/www/norloxsolutionscrm.com/wowcrm/vendor/laravel/framework/src/Illuminate/Pipeline/Pipeline.php(170): Illuminate\\Routing\\Router->Illuminate\\Routing\\{closure}()
#16 /var/www/norloxsolutionscrm.com/wowcrm/vendor/laravel/framework/src/Illuminate/Routing/Middleware/SubstituteBindings.php(51): Illuminate\\Pipeline\\Pipeline->Illuminate\\Pipeline\\{closure}()
#17 /var/www/norloxsolutionscrm.com/wowcrm/vendor/laravel/framework/src/Illuminate/Pipeline/Pipeline.php(209): Illuminate\\Routing\\Middleware\\SubstituteBindings->handle()
#18 /var/www/norloxsolutionscrm.com/wowcrm/vendor/laravel/framework/src/Illuminate/Auth/Middleware/Authenticate.php(64): Illuminate\\Pipeline\\Pipeline->Illuminate\\Pipeline\\{closure}()
#19 /var/www/norloxsolutionscrm.com/wowcrm/vendor/laravel/framework/src/Illuminate/Pipeline/Pipeline.php(209): Illuminate\\Auth\\Middleware\\Authenticate->handle()
#20 /var/www/norloxsolutionscrm.com/wowcrm/vendor/laravel/framework/src/Illuminate/Foundation/Http/Middleware/VerifyCsrfToken.php(88): Illuminate\\Pipeline\\Pipeline->Illuminate\\Pipeline\\{closure}()
#21 /var/www/norloxsolutionscrm.com/wowcrm/vendor/laravel/framework/src/Illuminate/Pipeline/Pipeline.php(209): Illuminate\\Foundation\\Http\\Middleware\\VerifyCsrfToken->handle()
#22 /var/www/norloxsolutionscrm.com/wowcrm/vendor/laravel/framework/src/Illuminate/View/Middleware/ShareErrorsFromSession.php(49): Illuminate\\Pipeline\\Pipeline->Illuminate\\Pipeline\\{closure}()
#23 /var/www/norloxsolutionscrm.com/wowcrm/vendor/laravel/framework/src/Illuminate/Pipeline/Pipeline.php(209): Illuminate\\View\\Middleware\\ShareErrorsFromSession->handle()
#24 /var/www/norloxsolutionscrm.com/wowcrm/vendor/laravel/framework/src/Illuminate/Session/Middleware/StartSession.php(121): Illuminate\\Pipeline\\Pipeline->Illuminate\\Pipeline\\{closure}()
#25 /var/www/norloxsolutionscrm.com/wowcrm/vendor/laravel/framework/src/Illuminate/Session/Middleware/StartSession.php(64): Illuminate\\Session\\Middleware\\StartSession->handleStatefulRequest()
#26 /var/www/norloxsolutionscrm.com/wowcrm/vendor/laravel/framework/src/Illuminate/Pipeline/Pipeline.php(209): Illuminate\\Session\\Middleware\\StartSession->handle()
#27 /var/www/norloxsolutionscrm.com/wowcrm/vendor/laravel/framework/src/Illuminate/Cookie/Middleware/AddQueuedCookiesToResponse.php(37): Illuminate\\Pipeline\\Pipeline->Illuminate\\Pipeline\\{closure}()
#28 /var/www/norloxsolutionscrm.com/wowcrm/vendor/laravel/framework/src/Illuminate/Pipeline/Pipeline.php(209): Illuminate\\Cookie\\Middleware\\AddQueuedCookiesToResponse->handle()
#29 /var/www/norloxsolutionscrm.com/wowcrm/vendor/laravel/framework/src/Illuminate/Cookie/Middleware/EncryptCookies.php(75): Illuminate\\Pipeline\\Pipeline->Illuminate\\Pipeline\\{closure}()
#30 /var/www/norloxsolutionscrm.com/wowcrm/vendor/laravel/framework/src/Illuminate/Pipeline/Pipeline.php(209): Illuminate\\Cookie\\Middleware\\EncryptCookies->handle()
#31 /var/www/norloxsolutionscrm.com/wowcrm/vendor/laravel/framework/src/Illuminate/Pipeline/Pipeline.php(127): Illuminate\\Pipeline\\Pipeline->Illuminate\\Pipeline\\{closure}()
#32 /var/www/norloxsolutionscrm.com/wowcrm/vendor/laravel/framework/src/Illuminate/Routing/Router.php(807): Illuminate\\Pipeline\\Pipeline->then()
#33 /var/www/norloxsolutionscrm.com/wowcrm/vendor/laravel/framework/src/Illuminate/Routing/Router.php(786): Illuminate\\Routing\\Router->runRouteWithinStack()
#34 /var/www/norloxsolutionscrm.com/wowcrm/vendor/laravel/framework/src/Illuminate/Routing/Router.php(750): Illuminate\\Routing\\Router->runRoute()
#35 /var/www/norloxsolutionscrm.com/wowcrm/vendor/laravel/framework/src/Illuminate/Routing/Router.php(739): Illuminate\\Routing\\Router->dispatchToRoute()
#36 /var/www/norloxsolutionscrm.com/wowcrm/vendor/laravel/framework/src/Illuminate/Foundation/Http/Kernel.php(201): Illuminate\\Routing\\Router->dispatch()
#37 /var/www/norloxsolutionscrm.com/wowcrm/vendor/laravel/framework/src/Illuminate/Pipeline/Pipeline.php(170): Illuminate\\Foundation\\Http\\Kernel->Illuminate\\Foundation\\Http\\{closure}()
#38 /var/www/norloxsolutionscrm.com/wowcrm/vendor/laravel/framework/src/Illuminate/Foundation/Http/Middleware/TransformsRequest.php(21): Illuminate\\Pipeline\\Pipeline->Illuminate\\Pipeline\\{closure}()
#39 /var/www/norloxsolutionscrm.com/wowcrm/vendor/laravel/framework/src/Illuminate/Foundation/Http/Middleware/ConvertEmptyStringsToNull.php(31): Illuminate\\Foundation\\Http\\Middleware\\TransformsRequest->handle()
#40 /var/www/norloxsolutionscrm.com/wowcrm/vendor/laravel/framework/src/Illuminate/Pipeline/Pipeline.php(209): Illuminate\\Foundation\\Http\\Middleware\\ConvertEmptyStringsToNull->handle()
#41 /var/www/norloxsolutionscrm.com/wowcrm/vendor/laravel/framework/src/Illuminate/Foundation/Http/Middleware/TransformsRequest.php(21): Illuminate\\Pipeline\\Pipeline->Illuminate\\Pipeline\\{closure}()
#42 /var/www/norloxsolutionscrm.com/wowcrm/vendor/laravel/framework/src/Illuminate/Foundation/Http/Middleware/TrimStrings.php(51): Illuminate\\Foundation\\Http\\Middleware\\TransformsRequest->handle()
#43 /var/www/norloxsolutionscrm.com/wowcrm/vendor/laravel/framework/src/Illuminate/Pipeline/Pipeline.php(209): Illuminate\\Foundation\\Http\\Middleware\\TrimStrings->handle()
#44 /var/www/norloxsolutionscrm.com/wowcrm/vendor/laravel/framework/src/Illuminate/Http/Middleware/ValidatePostSize.php(27): Illuminate\\Pipeline\\Pipeline->Illuminate\\Pipeline\\{closure}()
#45 /var/www/norloxsolutionscrm.com/wowcrm/vendor/laravel/framework/src/Illuminate/Pipeline/Pipeline.php(209): Illuminate\\Http\\Middleware\\ValidatePostSize->handle()
#46 /var/www/norloxsolutionscrm.com/wowcrm/vendor/laravel/framework/src/Illuminate/Foundation/Http/Middleware/PreventRequestsDuringMaintenance.php(110): Illuminate\\Pipeline\\Pipeline->Illuminate\\Pipeline\\{closure}()
#47 /var/www/norloxsolutionscrm.com/wowcrm/vendor/laravel/framework/src/Illuminate/Pipeline/Pipeline.php(209): Illuminate\\Foundation\\Http\\Middleware\\PreventRequestsDuringMaintenance->handle()
#48 /var/www/norloxsolutionscrm.com/wowcrm/vendor/laravel/framework/src/Illuminate/Http/Middleware/HandleCors.php(49): Illuminate\\Pipeline\\Pipeline->Illuminate\\Pipeline\\{closure}()
#49 /var/www/norloxsolutionscrm.com/wowcrm/vendor/laravel/framework/src/Illuminate/Pipeline/Pipeline.php(209): Illuminate\\Http\\Middleware\\HandleCors->handle()
#50 /var/www/norloxsolutionscrm.com/wowcrm/vendor/laravel/framework/src/Illuminate/Http/Middleware/TrustProxies.php(58): Illuminate\\Pipeline\\Pipeline->Illuminate\\Pipeline\\{closure}()
#51 /var/www/norloxsolutionscrm.com/wowcrm/vendor/laravel/framework/src/Illuminate/Pipeline/Pipeline.php(209): Illuminate\\Http\\Middleware\\TrustProxies->handle()
#52 /var/www/norloxsolutionscrm.com/wowcrm/vendor/laravel/framework/src/Illuminate/Foundation/Http/Middleware/InvokeDeferredCallbacks.php(22): Illuminate\\Pipeline\\Pipeline->Illuminate\\Pipeline\\{closure}()
#53 /var/www/norloxsolutionscrm.com/wowcrm/vendor/laravel/framework/src/Illuminate/Pipeline/Pipeline.php(209): Illuminate\\Foundation\\Http\\Middleware\\InvokeDeferredCallbacks->handle()
#54 /var/www/norloxsolutionscrm.com/wowcrm/vendor/laravel/framework/src/Illuminate/Pipeline/Pipeline.php(127): Illuminate\\Pipeline\\Pipeline->Illuminate\\Pipeline\\{closure}()
#55 /var/www/norloxsolutionscrm.com/wowcrm/vendor/laravel/framework/src/Illuminate/Foundation/Http/Kernel.php(176): Illuminate\\Pipeline\\Pipeline->then()
#56 /var/www/norloxsolutionscrm.com/wowcrm/vendor/laravel/framework/src/Illuminate/Foundation/Http/Kernel.php(145): Illuminate\\Foundation\\Http\\Kernel->sendRequestThroughRouter()
#57 /var/www/norloxsolutionscrm.com/wowcrm/vendor/laravel/framework/src/Illuminate/Foundation/Application.php(1220): Illuminate\\Foundation\\Http\\Kernel->handle()
#58 /var/www/norloxsolutionscrm.com/wowcrm/index.php(17): Illuminate\\Foundation\\Application->handleRequest()
#59 {main}
"} 
[2026-02-06 16:00:27] local.ERROR: The PHP GD extension is required, but is not installed. {"userId":79,"exception":"[object] (Exception(code: 0): The PHP GD extension is required, but is not installed. at /var/www/norloxsolutionscrm.com/wowcrm/vendor/dompdf/dompdf/lib/Cpdf.php:6207)
[stacktrace]
#0 /var/www/norloxsolutionscrm.com/wowcrm/vendor/dompdf/dompdf/src/Adapter/CPDF.php(674): Dompdf\\Cpdf->addPngFromFile()
#1 /var/www/norloxsolutionscrm.com/wowcrm/vendor/dompdf/dompdf/src/Renderer/Image.php(63): Dompdf\\Adapter\\CPDF->image()
#2 /var/www/norloxsolutionscrm.com/wowcrm/vendor/dompdf/dompdf/src/Renderer.php(305): Dompdf\\Renderer\\Image->render()
#3 /var/www/norloxsolutionscrm.com/wowcrm/vendor/dompdf/dompdf/src/Renderer.php(140): Dompdf\\Renderer->_render_frame()
#4 /var/www/norloxsolutionscrm.com/wowcrm/vendor/dompdf/dompdf/src/Renderer.php(207): Dompdf\\Renderer->render()
#5 /var/www/norloxsolutionscrm.com/wowcrm/vendor/dompdf/dompdf/src/Renderer.php(207): Dompdf\\Renderer->render()
#6 /var/www/norloxsolutionscrm.com/wowcrm/vendor/dompdf/dompdf/src/Renderer.php(207): Dompdf\\Renderer->render()
#7 /var/www/norloxsolutionscrm.com/wowcrm/vendor/dompdf/dompdf/src/FrameReflower/Page.php(148): Dompdf\\Renderer->render()
#8 /var/www/norloxsolutionscrm.com/wowcrm/vendor/dompdf/dompdf/src/FrameDecorator/AbstractFrameDecorator.php(915): Dompdf\\FrameReflower\\Page->reflow()
#9 /var/www/norloxsolutionscrm.com/wowcrm/vendor/dompdf/dompdf/src/Dompdf.php(815): Dompdf\\FrameDecorator\\AbstractFrameDecorator->reflow()
#10 /var/www/norloxsolutionscrm.com/wowcrm/app/Http/Controllers/GoogleSheetController.php(7230): Dompdf\\Dompdf->render()
#11 /var/www/norloxsolutionscrm.com/wowcrm/vendor/laravel/framework/src/Illuminate/Routing/ControllerDispatcher.php(47): App\\Http\\Controllers\\GoogleSheetController->viewJuniorResume()
#12 /var/www/norloxsolutionscrm.com/wowcrm/vendor/laravel/framework/src/Illuminate/Routing/Route.php(266): Illuminate\\Routing\\ControllerDispatcher->dispatch()
#13 /var/www/norloxsolutionscrm.com/wowcrm/vendor/laravel/framework/src/Illuminate/Routing/Route.php(212): Illuminate\\Routing\\Route->runController()
#14 /var/www/norloxsolutionscrm.com/wowcrm/vendor/laravel/framework/src/Illuminate/Routing/Router.php(808): Illuminate\\Routing\\Route->run()
#15 /var/www/norloxsolutionscrm.com/wowcrm/vendor/laravel/framework/src/Illuminate/Pipeline/Pipeline.php(170): Illuminate\\Routing\\Router->Illuminate\\Routing\\{closure}()
#16 /var/www/norloxsolutionscrm.com/wowcrm/vendor/laravel/framework/src/Illuminate/Routing/Middleware/SubstituteBindings.php(51): Illuminate\\Pipeline\\Pipeline->Illuminate\\Pipeline\\{closure}()
#17 /var/www/norloxsolutionscrm.com/wowcrm/vendor/laravel/framework/src/Illuminate/Pipeline/Pipeline.php(209): Illuminate\\Routing\\Middleware\\SubstituteBindings->handle()
#18 /var/www/norloxsolutionscrm.com/wowcrm/vendor/laravel/framework/src/Illuminate/Auth/Middleware/Authenticate.php(64): Illuminate\\Pipeline\\Pipeline->Illuminate\\Pipeline\\{closure}()
#19 /var/www/norloxsolutionscrm.com/wowcrm/vendor/laravel/framework/src/Illuminate/Pipeline/Pipeline.php(209): Illuminate\\Auth\\Middleware\\Authenticate->handle()
#20 /var/www/norloxsolutionscrm.com/wowcrm/vendor/laravel/framework/src/Illuminate/Foundation/Http/Middleware/VerifyCsrfToken.php(88): Illuminate\\Pipeline\\Pipeline->Illuminate\\Pipeline\\{closure}()
#21 /var/www/norloxsolutionscrm.com/wowcrm/vendor/laravel/framework/src/Illuminate/Pipeline/Pipeline.php(209): Illuminate\\Foundation\\Http\\Middleware\\VerifyCsrfToken->handle()
#22 /var/www/norloxsolutionscrm.com/wowcrm/vendor/laravel/framework/src/Illuminate/View/Middleware/ShareErrorsFromSession.php(49): Illuminate\\Pipeline\\Pipeline->Illuminate\\Pipeline\\{closure}()
#23 /var/www/norloxsolutionscrm.com/wowcrm/vendor/laravel/framework/src/Illuminate/Pipeline/Pipeline.php(209): Illuminate\\View\\Middleware\\ShareErrorsFromSession->handle()
#24 /var/www/norloxsolutionscrm.com/wowcrm/vendor/laravel/framework/src/Illuminate/Session/Middleware/StartSession.php(121): Illuminate\\Pipeline\\Pipeline->Illuminate\\Pipeline\\{closure}()
#25 /var/www/norloxsolutionscrm.com/wowcrm/vendor/laravel/framework/src/Illuminate/Session/Middleware/StartSession.php(64): Illuminate\\Session\\Middleware\\StartSession->handleStatefulRequest()
#26 /var/www/norloxsolutionscrm.com/wowcrm/vendor/laravel/framework/src/Illuminate/Pipeline/Pipeline.php(209): Illuminate\\Session\\Middleware\\StartSession->handle()
#27 /var/www/norloxsolutionscrm.com/wowcrm/vendor/laravel/framework/src/Illuminate/Cookie/Middleware/AddQueuedCookiesToResponse.php(37): Illuminate\\Pipeline\\Pipeline->Illuminate\\Pipeline\\{closure}()
#28 /var/www/norloxsolutionscrm.com/wowcrm/vendor/laravel/framework/src/Illuminate/Pipeline/Pipeline.php(209): Illuminate\\Cookie\\Middleware\\AddQueuedCookiesToResponse->handle()
#29 /var/www/norloxsolutionscrm.com/wowcrm/vendor/laravel/framework/src/Illuminate/Cookie/Middleware/EncryptCookies.php(75): Illuminate\\Pipeline\\Pipeline->Illuminate\\Pipeline\\{closure}()
#30 /var/www/norloxsolutionscrm.com/wowcrm/vendor/laravel/framework/src/Illuminate/Pipeline/Pipeline.php(209): Illuminate\\Cookie\\Middleware\\EncryptCookies->handle()
#31 /var/www/norloxsolutionscrm.com/wowcrm/vendor/laravel/framework/src/Illuminate/Pipeline/Pipeline.php(127): Illuminate\\Pipeline\\Pipeline->Illuminate\\Pipeline\\{closure}()
#32 /var/www/norloxsolutionscrm.com/wowcrm/vendor/laravel/framework/src/Illuminate/Routing/Router.php(807): Illuminate\\Pipeline\\Pipeline->then()
#33 /var/www/norloxsolutionscrm.com/wowcrm/vendor/laravel/framework/src/Illuminate/Routing/Router.php(786): Illuminate\\Routing\\Router->runRouteWithinStack()
#34 /var/www/norloxsolutionscrm.com/wowcrm/vendor/laravel/framework/src/Illuminate/Routing/Router.php(750): Illuminate\\Routing\\Router->runRoute()
#35 /var/www/norloxsolutionscrm.com/wowcrm/vendor/laravel/framework/src/Illuminate/Routing/Router.php(739): Illuminate\\Routing\\Router->dispatchToRoute()
#36 /var/www/norloxsolutionscrm.com/wowcrm/vendor/laravel/framework/src/Illuminate/Foundation/Http/Kernel.php(201): Illuminate\\Routing\\Router->dispatch()
#37 /var/www/norloxsolutionscrm.com/wowcrm/vendor/laravel/framework/src/Illuminate/Pipeline/Pipeline.php(170): Illuminate\\Foundation\\Http\\Kernel->Illuminate\\Foundation\\Http\\{closure}()
#38 /var/www/norloxsolutionscrm.com/wowcrm/vendor/laravel/framework/src/Illuminate/Foundation/Http/Middleware/TransformsRequest.php(21): Illuminate\\Pipeline\\Pipeline->Illuminate\\Pipeline\\{closure}()
#39 /var/www/norloxsolutionscrm.com/wowcrm/vendor/laravel/framework/src/Illuminate/Foundation/Http/Middleware/ConvertEmptyStringsToNull.php(31): Illuminate\\Foundation\\Http\\Middleware\\TransformsRequest->handle()
#40 /var/www/norloxsolutionscrm.com/wowcrm/vendor/laravel/framework/src/Illuminate/Pipeline/Pipeline.php(209): Illuminate\\Foundation\\Http\\Middleware\\ConvertEmptyStringsToNull->handle()
#41 /var/www/norloxsolutionscrm.com/wowcrm/vendor/laravel/framework/src/Illuminate/Foundation/Http/Middleware/TransformsRequest.php(21): Illuminate\\Pipeline\\Pipeline->Illuminate\\Pipeline\\{closure}()
#42 /var/www/norloxsolutionscrm.com/wowcrm/vendor/laravel/framework/src/Illuminate/Foundation/Http/Middleware/TrimStrings.php(51): Illuminate\\Foundation\\Http\\Middleware\\TransformsRequest->handle()
#43 /var/www/norloxsolutionscrm.com/wowcrm/vendor/laravel/framework/src/Illuminate/Pipeline/Pipeline.php(209): Illuminate\\Foundation\\Http\\Middleware\\TrimStrings->handle()
#44 /var/www/norloxsolutionscrm.com/wowcrm/vendor/laravel/framework/src/Illuminate/Http/Middleware/ValidatePostSize.php(27): Illuminate\\Pipeline\\Pipeline->Illuminate\\Pipeline\\{closure}()
#45 /var/www/norloxsolutionscrm.com/wowcrm/vendor/laravel/framework/src/Illuminate/Pipeline/Pipeline.php(209): Illuminate\\Http\\Middleware\\ValidatePostSize->handle()
#46 /var/www/norloxsolutionscrm.com/wowcrm/vendor/laravel/framework/src/Illuminate/Foundation/Http/Middleware/PreventRequestsDuringMaintenance.php(110): Illuminate\\Pipeline\\Pipeline->Illuminate\\Pipeline\\{closure}()
#47 /var/www/norloxsolutionscrm.com/wowcrm/vendor/laravel/framework/src/Illuminate/Pipeline/Pipeline.php(209): Illuminate\\Foundation\\Http\\Middleware\\PreventRequestsDuringMaintenance->handle()
#48 /var/www/norloxsolutionscrm.com/wowcrm/vendor/laravel/framework/src/Illuminate/Http/Middleware/HandleCors.php(49): Illuminate\\Pipeline\\Pipeline->Illuminate\\Pipeline\\{closure}()
#49 /var/www/norloxsolutionscrm.com/wowcrm/vendor/laravel/framework/src/Illuminate/Pipeline/Pipeline.php(209): Illuminate\\Http\\Middleware\\HandleCors->handle()
#50 /var/www/norloxsolutionscrm.com/wowcrm/vendor/laravel/framework/src/Illuminate/Http/Middleware/TrustProxies.php(58): Illuminate\\Pipeline\\Pipeline->Illuminate\\Pipeline\\{closure}()
#51 /var/www/norloxsolutionscrm.com/wowcrm/vendor/laravel/framework/src/Illuminate/Pipeline/Pipeline.php(209): Illuminate\\Http\\Middleware\\TrustProxies->handle()
#52 /var/www/norloxsolutionscrm.com/wowcrm/vendor/laravel/framework/src/Illuminate/Foundation/Http/Middleware/InvokeDeferredCallbacks.php(22): Illuminate\\Pipeline\\Pipeline->Illuminate\\Pipeline\\{closure}()
#53 /var/www/norloxsolutionscrm.com/wowcrm/vendor/laravel/framework/src/Illuminate/Pipeline/Pipeline.php(209): Illuminate\\Foundation\\Http\\Middleware\\InvokeDeferredCallbacks->handle()
#54 /var/www/norloxsolutionscrm.com/wowcrm/vendor/laravel/framework/src/Illuminate/Pipeline/Pipeline.php(127): Illuminate\\Pipeline\\Pipeline->Illuminate\\Pipeline\\{closure}()
#55 /var/www/norloxsolutionscrm.com/wowcrm/vendor/laravel/framework/src/Illuminate/Foundation/Http/Kernel.php(176): Illuminate\\Pipeline\\Pipeline->then()
#56 /var/www/norloxsolutionscrm.com/wowcrm/vendor/laravel/framework/src/Illuminate/Foundation/Http/Kernel.php(145): Illuminate\\Foundation\\Http\\Kernel->sendRequestThroughRouter()
#57 /var/www/norloxsolutionscrm.com/wowcrm/vendor/laravel/framework/src/Illuminate/Foundation/Application.php(1220): Illuminate\\Foundation\\Http\\Kernel->handle()
#58 /var/www/norloxsolutionscrm.com/wowcrm/index.php(17): Illuminate\\Foundation\\Application->handleRequest()
#59 {main}
"} 
[2026-02-06 16:01:08] local.ERROR: The PHP GD extension is required, but is not installed. {"userId":79,"exception":"[object] (Exception(code: 0): The PHP GD extension is required, but is not installed. at /var/www/norloxsolutionscrm.com/wowcrm/vendor/dompdf/dompdf/lib/Cpdf.php:6207)
[stacktrace]
#0 /var/www/norloxsolutionscrm.com/wowcrm/vendor/dompdf/dompdf/src/Adapter/CPDF.php(674): Dompdf\\Cpdf->addPngFromFile()
#1 /var/www/norloxsolutionscrm.com/wowcrm/vendor/dompdf/dompdf/src/Renderer/Image.php(63): Dompdf\\Adapter\\CPDF->image()
#2 /var/www/norloxsolutionscrm.com/wowcrm/vendor/dompdf/dompdf/src/Renderer.php(305): Dompdf\\Renderer\\Image->render()
#3 /var/www/norloxsolutionscrm.com/wowcrm/vendor/dompdf/dompdf/src/Renderer.php(140): Dompdf\\Renderer->_render_frame()
#4 /var/www/norloxsolutionscrm.com/wowcrm/vendor/dompdf/dompdf/src/Renderer.php(207): Dompdf\\Renderer->render()
#5 /var/www/norloxsolutionscrm.com/wowcrm/vendor/dompdf/dompdf/src/Renderer.php(207): Dompdf\\Renderer->render()
#6 /var/www/norloxsolutionscrm.com/wowcrm/vendor/dompdf/dompdf/src/Renderer.php(207): Dompdf\\Renderer->render()
#7 /var/www/norloxsolutionscrm.com/wowcrm/vendor/dompdf/dompdf/src/FrameReflower/Page.php(148): Dompdf\\Renderer->render()
#8 /var/www/norloxsolutionscrm.com/wowcrm/vendor/dompdf/dompdf/src/FrameDecorator/AbstractFrameDecorator.php(915): Dompdf\\FrameReflower\\Page->reflow()
#9 /var/www/norloxsolutionscrm.com/wowcrm/vendor/dompdf/dompdf/src/Dompdf.php(815): Dompdf\\FrameDecorator\\AbstractFrameDecorator->reflow()
#10 /var/www/norloxsolutionscrm.com/wowcrm/app/Http/Controllers/GoogleSheetController.php(7230): Dompdf\\Dompdf->render()
#11 /var/www/norloxsolutionscrm.com/wowcrm/vendor/laravel/framework/src/Illuminate/Routing/ControllerDispatcher.php(47): App\\Http\\Controllers\\GoogleSheetController->viewJuniorResume()
#12 /var/www/norloxsolutionscrm.com/wowcrm/vendor/laravel/framework/src/Illuminate/Routing/Route.php(266): Illuminate\\Routing\\ControllerDispatcher->dispatch()
#13 /var/www/norloxsolutionscrm.com/wowcrm/vendor/laravel/framework/src/Illuminate/Routing/Route.php(212): Illuminate\\Routing\\Route->runController()
#14 /var/www/norloxsolutionscrm.com/wowcrm/vendor/laravel/framework/src/Illuminate/Routing/Router.php(808): Illuminate\\Routing\\Route->run()
#15 /var/www/norloxsolutionscrm.com/wowcrm/vendor/laravel/framework/src/Illuminate/Pipeline/Pipeline.php(170): Illuminate\\Routing\\Router->Illuminate\\Routing\\{closure}()
#16 /var/www/norloxsolutionscrm.com/wowcrm/vendor/laravel/framework/src/Illuminate/Routing/Middleware/SubstituteBindings.php(51): Illuminate\\Pipeline\\Pipeline->Illuminate\\Pipeline\\{closure}()
#17 /var/www/norloxsolutionscrm.com/wowcrm/vendor/laravel/framework/src/Illuminate/Pipeline/Pipeline.php(209): Illuminate\\Routing\\Middleware\\SubstituteBindings->handle()
#18 /var/www/norloxsolutionscrm.com/wowcrm/vendor/laravel/framework/src/Illuminate/Auth/Middleware/Authenticate.php(64): Illuminate\\Pipeline\\Pipeline->Illuminate\\Pipeline\\{closure}()
#19 /var/www/norloxsolutionscrm.com/wowcrm/vendor/laravel/framework/src/Illuminate/Pipeline/Pipeline.php(209): Illuminate\\Auth\\Middleware\\Authenticate->handle()
#20 /var/www/norloxsolutionscrm.com/wowcrm/vendor/laravel/framework/src/Illuminate/Foundation/Http/Middleware/VerifyCsrfToken.php(88): Illuminate\\Pipeline\\Pipeline->Illuminate\\Pipeline\\{closure}()
#21 /var/www/norloxsolutionscrm.com/wowcrm/vendor/laravel/framework/src/Illuminate/Pipeline/Pipeline.php(209): Illuminate\\Foundation\\Http\\Middleware\\VerifyCsrfToken->handle()
#22 /var/www/norloxsolutionscrm.com/wowcrm/vendor/laravel/framework/src/Illuminate/View/Middleware/ShareErrorsFromSession.php(49): Illuminate\\Pipeline\\Pipeline->Illuminate\\Pipeline\\{closure}()
#23 /var/www/norloxsolutionscrm.com/wowcrm/vendor/laravel/framework/src/Illuminate/Pipeline/Pipeline.php(209): Illuminate\\View\\Middleware\\ShareErrorsFromSession->handle()
#24 /var/www/norloxsolutionscrm.com/wowcrm/vendor/laravel/framework/src/Illuminate/Session/Middleware/StartSession.php(121): Illuminate\\Pipeline\\Pipeline->Illuminate\\Pipeline\\{closure}()
#25 /var/www/norloxsolutionscrm.com/wowcrm/vendor/laravel/framework/src/Illuminate/Session/Middleware/StartSession.php(64): Illuminate\\Session\\Middleware\\StartSession->handleStatefulRequest()
#26 /var/www/norloxsolutionscrm.com/wowcrm/vendor/laravel/framework/src/Illuminate/Pipeline/Pipeline.php(209): Illuminate\\Session\\Middleware\\StartSession->handle()
#27 /var/www/norloxsolutionscrm.com/wowcrm/vendor/laravel/framework/src/Illuminate/Cookie/Middleware/AddQueuedCookiesToResponse.php(37): Illuminate\\Pipeline\\Pipeline->Illuminate\\Pipeline\\{closure}()
#28 /var/www/norloxsolutionscrm.com/wowcrm/vendor/laravel/framework/src/Illuminate/Pipeline/Pipeline.php(209): Illuminate\\Cookie\\Middleware\\AddQueuedCookiesToResponse->handle()
#29 /var/www/norloxsolutionscrm.com/wowcrm/vendor/laravel/framework/src/Illuminate/Cookie/Middleware/EncryptCookies.php(75): Illuminate\\Pipeline\\Pipeline->Illuminate\\Pipeline\\{closure}()
#30 /var/www/norloxsolutionscrm.com/wowcrm/vendor/laravel/framework/src/Illuminate/Pipeline/Pipeline.php(209): Illuminate\\Cookie\\Middleware\\EncryptCookies->handle()
#31 /var/www/norloxsolutionscrm.com/wowcrm/vendor/laravel/framework/src/Illuminate/Pipeline/Pipeline.php(127): Illuminate\\Pipeline\\Pipeline->Illuminate\\Pipeline\\{closure}()
#32 /var/www/norloxsolutionscrm.com/wowcrm/vendor/laravel/framework/src/Illuminate/Routing/Router.php(807): Illuminate\\Pipeline\\Pipeline->then()
#33 /var/www/norloxsolutionscrm.com/wowcrm/vendor/laravel/framework/src/Illuminate/Routing/Router.php(786): Illuminate\\Routing\\Router->runRouteWithinStack()
#34 /var/www/norloxsolutionscrm.com/wowcrm/vendor/laravel/framework/src/Illuminate/Routing/Router.php(750): Illuminate\\Routing\\Router->runRoute()
#35 /var/www/norloxsolutionscrm.com/wowcrm/vendor/laravel/framework/src/Illuminate/Routing/Router.php(739): Illuminate\\Routing\\Router->dispatchToRoute()
#36 /var/www/norloxsolutionscrm.com/wowcrm/vendor/laravel/framework/src/Illuminate/Foundation/Http/Kernel.php(201): Illuminate\\Routing\\Router->dispatch()
#37 /var/www/norloxsolutionscrm.com/wowcrm/vendor/laravel/framework/src/Illuminate/Pipeline/Pipeline.php(170): Illuminate\\Foundation\\Http\\Kernel->Illuminate\\Foundation\\Http\\{closure}()
#38 /var/www/norloxsolutionscrm.com/wowcrm/vendor/laravel/framework/src/Illuminate/Foundation/Http/Middleware/TransformsRequest.php(21): Illuminate\\Pipeline\\Pipeline->Illuminate\\Pipeline\\{closure}()
#39 /var/www/norloxsolutionscrm.com/wowcrm/vendor/laravel/framework/src/Illuminate/Foundation/Http/Middleware/ConvertEmptyStringsToNull.php(31): Illuminate\\Foundation\\Http\\Middleware\\TransformsRequest->handle()
#40 /var/www/norloxsolutionscrm.com/wowcrm/vendor/laravel/framework/src/Illuminate/Pipeline/Pipeline.php(209): Illuminate\\Foundation\\Http\\Middleware\\ConvertEmptyStringsToNull->handle()
#41 /var/www/norloxsolutionscrm.com/wowcrm/vendor/laravel/framework/src/Illuminate/Foundation/Http/Middleware/TransformsRequest.php(21): Illuminate\\Pipeline\\Pipeline->Illuminate\\Pipeline\\{closure}()
#42 /var/www/norloxsolutionscrm.com/wowcrm/vendor/laravel/framework/src/Illuminate/Foundation/Http/Middleware/TrimStrings.php(51): Illuminate\\Foundation\\Http\\Middleware\\TransformsRequest->handle()
#43 /var/www/norloxsolutionscrm.com/wowcrm/vendor/laravel/framework/src/Illuminate/Pipeline/Pipeline.php(209): Illuminate\\Foundation\\Http\\Middleware\\TrimStrings->handle()
#44 /var/www/norloxsolutionscrm.com/wowcrm/vendor/laravel/framework/src/Illuminate/Http/Middleware/ValidatePostSize.php(27): Illuminate\\Pipeline\\Pipeline->Illuminate\\Pipeline\\{closure}()
#45 /var/www/norloxsolutionscrm.com/wowcrm/vendor/laravel/framework/src/Illuminate/Pipeline/Pipeline.php(209): Illuminate\\Http\\Middleware\\ValidatePostSize->handle()
#46 /var/www/norloxsolutionscrm.com/wowcrm/vendor/laravel/framework/src/Illuminate/Foundation/Http/Middleware/PreventRequestsDuringMaintenance.php(110): Illuminate\\Pipeline\\Pipeline->Illuminate\\Pipeline\\{closure}()
#47 /var/www/norloxsolutionscrm.com/wowcrm/vendor/laravel/framework/src/Illuminate/Pipeline/Pipeline.php(209): Illuminate\\Foundation\\Http\\Middleware\\PreventRequestsDuringMaintenance->handle()
#48 /var/www/norloxsolutionscrm.com/wowcrm/vendor/laravel/framework/src/Illuminate/Http/Middleware/HandleCors.php(49): Illuminate\\Pipeline\\Pipeline->Illuminate\\Pipeline\\{closure}()
#49 /var/www/norloxsolutionscrm.com/wowcrm/vendor/laravel/framework/src/Illuminate/Pipeline/Pipeline.php(209): Illuminate\\Http\\Middleware\\HandleCors->handle()
#50 /var/www/norloxsolutionscrm.com/wowcrm/vendor/laravel/framework/src/Illuminate/Http/Middleware/TrustProxies.php(58): Illuminate\\Pipeline\\Pipeline->Illuminate\\Pipeline\\{closure}()
#51 /var/www/norloxsolutionscrm.com/wowcrm/vendor/laravel/framework/src/Illuminate/Pipeline/Pipeline.php(209): Illuminate\\Http\\Middleware\\TrustProxies->handle()
#52 /var/www/norloxsolutionscrm.com/wowcrm/vendor/laravel/framework/src/Illuminate/Foundation/Http/Middleware/InvokeDeferredCallbacks.php(22): Illuminate\\Pipeline\\Pipeline->Illuminate\\Pipeline\\{closure}()
#53 /var/www/norloxsolutionscrm.com/wowcrm/vendor/laravel/framework/src/Illuminate/Pipeline/Pipeline.php(209): Illuminate\\Foundation\\Http\\Middleware\\InvokeDeferredCallbacks->handle()
#54 /var/www/norloxsolutionscrm.com/wowcrm/vendor/laravel/framework/src/Illuminate/Pipeline/Pipeline.php(127): Illuminate\\Pipeline\\Pipeline->Illuminate\\Pipeline\\{closure}()
#55 /var/www/norloxsolutionscrm.com/wowcrm/vendor/laravel/framework/src/Illuminate/Foundation/Http/Kernel.php(176): Illuminate\\Pipeline\\Pipeline->then()
#56 /var/www/norloxsolutionscrm.com/wowcrm/vendor/laravel/framework/src/Illuminate/Foundation/Http/Kernel.php(145): Illuminate\\Foundation\\Http\\Kernel->sendRequestThroughRouter()
#57 /var/www/norloxsolutionscrm.com/wowcrm/vendor/laravel/framework/src/Illuminate/Foundation/Application.php(1220): Illuminate\\Foundation\\Http\\Kernel->handle()
#58 /var/www/norloxsolutionscrm.com/wowcrm/index.php(17): Illuminate\\Foundation\\Application->handleRequest()
#59 {main}
"} 
[2026-02-06 16:02:28] local.ERROR: The PHP GD extension is required, but is not installed. {"userId":36,"exception":"[object] (Exception(code: 0): The PHP GD extension is required, but is not installed. at /var/www/norloxsolutionscrm.com/wowcrm/vendor/dompdf/dompdf/lib/Cpdf.php:6207)
[stacktrace]
#0 /var/www/norloxsolutionscrm.com/wowcrm/vendor/dompdf/dompdf/src/Adapter/CPDF.php(674): Dompdf\\Cpdf->addPngFromFile()
#1 /var/www/norloxsolutionscrm.com/wowcrm/vendor/dompdf/dompdf/src/Renderer/Image.php(63): Dompdf\\Adapter\\CPDF->image()
#2 /var/www/norloxsolutionscrm.com/wowcrm/vendor/dompdf/dompdf/src/Renderer.php(305): Dompdf\\Renderer\\Image->render()
#3 /var/www/norloxsolutionscrm.com/wowcrm/vendor/dompdf/dompdf/src/Renderer.php(140): Dompdf\\Renderer->_render_frame()
#4 /var/www/norloxsolutionscrm.com/wowcrm/vendor/dompdf/dompdf/src/Renderer.php(207): Dompdf\\Renderer->render()
#5 /var/www/norloxsolutionscrm.com/wowcrm/vendor/dompdf/dompdf/src/Renderer.php(207): Dompdf\\Renderer->render()
#6 /var/www/norloxsolutionscrm.com/wowcrm/vendor/dompdf/dompdf/src/Renderer.php(207): Dompdf\\Renderer->render()
#7 /var/www/norloxsolutionscrm.com/wowcrm/vendor/dompdf/dompdf/src/Renderer.php(207): Dompdf\\Renderer->render()
#8 /var/www/norloxsolutionscrm.com/wowcrm/vendor/dompdf/dompdf/src/Renderer.php(207): Dompdf\\Renderer->render()
#9 /var/www/norloxsolutionscrm.com/wowcrm/vendor/dompdf/dompdf/src/Renderer.php(207): Dompdf\\Renderer->render()
#10 /var/www/norloxsolutionscrm.com/wowcrm/vendor/dompdf/dompdf/src/Renderer.php(207): Dompdf\\Renderer->render()
#11 /var/www/norloxsolutionscrm.com/wowcrm/vendor/dompdf/dompdf/src/FrameReflower/Page.php(148): Dompdf\\Renderer->render()
#12 /var/www/norloxsolutionscrm.com/wowcrm/vendor/dompdf/dompdf/src/FrameDecorator/AbstractFrameDecorator.php(915): Dompdf\\FrameReflower\\Page->reflow()
#13 /var/www/norloxsolutionscrm.com/wowcrm/vendor/dompdf/dompdf/src/Dompdf.php(815): Dompdf\\FrameDecorator\\AbstractFrameDecorator->reflow()
#14 /var/www/norloxsolutionscrm.com/wowcrm/app/Http/Controllers/GoogleSheetController.php(7230): Dompdf\\Dompdf->render()
#15 /var/www/norloxsolutionscrm.com/wowcrm/vendor/laravel/framework/src/Illuminate/Routing/ControllerDispatcher.php(47): App\\Http\\Controllers\\GoogleSheetController->viewJuniorResume()
#16 /var/www/norloxsolutionscrm.com/wowcrm/vendor/laravel/framework/src/Illuminate/Routing/Route.php(266): Illuminate\\Routing\\ControllerDispatcher->dispatch()
#17 /var/www/norloxsolutionscrm.com/wowcrm/vendor/laravel/framework/src/Illuminate/Routing/Route.php(212): Illuminate\\Routing\\Route->runController()
#18 /var/www/norloxsolutionscrm.com/wowcrm/vendor/laravel/framework/src/Illuminate/Routing/Router.php(808): Illuminate\\Routing\\Route->run()
#19 /var/www/norloxsolutionscrm.com/wowcrm/vendor/laravel/framework/src/Illuminate/Pipeline/Pipeline.php(170): Illuminate\\Routing\\Router->Illuminate\\Routing\\{closure}()
#20 /var/www/norloxsolutionscrm.com/wowcrm/vendor/laravel/framework/src/Illuminate/Routing/Middleware/SubstituteBindings.php(51): Illuminate\\Pipeline\\Pipeline->Illuminate\\Pipeline\\{closure}()
#21 /var/www/norloxsolutionscrm.com/wowcrm/vendor/laravel/framework/src/Illuminate/Pipeline/Pipeline.php(209): Illuminate\\Routing\\Middleware\\SubstituteBindings->handle()
#22 /var/www/norloxsolutionscrm.com/wowcrm/vendor/laravel/framework/src/Illuminate/Auth/Middleware/Authenticate.php(64): Illuminate\\Pipeline\\Pipeline->Illuminate\\Pipeline\\{closure}()
#23 /var/www/norloxsolutionscrm.com/wowcrm/vendor/laravel/framework/src/Illuminate/Pipeline/Pipeline.php(209): Illuminate\\Auth\\Middleware\\Authenticate->handle()
#24 /var/www/norloxsolutionscrm.com/wowcrm/vendor/laravel/framework/src/Illuminate/Foundation/Http/Middleware/VerifyCsrfToken.php(88): Illuminate\\Pipeline\\Pipeline->Illuminate\\Pipeline\\{closure}()
#25 /var/www/norloxsolutionscrm.com/wowcrm/vendor/laravel/framework/src/Illuminate/Pipeline/Pipeline.php(209): Illuminate\\Foundation\\Http\\Middleware\\VerifyCsrfToken->handle()
#26 /var/www/norloxsolutionscrm.com/wowcrm/vendor/laravel/framework/src/Illuminate/View/Middleware/ShareErrorsFromSession.php(49): Illuminate\\Pipeline\\Pipeline->Illuminate\\Pipeline\\{closure}()
#27 /var/www/norloxsolutionscrm.com/wowcrm/vendor/laravel/framework/src/Illuminate/Pipeline/Pipeline.php(209): Illuminate\\View\\Middleware\\ShareErrorsFromSession->handle()
#28 /var/www/norloxsolutionscrm.com/wowcrm/vendor/laravel/framework/src/Illuminate/Session/Middleware/StartSession.php(121): Illuminate\\Pipeline\\Pipeline->Illuminate\\Pipeline\\{closure}()
#29 /var/www/norloxsolutionscrm.com/wowcrm/vendor/laravel/framework/src/Illuminate/Session/Middleware/StartSession.php(64): Illuminate\\Session\\Middleware\\StartSession->handleStatefulRequest()
#30 /var/www/norloxsolutionscrm.com/wowcrm/vendor/laravel/framework/src/Illuminate/Pipeline/Pipeline.php(209): Illuminate\\Session\\Middleware\\StartSession->handle()
#31 /var/www/norloxsolutionscrm.com/wowcrm/vendor/laravel/framework/src/Illuminate/Cookie/Middleware/AddQueuedCookiesToResponse.php(37): Illuminate\\Pipeline\\Pipeline->Illuminate\\Pipeline\\{closure}()
#32 /var/www/norloxsolutionscrm.com/wowcrm/vendor/laravel/framework/src/Illuminate/Pipeline/Pipeline.php(209): Illuminate\\Cookie\\Middleware\\AddQueuedCookiesToResponse->handle()
#33 /var/www/norloxsolutionscrm.com/wowcrm/vendor/laravel/framework/src/Illuminate/Cookie/Middleware/EncryptCookies.php(75): Illuminate\\Pipeline\\Pipeline->Illuminate\\Pipeline\\{closure}()
#34 /var/www/norloxsolutionscrm.com/wowcrm/vendor/laravel/framework/src/Illuminate/Pipeline/Pipeline.php(209): Illuminate\\Cookie\\Middleware\\EncryptCookies->handle()
#35 /var/www/norloxsolutionscrm.com/wowcrm/vendor/laravel/framework/src/Illuminate/Pipeline/Pipeline.php(127): Illuminate\\Pipeline\\Pipeline->Illuminate\\Pipeline\\{closure}()
#36 /var/www/norloxsolutionscrm.com/wowcrm/vendor/laravel/framework/src/Illuminate/Routing/Router.php(807): Illuminate\\Pipeline\\Pipeline->then()
#37 /var/www/norloxsolutionscrm.com/wowcrm/vendor/laravel/framework/src/Illuminate/Routing/Router.php(786): Illuminate\\Routing\\Router->runRouteWithinStack()
#38 /var/www/norloxsolutionscrm.com/wowcrm/vendor/laravel/framework/src/Illuminate/Routing/Router.php(750): Illuminate\\Routing\\Router->runRoute()
#39 /var/www/norloxsolutionscrm.com/wowcrm/vendor/laravel/framework/src/Illuminate/Routing/Router.php(739): Illuminate\\Routing\\Router->dispatchToRoute()
#40 /var/www/norloxsolutionscrm.com/wowcrm/vendor/laravel/framework/src/Illuminate/Foundation/Http/Kernel.php(201): Illuminate\\Routing\\Router->dispatch()
#41 /var/www/norloxsolutionscrm.com/wowcrm/vendor/laravel/framework/src/Illuminate/Pipeline/Pipeline.php(170): Illuminate\\Foundation\\Http\\Kernel->Illuminate\\Foundation\\Http\\{closure}()
#42 /var/www/norloxsolutionscrm.com/wowcrm/vendor/laravel/framework/src/Illuminate/Foundation/Http/Middleware/TransformsRequest.php(21): Illuminate\\Pipeline\\Pipeline->Illuminate\\Pipeline\\{closure}()
#43 /var/www/norloxsolutionscrm.com/wowcrm/vendor/laravel/framework/src/Illuminate/Foundation/Http/Middleware/ConvertEmptyStringsToNull.php(31): Illuminate\\Foundation\\Http\\Middleware\\TransformsRequest->handle()
#44 /var/www/norloxsolutionscrm.com/wowcrm/vendor/laravel/framework/src/Illuminate/Pipeline/Pipeline.php(209): Illuminate\\Foundation\\Http\\Middleware\\ConvertEmptyStringsToNull->handle()
#45 /var/www/norloxsolutionscrm.com/wowcrm/vendor/laravel/framework/src/Illuminate/Foundation/Http/Middleware/TransformsRequest.php(21): Illuminate\\Pipeline\\Pipeline->Illuminate\\Pipeline\\{closure}()
#46 /var/www/norloxsolutionscrm.com/wowcrm/vendor/laravel/framework/src/Illuminate/Foundation/Http/Middleware/TrimStrings.php(51): Illuminate\\Foundation\\Http\\Middleware\\TransformsRequest->handle()
#47 /var/www/norloxsolutionscrm.com/wowcrm/vendor/laravel/framework/src/Illuminate/Pipeline/Pipeline.php(209): Illuminate\\Foundation\\Http\\Middleware\\TrimStrings->handle()
#48 /var/www/norloxsolutionscrm.com/wowcrm/vendor/laravel/framework/src/Illuminate/Http/Middleware/ValidatePostSize.php(27): Illuminate\\Pipeline\\Pipeline->Illuminate\\Pipeline\\{closure}()
#49 /var/www/norloxsolutionscrm.com/wowcrm/vendor/laravel/framework/src/Illuminate/Pipeline/Pipeline.php(209): Illuminate\\Http\\Middleware\\ValidatePostSize->handle()
#50 /var/www/norloxsolutionscrm.com/wowcrm/vendor/laravel/framework/src/Illuminate/Foundation/Http/Middleware/PreventRequestsDuringMaintenance.php(110): Illuminate\\Pipeline\\Pipeline->Illuminate\\Pipeline\\{closure}()
#51 /var/www/norloxsolutionscrm.com/wowcrm/vendor/laravel/framework/src/Illuminate/Pipeline/Pipeline.php(209): Illuminate\\Foundation\\Http\\Middleware\\PreventRequestsDuringMaintenance->handle()
#52 /var/www/norloxsolutionscrm.com/wowcrm/vendor/laravel/framework/src/Illuminate/Http/Middleware/HandleCors.php(49): Illuminate\\Pipeline\\Pipeline->Illuminate\\Pipeline\\{closure}()
#53 /var/www/norloxsolutionscrm.com/wowcrm/vendor/laravel/framework/src/Illuminate/Pipeline/Pipeline.php(209): Illuminate\\Http\\Middleware\\HandleCors->handle()
#54 /var/www/norloxsolutionscrm.com/wowcrm/vendor/laravel/framework/src/Illuminate/Http/Middleware/TrustProxies.php(58): Illuminate\\Pipeline\\Pipeline->Illuminate\\Pipeline\\{closure}()
#55 /var/www/norloxsolutionscrm.com/wowcrm/vendor/laravel/framework/src/Illuminate/Pipeline/Pipeline.php(209): Illuminate\\Http\\Middleware\\TrustProxies->handle()
#56 /var/www/norloxsolutionscrm.com/wowcrm/vendor/laravel/framework/src/Illuminate/Foundation/Http/Middleware/InvokeDeferredCallbacks.php(22): Illuminate\\Pipeline\\Pipeline->Illuminate\\Pipeline\\{closure}()
#57 /var/www/norloxsolutionscrm.com/wowcrm/vendor/laravel/framework/src/Illuminate/Pipeline/Pipeline.php(209): Illuminate\\Foundation\\Http\\Middleware\\InvokeDeferredCallbacks->handle()
#58 /var/www/norloxsolutionscrm.com/wowcrm/vendor/laravel/framework/src/Illuminate/Pipeline/Pipeline.php(127): Illuminate\\Pipeline\\Pipeline->Illuminate\\Pipeline\\{closure}()
#59 /var/www/norloxsolutionscrm.com/wowcrm/vendor/laravel/framework/src/Illuminate/Foundation/Http/Kernel.php(176): Illuminate\\Pipeline\\Pipeline->then()
#60 /var/www/norloxsolutionscrm.com/wowcrm/vendor/laravel/framework/src/Illuminate/Foundation/Http/Kernel.php(145): Illuminate\\Foundation\\Http\\Kernel->sendRequestThroughRouter()
#61 /var/www/norloxsolutionscrm.com/wowcrm/vendor/laravel/framework/src/Illuminate/Foundation/Application.php(1220): Illuminate\\Foundation\\Http\\Kernel->handle()
#62 /var/www/norloxsolutionscrm.com/wowcrm/index.php(17): Illuminate\\Foundation\\Application->handleRequest()
#63 {main}
"} 
[2026-02-06 16:02:53] local.ERROR: The PHP GD extension is required, but is not installed. {"userId":36,"exception":"[object] (Exception(code: 0): The PHP GD extension is required, but is not installed. at /var/www/norloxsolutionscrm.com/wowcrm/vendor/dompdf/dompdf/lib/Cpdf.php:6207)
[stacktrace]
#0 /var/www/norloxsolutionscrm.com/wowcrm/vendor/dompdf/dompdf/src/Adapter/CPDF.php(674): Dompdf\\Cpdf->addPngFromFile()
#1 /var/www/norloxsolutionscrm.com/wowcrm/vendor/dompdf/dompdf/src/Renderer/Image.php(63): Dompdf\\Adapter\\CPDF->image()
#2 /var/www/norloxsolutionscrm.com/wowcrm/vendor/dompdf/dompdf/src/Renderer.php(305): Dompdf\\Renderer\\Image->render()
#3 /var/www/norloxsolutionscrm.com/wowcrm/vendor/dompdf/dompdf/src/Renderer.php(140): Dompdf\\Renderer->_render_frame()
#4 /var/www/norloxsolutionscrm.com/wowcrm/vendor/dompdf/dompdf/src/Renderer.php(207): Dompdf\\Renderer->render()
#5 /var/www/norloxsolutionscrm.com/wowcrm/vendor/dompdf/dompdf/src/Renderer.php(207): Dompdf\\Renderer->render()
#6 /var/www/norloxsolutionscrm.com/wowcrm/vendor/dompdf/dompdf/src/Renderer.php(207): Dompdf\\Renderer->render()
#7 /var/www/norloxsolutionscrm.com/wowcrm/vendor/dompdf/dompdf/src/Renderer.php(207): Dompdf\\Renderer->render()
#8 /var/www/norloxsolutionscrm.com/wowcrm/vendor/dompdf/dompdf/src/Renderer.php(207): Dompdf\\Renderer->render()
#9 /var/www/norloxsolutionscrm.com/wowcrm/vendor/dompdf/dompdf/src/Renderer.php(207): Dompdf\\Renderer->render()
#10 /var/www/norloxsolutionscrm.com/wowcrm/vendor/dompdf/dompdf/src/Renderer.php(207): Dompdf\\Renderer->render()
#11 /var/www/norloxsolutionscrm.com/wowcrm/vendor/dompdf/dompdf/src/FrameReflower/Page.php(148): Dompdf\\Renderer->render()
#12 /var/www/norloxsolutionscrm.com/wowcrm/vendor/dompdf/dompdf/src/FrameDecorator/AbstractFrameDecorator.php(915): Dompdf\\FrameReflower\\Page->reflow()
#13 /var/www/norloxsolutionscrm.com/wowcrm/vendor/dompdf/dompdf/src/Dompdf.php(815): Dompdf\\FrameDecorator\\AbstractFrameDecorator->reflow()
#14 /var/www/norloxsolutionscrm.com/wowcrm/app/Http/Controllers/GoogleSheetController.php(7230): Dompdf\\Dompdf->render()
#15 /var/www/norloxsolutionscrm.com/wowcrm/vendor/laravel/framework/src/Illuminate/Routing/ControllerDispatcher.php(47): App\\Http\\Controllers\\GoogleSheetController->viewJuniorResume()
#16 /var/www/norloxsolutionscrm.com/wowcrm/vendor/laravel/framework/src/Illuminate/Routing/Route.php(266): Illuminate\\Routing\\ControllerDispatcher->dispatch()
#17 /var/www/norloxsolutionscrm.com/wowcrm/vendor/laravel/framework/src/Illuminate/Routing/Route.php(212): Illuminate\\Routing\\Route->runController()
#18 /var/www/norloxsolutionscrm.com/wowcrm/vendor/laravel/framework/src/Illuminate/Routing/Router.php(808): Illuminate\\Routing\\Route->run()
#19 /var/www/norloxsolutionscrm.com/wowcrm/vendor/laravel/framework/src/Illuminate/Pipeline/Pipeline.php(170): Illuminate\\Routing\\Router->Illuminate\\Routing\\{closure}()
#20 /var/www/norloxsolutionscrm.com/wowcrm/vendor/laravel/framework/src/Illuminate/Routing/Middleware/SubstituteBindings.php(51): Illuminate\\Pipeline\\Pipeline->Illuminate\\Pipeline\\{closure}()
#21 /var/www/norloxsolutionscrm.com/wowcrm/vendor/laravel/framework/src/Illuminate/Pipeline/Pipeline.php(209): Illuminate\\Routing\\Middleware\\SubstituteBindings->handle()
#22 /var/www/norloxsolutionscrm.com/wowcrm/vendor/laravel/framework/src/Illuminate/Auth/Middleware/Authenticate.php(64): Illuminate\\Pipeline\\Pipeline->Illuminate\\Pipeline\\{closure}()
#23 /var/www/norloxsolutionscrm.com/wowcrm/vendor/laravel/framework/src/Illuminate/Pipeline/Pipeline.php(209): Illuminate\\Auth\\Middleware\\Authenticate->handle()
#24 /var/www/norloxsolutionscrm.com/wowcrm/vendor/laravel/framework/src/Illuminate/Foundation/Http/Middleware/VerifyCsrfToken.php(88): Illuminate\\Pipeline\\Pipeline->Illuminate\\Pipeline\\{closure}()
#25 /var/www/norloxsolutionscrm.com/wowcrm/vendor/laravel/framework/src/Illuminate/Pipeline/Pipeline.php(209): Illuminate\\Foundation\\Http\\Middleware\\VerifyCsrfToken->handle()
#26 /var/www/norloxsolutionscrm.com/wowcrm/vendor/laravel/framework/src/Illuminate/View/Middleware/ShareErrorsFromSession.php(49): Illuminate\\Pipeline\\Pipeline->Illuminate\\Pipeline\\{closure}()
#27 /var/www/norloxsolutionscrm.com/wowcrm/vendor/laravel/framework/src/Illuminate/Pipeline/Pipeline.php(209): Illuminate\\View\\Middleware\\ShareErrorsFromSession->handle()
#28 /var/www/norloxsolutionscrm.com/wowcrm/vendor/laravel/framework/src/Illuminate/Session/Middleware/StartSession.php(121): Illuminate\\Pipeline\\Pipeline->Illuminate\\Pipeline\\{closure}()
#29 /var/www/norloxsolutionscrm.com/wowcrm/vendor/laravel/framework/src/Illuminate/Session/Middleware/StartSession.php(64): Illuminate\\Session\\Middleware\\StartSession->handleStatefulRequest()
#30 /var/www/norloxsolutionscrm.com/wowcrm/vendor/laravel/framework/src/Illuminate/Pipeline/Pipeline.php(209): Illuminate\\Session\\Middleware\\StartSession->handle()
#31 /var/www/norloxsolutionscrm.com/wowcrm/vendor/laravel/framework/src/Illuminate/Cookie/Middleware/AddQueuedCookiesToResponse.php(37): Illuminate\\Pipeline\\Pipeline->Illuminate\\Pipeline\\{closure}()
#32 /var/www/norloxsolutionscrm.com/wowcrm/vendor/laravel/framework/src/Illuminate/Pipeline/Pipeline.php(209): Illuminate\\Cookie\\Middleware\\AddQueuedCookiesToResponse->handle()
#33 /var/www/norloxsolutionscrm.com/wowcrm/vendor/laravel/framework/src/Illuminate/Cookie/Middleware/EncryptCookies.php(75): Illuminate\\Pipeline\\Pipeline->Illuminate\\Pipeline\\{closure}()
#34 /var/www/norloxsolutionscrm.com/wowcrm/vendor/laravel/framework/src/Illuminate/Pipeline/Pipeline.php(209): Illuminate\\Cookie\\Middleware\\EncryptCookies->handle()
#35 /var/www/norloxsolutionscrm.com/wowcrm/vendor/laravel/framework/src/Illuminate/Pipeline/Pipeline.php(127): Illuminate\\Pipeline\\Pipeline->Illuminate\\Pipeline\\{closure}()
#36 /var/www/norloxsolutionscrm.com/wowcrm/vendor/laravel/framework/src/Illuminate/Routing/Router.php(807): Illuminate\\Pipeline\\Pipeline->then()
#37 /var/www/norloxsolutionscrm.com/wowcrm/vendor/laravel/framework/src/Illuminate/Routing/Router.php(786): Illuminate\\Routing\\Router->runRouteWithinStack()
#38 /var/www/norloxsolutionscrm.com/wowcrm/vendor/laravel/framework/src/Illuminate/Routing/Router.php(750): Illuminate\\Routing\\Router->runRoute()
#39 /var/www/norloxsolutionscrm.com/wowcrm/vendor/laravel/framework/src/Illuminate/Routing/Router.php(739): Illuminate\\Routing\\Router->dispatchToRoute()
#40 /var/www/norloxsolutionscrm.com/wowcrm/vendor/laravel/framework/src/Illuminate/Foundation/Http/Kernel.php(201): Illuminate\\Routing\\Router->dispatch()
#41 /var/www/norloxsolutionscrm.com/wowcrm/vendor/laravel/framework/src/Illuminate/Pipeline/Pipeline.php(170): Illuminate\\Foundation\\Http\\Kernel->Illuminate\\Foundation\\Http\\{closure}()
#42 /var/www/norloxsolutionscrm.com/wowcrm/vendor/laravel/framework/src/Illuminate/Foundation/Http/Middleware/TransformsRequest.php(21): Illuminate\\Pipeline\\Pipeline->Illuminate\\Pipeline\\{closure}()
#43 /var/www/norloxsolutionscrm.com/wowcrm/vendor/laravel/framework/src/Illuminate/Foundation/Http/Middleware/ConvertEmptyStringsToNull.php(31): Illuminate\\Foundation\\Http\\Middleware\\TransformsRequest->handle()
#44 /var/www/norloxsolutionscrm.com/wowcrm/vendor/laravel/framework/src/Illuminate/Pipeline/Pipeline.php(209): Illuminate\\Foundation\\Http\\Middleware\\ConvertEmptyStringsToNull->handle()
#45 /var/www/norloxsolutionscrm.com/wowcrm/vendor/laravel/framework/src/Illuminate/Foundation/Http/Middleware/TransformsRequest.php(21): Illuminate\\Pipeline\\Pipeline->Illuminate\\Pipeline\\{closure}()
#46 /var/www/norloxsolutionscrm.com/wowcrm/vendor/laravel/framework/src/Illuminate/Foundation/Http/Middleware/TrimStrings.php(51): Illuminate\\Foundation\\Http\\Middleware\\TransformsRequest->handle()
#47 /var/www/norloxsolutionscrm.com/wowcrm/vendor/laravel/framework/src/Illuminate/Pipeline/Pipeline.php(209): Illuminate\\Foundation\\Http\\Middleware\\TrimStrings->handle()
#48 /var/www/norloxsolutionscrm.com/wowcrm/vendor/laravel/framework/src/Illuminate/Http/Middleware/ValidatePostSize.php(27): Illuminate\\Pipeline\\Pipeline->Illuminate\\Pipeline\\{closure}()
#49 /var/www/norloxsolutionscrm.com/wowcrm/vendor/laravel/framework/src/Illuminate/Pipeline/Pipeline.php(209): Illuminate\\Http\\Middleware\\ValidatePostSize->handle()
#50 /var/www/norloxsolutionscrm.com/wowcrm/vendor/laravel/framework/src/Illuminate/Foundation/Http/Middleware/PreventRequestsDuringMaintenance.php(110): Illuminate\\Pipeline\\Pipeline->Illuminate\\Pipeline\\{closure}()
#51 /var/www/norloxsolutionscrm.com/wowcrm/vendor/laravel/framework/src/Illuminate/Pipeline/Pipeline.php(209): Illuminate\\Foundation\\Http\\Middleware\\PreventRequestsDuringMaintenance->handle()
#52 /var/www/norloxsolutionscrm.com/wowcrm/vendor/laravel/framework/src/Illuminate/Http/Middleware/HandleCors.php(49): Illuminate\\Pipeline\\Pipeline->Illuminate\\Pipeline\\{closure}()
#53 /var/www/norloxsolutionscrm.com/wowcrm/vendor/laravel/framework/src/Illuminate/Pipeline/Pipeline.php(209): Illuminate\\Http\\Middleware\\HandleCors->handle()
#54 /var/www/norloxsolutionscrm.com/wowcrm/vendor/laravel/framework/src/Illuminate/Http/Middleware/TrustProxies.php(58): Illuminate\\Pipeline\\Pipeline->Illuminate\\Pipeline\\{closure}()
#55 /var/www/norloxsolutionscrm.com/wowcrm/vendor/laravel/framework/src/Illuminate/Pipeline/Pipeline.php(209): Illuminate\\Http\\Middleware\\TrustProxies->handle()
#56 /var/www/norloxsolutionscrm.com/wowcrm/vendor/laravel/framework/src/Illuminate/Foundation/Http/Middleware/InvokeDeferredCallbacks.php(22): Illuminate\\Pipeline\\Pipeline->Illuminate\\Pipeline\\{closure}()
#57 /var/www/norloxsolutionscrm.com/wowcrm/vendor/laravel/framework/src/Illuminate/Pipeline/Pipeline.php(209): Illuminate\\Foundation\\Http\\Middleware\\InvokeDeferredCallbacks->handle()
#58 /var/www/norloxsolutionscrm.com/wowcrm/vendor/laravel/framework/src/Illuminate/Pipeline/Pipeline.php(127): Illuminate\\Pipeline\\Pipeline->Illuminate\\Pipeline\\{closure}()
#59 /var/www/norloxsolutionscrm.com/wowcrm/vendor/laravel/framework/src/Illuminate/Foundation/Http/Kernel.php(176): Illuminate\\Pipeline\\Pipeline->then()
#60 /var/www/norloxsolutionscrm.com/wowcrm/vendor/laravel/framework/src/Illuminate/Foundation/Http/Kernel.php(145): Illuminate\\Foundation\\Http\\Kernel->sendRequestThroughRouter()
#61 /var/www/norloxsolutionscrm.com/wowcrm/vendor/laravel/framework/src/Illuminate/Foundation/Application.php(1220): Illuminate\\Foundation\\Http\\Kernel->handle()
#62 /var/www/norloxsolutionscrm.com/wowcrm/index.php(17): Illuminate\\Foundation\\Application->handleRequest()
#63 {main}
"} 
[2026-02-06 16:26:29] local.ERROR: The archive failed to load with the following error code: 19 {"userId":4,"exception":"[object] (Exception(code: 0): The archive failed to load with the following error code: 19 at /var/www/norloxsolutionscrm.com/wowcrm/vendor/phpoffice/phpword/src/PhpWord/Shared/XMLReader.php:71)
[stacktrace]
#0 /var/www/norloxsolutionscrm.com/wowcrm/vendor/phpoffice/phpword/src/PhpWord/Reader/Word2007.php(169): PhpOffice\\PhpWord\\Shared\\XMLReader->getDomFromZip()
#1 /var/www/norloxsolutionscrm.com/wowcrm/vendor/phpoffice/phpword/src/PhpWord/Reader/Word2007.php(133): PhpOffice\\PhpWord\\Reader\\Word2007->getRels()
#2 /var/www/norloxsolutionscrm.com/wowcrm/vendor/phpoffice/phpword/src/PhpWord/Reader/Word2007.php(48): PhpOffice\\PhpWord\\Reader\\Word2007->readRelationships()
#3 /var/www/norloxsolutionscrm.com/wowcrm/vendor/phpoffice/phpword/src/PhpWord/IOFactory.php(92): PhpOffice\\PhpWord\\Reader\\Word2007->load()
#4 /var/www/norloxsolutionscrm.com/wowcrm/app/Http/Controllers/GoogleSheetController.php(7216): PhpOffice\\PhpWord\\IOFactory::load()
#5 /var/www/norloxsolutionscrm.com/wowcrm/vendor/laravel/framework/src/Illuminate/Routing/ControllerDispatcher.php(47): App\\Http\\Controllers\\GoogleSheetController->viewJuniorResume()
#6 /var/www/norloxsolutionscrm.com/wowcrm/vendor/laravel/framework/src/Illuminate/Routing/Route.php(266): Illuminate\\Routing\\ControllerDispatcher->dispatch()
#7 /var/www/norloxsolutionscrm.com/wowcrm/vendor/laravel/framework/src/Illuminate/Routing/Route.php(212): Illuminate\\Routing\\Route->runController()
#8 /var/www/norloxsolutionscrm.com/wowcrm/vendor/laravel/framework/src/Illuminate/Routing/Router.php(808): Illuminate\\Routing\\Route->run()
#9 /var/www/norloxsolutionscrm.com/wowcrm/vendor/laravel/framework/src/Illuminate/Pipeline/Pipeline.php(170): Illuminate\\Routing\\Router->Illuminate\\Routing\\{closure}()
#10 /var/www/norloxsolutionscrm.com/wowcrm/vendor/laravel/framework/src/Illuminate/Routing/Middleware/SubstituteBindings.php(51): Illuminate\\Pipeline\\Pipeline->Illuminate\\Pipeline\\{closure}()
#11 /var/www/norloxsolutionscrm.com/wowcrm/vendor/laravel/framework/src/Illuminate/Pipeline/Pipeline.php(209): Illuminate\\Routing\\Middleware\\SubstituteBindings->handle()
#12 /var/www/norloxsolutionscrm.com/wowcrm/vendor/laravel/framework/src/Illuminate/Auth/Middleware/Authenticate.php(64): Illuminate\\Pipeline\\Pipeline->Illuminate\\Pipeline\\{closure}()
#13 /var/www/norloxsolutionscrm.com/wowcrm/vendor/laravel/framework/src/Illuminate/Pipeline/Pipeline.php(209): Illuminate\\Auth\\Middleware\\Authenticate->handle()
#14 /var/www/norloxsolutionscrm.com/wowcrm/vendor/laravel/framework/src/Illuminate/Foundation/Http/Middleware/VerifyCsrfToken.php(88): Illuminate\\Pipeline\\Pipeline->Illuminate\\Pipeline\\{closure}()
#15 /var/www/norloxsolutionscrm.com/wowcrm/vendor/laravel/framework/src/Illuminate/Pipeline/Pipeline.php(209): Illuminate\\Foundation\\Http\\Middleware\\VerifyCsrfToken->handle()
#16 /var/www/norloxsolutionscrm.com/wowcrm/vendor/laravel/framework/src/Illuminate/View/Middleware/ShareErrorsFromSession.php(49): Illuminate\\Pipeline\\Pipeline->Illuminate\\Pipeline\\{closure}()
#17 /var/www/norloxsolutionscrm.com/wowcrm/vendor/laravel/framework/src/Illuminate/Pipeline/Pipeline.php(209): Illuminate\\View\\Middleware\\ShareErrorsFromSession->handle()
#18 /var/www/norloxsolutionscrm.com/wowcrm/vendor/laravel/framework/src/Illuminate/Session/Middleware/StartSession.php(121): Illuminate\\Pipeline\\Pipeline->Illuminate\\Pipeline\\{closure}()
#19 /var/www/norloxsolutionscrm.com/wowcrm/vendor/laravel/framework/src/Illuminate/Session/Middleware/StartSession.php(64): Illuminate\\Session\\Middleware\\StartSession->handleStatefulRequest()
#20 /var/www/norloxsolutionscrm.com/wowcrm/vendor/laravel/framework/src/Illuminate/Pipeline/Pipeline.php(209): Illuminate\\Session\\Middleware\\StartSession->handle()
#21 /var/www/norloxsolutionscrm.com/wowcrm/vendor/laravel/framework/src/Illuminate/Cookie/Middleware/AddQueuedCookiesToResponse.php(37): Illuminate\\Pipeline\\Pipeline->Illuminate\\Pipeline\\{closure}()
#22 /var/www/norloxsolutionscrm.com/wowcrm/vendor/laravel/framework/src/Illuminate/Pipeline/Pipeline.php(209): Illuminate\\Cookie\\Middleware\\AddQueuedCookiesToResponse->handle()
#23 /var/www/norloxsolutionscrm.com/wowcrm/vendor/laravel/framework/src/Illuminate/Cookie/Middleware/EncryptCookies.php(75): Illuminate\\Pipeline\\Pipeline->Illuminate\\Pipeline\\{closure}()
#24 /var/www/norloxsolutionscrm.com/wowcrm/vendor/laravel/framework/src/Illuminate/Pipeline/Pipeline.php(209): Illuminate\\Cookie\\Middleware\\EncryptCookies->handle()
#25 /var/www/norloxsolutionscrm.com/wowcrm/vendor/laravel/framework/src/Illuminate/Pipeline/Pipeline.php(127): Illuminate\\Pipeline\\Pipeline->Illuminate\\Pipeline\\{closure}()
#26 /var/www/norloxsolutionscrm.com/wowcrm/vendor/laravel/framework/src/Illuminate/Routing/Router.php(807): Illuminate\\Pipeline\\Pipeline->then()
#27 /var/www/norloxsolutionscrm.com/wowcrm/vendor/laravel/framework/src/Illuminate/Routing/Router.php(786): Illuminate\\Routing\\Router->runRouteWithinStack()
#28 /var/www/norloxsolutionscrm.com/wowcrm/vendor/laravel/framework/src/Illuminate/Routing/Router.php(750): Illuminate\\Routing\\Router->runRoute()
#29 /var/www/norloxsolutionscrm.com/wowcrm/vendor/laravel/framework/src/Illuminate/Routing/Router.php(739): Illuminate\\Routing\\Router->dispatchToRoute()
#30 /var/www/norloxsolutionscrm.com/wowcrm/vendor/laravel/framework/src/Illuminate/Foundation/Http/Kernel.php(201): Illuminate\\Routing\\Router->dispatch()
#31 /var/www/norloxsolutionscrm.com/wowcrm/vendor/laravel/framework/src/Illuminate/Pipeline/Pipeline.php(170): Illuminate\\Foundation\\Http\\Kernel->Illuminate\\Foundation\\Http\\{closure}()
#32 /var/www/norloxsolutionscrm.com/wowcrm/vendor/laravel/framework/src/Illuminate/Foundation/Http/Middleware/TransformsRequest.php(21): Illuminate\\Pipeline\\Pipeline->Illuminate\\Pipeline\\{closure}()
#33 /var/www/norloxsolutionscrm.com/wowcrm/vendor/laravel/framework/src/Illuminate/Foundation/Http/Middleware/ConvertEmptyStringsToNull.php(31): Illuminate\\Foundation\\Http\\Middleware\\TransformsRequest->handle()
#34 /var/www/norloxsolutionscrm.com/wowcrm/vendor/laravel/framework/src/Illuminate/Pipeline/Pipeline.php(209): Illuminate\\Foundation\\Http\\Middleware\\ConvertEmptyStringsToNull->handle()
#35 /var/www/norloxsolutionscrm.com/wowcrm/vendor/laravel/framework/src/Illuminate/Foundation/Http/Middleware/TransformsRequest.php(21): Illuminate\\Pipeline\\Pipeline->Illuminate\\Pipeline\\{closure}()
#36 /var/www/norloxsolutionscrm.com/wowcrm/vendor/laravel/framework/src/Illuminate/Foundation/Http/Middleware/TrimStrings.php(51): Illuminate\\Foundation\\Http\\Middleware\\TransformsRequest->handle()
#37 /var/www/norloxsolutionscrm.com/wowcrm/vendor/laravel/framework/src/Illuminate/Pipeline/Pipeline.php(209): Illuminate\\Foundation\\Http\\Middleware\\TrimStrings->handle()
#38 /var/www/norloxsolutionscrm.com/wowcrm/vendor/laravel/framework/src/Illuminate/Http/Middleware/ValidatePostSize.php(27): Illuminate\\Pipeline\\Pipeline->Illuminate\\Pipeline\\{closure}()
#39 /var/www/norloxsolutionscrm.com/wowcrm/vendor/laravel/framework/src/Illuminate/Pipeline/Pipeline.php(209): Illuminate\\Http\\Middleware\\ValidatePostSize->handle()
#40 /var/www/norloxsolutionscrm.com/wowcrm/vendor/laravel/framework/src/Illuminate/Foundation/Http/Middleware/PreventRequestsDuringMaintenance.php(110): Illuminate\\Pipeline\\Pipeline->Illuminate\\Pipeline\\{closure}()
#41 /var/www/norloxsolutionscrm.com/wowcrm/vendor/laravel/framework/src/Illuminate/Pipeline/Pipeline.php(209): Illuminate\\Foundation\\Http\\Middleware\\PreventRequestsDuringMaintenance->handle()
#42 /var/www/norloxsolutionscrm.com/wowcrm/vendor/laravel/framework/src/Illuminate/Http/Middleware/HandleCors.php(49): Illuminate\\Pipeline\\Pipeline->Illuminate\\Pipeline\\{closure}()
#43 /var/www/norloxsolutionscrm.com/wowcrm/vendor/laravel/framework/src/Illuminate/Pipeline/Pipeline.php(209): Illuminate\\Http\\Middleware\\HandleCors->handle()
#44 /var/www/norloxsolutionscrm.com/wowcrm/vendor/laravel/framework/src/Illuminate/Http/Middleware/TrustProxies.php(58): Illuminate\\Pipeline\\Pipeline->Illuminate\\Pipeline\\{closure}()
#45 /var/www/norloxsolutionscrm.com/wowcrm/vendor/laravel/framework/src/Illuminate/Pipeline/Pipeline.php(209): Illuminate\\Http\\Middleware\\TrustProxies->handle()
#46 /var/www/norloxsolutionscrm.com/wowcrm/vendor/laravel/framework/src/Illuminate/Foundation/Http/Middleware/InvokeDeferredCallbacks.php(22): Illuminate\\Pipeline\\Pipeline->Illuminate\\Pipeline\\{closure}()
#47 /var/www/norloxsolutionscrm.com/wowcrm/vendor/laravel/framework/src/Illuminate/Pipeline/Pipeline.php(209): Illuminate\\Foundation\\Http\\Middleware\\InvokeDeferredCallbacks->handle()
#48 /var/www/norloxsolutionscrm.com/wowcrm/vendor/laravel/framework/src/Illuminate/Pipeline/Pipeline.php(127): Illuminate\\Pipeline\\Pipeline->Illuminate\\Pipeline\\{closure}()
#49 /var/www/norloxsolutionscrm.com/wowcrm/vendor/laravel/framework/src/Illuminate/Foundation/Http/Kernel.php(176): Illuminate\\Pipeline\\Pipeline->then()
#50 /var/www/norloxsolutionscrm.com/wowcrm/vendor/laravel/framework/src/Illuminate/Foundation/Http/Kernel.php(145): Illuminate\\Foundation\\Http\\Kernel->sendRequestThroughRouter()
#51 /var/www/norloxsolutionscrm.com/wowcrm/vendor/laravel/framework/src/Illuminate/Foundation/Application.php(1220): Illuminate\\Foundation\\Http\\Kernel->handle()
#52 /var/www/norloxsolutionscrm.com/wowcrm/index.php(17): Illuminate\\Foundation\\Application->handleRequest()
#53 {main}
"} 
[2026-02-06 16:34:31] local.ERROR: The archive failed to load with the following error code: 19 {"userId":4,"exception":"[object] (Exception(code: 0): The archive failed to load with the following error code: 19 at /var/www/norloxsolutionscrm.com/wowcrm/vendor/phpoffice/phpword/src/PhpWord/Shared/XMLReader.php:71)
[stacktrace]
#0 /var/www/norloxsolutionscrm.com/wowcrm/vendor/phpoffice/phpword/src/PhpWord/Reader/Word2007.php(169): PhpOffice\\PhpWord\\Shared\\XMLReader->getDomFromZip()
#1 /var/www/norloxsolutionscrm.com/wowcrm/vendor/phpoffice/phpword/src/PhpWord/Reader/Word2007.php(133): PhpOffice\\PhpWord\\Reader\\Word2007->getRels()
#2 /var/www/norloxsolutionscrm.com/wowcrm/vendor/phpoffice/phpword/src/PhpWord/Reader/Word2007.php(48): PhpOffice\\PhpWord\\Reader\\Word2007->readRelationships()
#3 /var/www/norloxsolutionscrm.com/wowcrm/vendor/phpoffice/phpword/src/PhpWord/IOFactory.php(92): PhpOffice\\PhpWord\\Reader\\Word2007->load()
#4 /var/www/norloxsolutionscrm.com/wowcrm/app/Http/Controllers/GoogleSheetController.php(7216): PhpOffice\\PhpWord\\IOFactory::load()
#5 /var/www/norloxsolutionscrm.com/wowcrm/vendor/laravel/framework/src/Illuminate/Routing/ControllerDispatcher.php(47): App\\Http\\Controllers\\GoogleSheetController->viewJuniorResume()
#6 /var/www/norloxsolutionscrm.com/wowcrm/vendor/laravel/framework/src/Illuminate/Routing/Route.php(266): Illuminate\\Routing\\ControllerDispatcher->dispatch()
#7 /var/www/norloxsolutionscrm.com/wowcrm/vendor/laravel/framework/src/Illuminate/Routing/Route.php(212): Illuminate\\Routing\\Route->runController()
#8 /var/www/norloxsolutionscrm.com/wowcrm/vendor/laravel/framework/src/Illuminate/Routing/Router.php(808): Illuminate\\Routing\\Route->run()
#9 /var/www/norloxsolutionscrm.com/wowcrm/vendor/laravel/framework/src/Illuminate/Pipeline/Pipeline.php(170): Illuminate\\Routing\\Router->Illuminate\\Routing\\{closure}()
#10 /var/www/norloxsolutionscrm.com/wowcrm/vendor/laravel/framework/src/Illuminate/Routing/Middleware/SubstituteBindings.php(51): Illuminate\\Pipeline\\Pipeline->Illuminate\\Pipeline\\{closure}()
#11 /var/www/norloxsolutionscrm.com/wowcrm/vendor/laravel/framework/src/Illuminate/Pipeline/Pipeline.php(209): Illuminate\\Routing\\Middleware\\SubstituteBindings->handle()
#12 /var/www/norloxsolutionscrm.com/wowcrm/vendor/laravel/framework/src/Illuminate/Auth/Middleware/Authenticate.php(64): Illuminate\\Pipeline\\Pipeline->Illuminate\\Pipeline\\{closure}()
#13 /var/www/norloxsolutionscrm.com/wowcrm/vendor/laravel/framework/src/Illuminate/Pipeline/Pipeline.php(209): Illuminate\\Auth\\Middleware\\Authenticate->handle()
#14 /var/www/norloxsolutionscrm.com/wowcrm/vendor/laravel/framework/src/Illuminate/Foundation/Http/Middleware/VerifyCsrfToken.php(88): Illuminate\\Pipeline\\Pipeline->Illuminate\\Pipeline\\{closure}()
#15 /var/www/norloxsolutionscrm.com/wowcrm/vendor/laravel/framework/src/Illuminate/Pipeline/Pipeline.php(209): Illuminate\\Foundation\\Http\\Middleware\\VerifyCsrfToken->handle()
#16 /var/www/norloxsolutionscrm.com/wowcrm/vendor/laravel/framework/src/Illuminate/View/Middleware/ShareErrorsFromSession.php(49): Illuminate\\Pipeline\\Pipeline->Illuminate\\Pipeline\\{closure}()
#17 /var/www/norloxsolutionscrm.com/wowcrm/vendor/laravel/framework/src/Illuminate/Pipeline/Pipeline.php(209): Illuminate\\View\\Middleware\\ShareErrorsFromSession->handle()
#18 /var/www/norloxsolutionscrm.com/wowcrm/vendor/laravel/framework/src/Illuminate/Session/Middleware/StartSession.php(121): Illuminate\\Pipeline\\Pipeline->Illuminate\\Pipeline\\{closure}()
#19 /var/www/norloxsolutionscrm.com/wowcrm/vendor/laravel/framework/src/Illuminate/Session/Middleware/StartSession.php(64): Illuminate\\Session\\Middleware\\StartSession->handleStatefulRequest()
#20 /var/www/norloxsolutionscrm.com/wowcrm/vendor/laravel/framework/src/Illuminate/Pipeline/Pipeline.php(209): Illuminate\\Session\\Middleware\\StartSession->handle()
#21 /var/www/norloxsolutionscrm.com/wowcrm/vendor/laravel/framework/src/Illuminate/Cookie/Middleware/AddQueuedCookiesToResponse.php(37): Illuminate\\Pipeline\\Pipeline->Illuminate\\Pipeline\\{closure}()
#22 /var/www/norloxsolutionscrm.com/wowcrm/vendor/laravel/framework/src/Illuminate/Pipeline/Pipeline.php(209): Illuminate\\Cookie\\Middleware\\AddQueuedCookiesToResponse->handle()
#23 /var/www/norloxsolutionscrm.com/wowcrm/vendor/laravel/framework/src/Illuminate/Cookie/Middleware/EncryptCookies.php(75): Illuminate\\Pipeline\\Pipeline->Illuminate\\Pipeline\\{closure}()
#24 /var/www/norloxsolutionscrm.com/wowcrm/vendor/laravel/framework/src/Illuminate/Pipeline/Pipeline.php(209): Illuminate\\Cookie\\Middleware\\EncryptCookies->handle()
#25 /var/www/norloxsolutionscrm.com/wowcrm/vendor/laravel/framework/src/Illuminate/Pipeline/Pipeline.php(127): Illuminate\\Pipeline\\Pipeline->Illuminate\\Pipeline\\{closure}()
#26 /var/www/norloxsolutionscrm.com/wowcrm/vendor/laravel/framework/src/Illuminate/Routing/Router.php(807): Illuminate\\Pipeline\\Pipeline->then()
#27 /var/www/norloxsolutionscrm.com/wowcrm/vendor/laravel/framework/src/Illuminate/Routing/Router.php(786): Illuminate\\Routing\\Router->runRouteWithinStack()
#28 /var/www/norloxsolutionscrm.com/wowcrm/vendor/laravel/framework/src/Illuminate/Routing/Router.php(750): Illuminate\\Routing\\Router->runRoute()
#29 /var/www/norloxsolutionscrm.com/wowcrm/vendor/laravel/framework/src/Illuminate/Routing/Router.php(739): Illuminate\\Routing\\Router->dispatchToRoute()
#30 /var/www/norloxsolutionscrm.com/wowcrm/vendor/laravel/framework/src/Illuminate/Foundation/Http/Kernel.php(201): Illuminate\\Routing\\Router->dispatch()
#31 /var/www/norloxsolutionscrm.com/wowcrm/vendor/laravel/framework/src/Illuminate/Pipeline/Pipeline.php(170): Illuminate\\Foundation\\Http\\Kernel->Illuminate\\Foundation\\Http\\{closure}()
#32 /var/www/norloxsolutionscrm.com/wowcrm/vendor/laravel/framework/src/Illuminate/Foundation/Http/Middleware/TransformsRequest.php(21): Illuminate\\Pipeline\\Pipeline->Illuminate\\Pipeline\\{closure}()
#33 /var/www/norloxsolutionscrm.com/wowcrm/vendor/laravel/framework/src/Illuminate/Foundation/Http/Middleware/ConvertEmptyStringsToNull.php(31): Illuminate\\Foundation\\Http\\Middleware\\TransformsRequest->handle()
#34 /var/www/norloxsolutionscrm.com/wowcrm/vendor/laravel/framework/src/Illuminate/Pipeline/Pipeline.php(209): Illuminate\\Foundation\\Http\\Middleware\\ConvertEmptyStringsToNull->handle()
#35 /var/www/norloxsolutionscrm.com/wowcrm/vendor/laravel/framework/src/Illuminate/Foundation/Http/Middleware/TransformsRequest.php(21): Illuminate\\Pipeline\\Pipeline->Illuminate\\Pipeline\\{closure}()
#36 /var/www/norloxsolutionscrm.com/wowcrm/vendor/laravel/framework/src/Illuminate/Foundation/Http/Middleware/TrimStrings.php(51): Illuminate\\Foundation\\Http\\Middleware\\TransformsRequest->handle()
#37 /var/www/norloxsolutionscrm.com/wowcrm/vendor/laravel/framework/src/Illuminate/Pipeline/Pipeline.php(209): Illuminate\\Foundation\\Http\\Middleware\\TrimStrings->handle()
#38 /var/www/norloxsolutionscrm.com/wowcrm/vendor/laravel/framework/src/Illuminate/Http/Middleware/ValidatePostSize.php(27): Illuminate\\Pipeline\\Pipeline->Illuminate\\Pipeline\\{closure}()
#39 /var/www/norloxsolutionscrm.com/wowcrm/vendor/laravel/framework/src/Illuminate/Pipeline/Pipeline.php(209): Illuminate\\Http\\Middleware\\ValidatePostSize->handle()
#40 /var/www/norloxsolutionscrm.com/wowcrm/vendor/laravel/framework/src/Illuminate/Foundation/Http/Middleware/PreventRequestsDuringMaintenance.php(110): Illuminate\\Pipeline\\Pipeline->Illuminate\\Pipeline\\{closure}()
#41 /var/www/norloxsolutionscrm.com/wowcrm/vendor/laravel/framework/src/Illuminate/Pipeline/Pipeline.php(209): Illuminate\\Foundation\\Http\\Middleware\\PreventRequestsDuringMaintenance->handle()
#42 /var/www/norloxsolutionscrm.com/wowcrm/vendor/laravel/framework/src/Illuminate/Http/Middleware/HandleCors.php(49): Illuminate\\Pipeline\\Pipeline->Illuminate\\Pipeline\\{closure}()
#43 /var/www/norloxsolutionscrm.com/wowcrm/vendor/laravel/framework/src/Illuminate/Pipeline/Pipeline.php(209): Illuminate\\Http\\Middleware\\HandleCors->handle()
#44 /var/www/norloxsolutionscrm.com/wowcrm/vendor/laravel/framework/src/Illuminate/Http/Middleware/TrustProxies.php(58): Illuminate\\Pipeline\\Pipeline->Illuminate\\Pipeline\\{closure}()
#45 /var/www/norloxsolutionscrm.com/wowcrm/vendor/laravel/framework/src/Illuminate/Pipeline/Pipeline.php(209): Illuminate\\Http\\Middleware\\TrustProxies->handle()
#46 /var/www/norloxsolutionscrm.com/wowcrm/vendor/laravel/framework/src/Illuminate/Foundation/Http/Middleware/InvokeDeferredCallbacks.php(22): Illuminate\\Pipeline\\Pipeline->Illuminate\\Pipeline\\{closure}()
#47 /var/www/norloxsolutionscrm.com/wowcrm/vendor/laravel/framework/src/Illuminate/Pipeline/Pipeline.php(209): Illuminate\\Foundation\\Http\\Middleware\\InvokeDeferredCallbacks->handle()
#48 /var/www/norloxsolutionscrm.com/wowcrm/vendor/laravel/framework/src/Illuminate/Pipeline/Pipeline.php(127): Illuminate\\Pipeline\\Pipeline->Illuminate\\Pipeline\\{closure}()
#49 /var/www/norloxsolutionscrm.com/wowcrm/vendor/laravel/framework/src/Illuminate/Foundation/Http/Kernel.php(176): Illuminate\\Pipeline\\Pipeline->then()
#50 /var/www/norloxsolutionscrm.com/wowcrm/vendor/laravel/framework/src/Illuminate/Foundation/Http/Kernel.php(145): Illuminate\\Foundation\\Http\\Kernel->sendRequestThroughRouter()
#51 /var/www/norloxsolutionscrm.com/wowcrm/vendor/laravel/framework/src/Illuminate/Foundation/Application.php(1220): Illuminate\\Foundation\\Http\\Kernel->handle()
#52 /var/www/norloxsolutionscrm.com/wowcrm/index.php(17): Illuminate\\Foundation\\Application->handleRequest()
#53 {main}
"} 
[2026-02-06 16:38:59] local.ERROR: The archive failed to load with the following error code: 19 {"userId":4,"exception":"[object] (Exception(code: 0): The archive failed to load with the following error code: 19 at /var/www/norloxsolutionscrm.com/wowcrm/vendor/phpoffice/phpword/src/PhpWord/Shared/XMLReader.php:71)
[stacktrace]
#0 /var/www/norloxsolutionscrm.com/wowcrm/vendor/phpoffice/phpword/src/PhpWord/Reader/Word2007.php(169): PhpOffice\\PhpWord\\Shared\\XMLReader->getDomFromZip()
#1 /var/www/norloxsolutionscrm.com/wowcrm/vendor/phpoffice/phpword/src/PhpWord/Reader/Word2007.php(133): PhpOffice\\PhpWord\\Reader\\Word2007->getRels()
#2 /var/www/norloxsolutionscrm.com/wowcrm/vendor/phpoffice/phpword/src/PhpWord/Reader/Word2007.php(48): PhpOffice\\PhpWord\\Reader\\Word2007->readRelationships()
#3 /var/www/norloxsolutionscrm.com/wowcrm/vendor/phpoffice/phpword/src/PhpWord/IOFactory.php(92): PhpOffice\\PhpWord\\Reader\\Word2007->load()
#4 /var/www/norloxsolutionscrm.com/wowcrm/app/Http/Controllers/GoogleSheetController.php(7216): PhpOffice\\PhpWord\\IOFactory::load()
#5 /var/www/norloxsolutionscrm.com/wowcrm/vendor/laravel/framework/src/Illuminate/Routing/ControllerDispatcher.php(47): App\\Http\\Controllers\\GoogleSheetController->viewJuniorResume()
#6 /var/www/norloxsolutionscrm.com/wowcrm/vendor/laravel/framework/src/Illuminate/Routing/Route.php(266): Illuminate\\Routing\\ControllerDispatcher->dispatch()
#7 /var/www/norloxsolutionscrm.com/wowcrm/vendor/laravel/framework/src/Illuminate/Routing/Route.php(212): Illuminate\\Routing\\Route->runController()
#8 /var/www/norloxsolutionscrm.com/wowcrm/vendor/laravel/framework/src/Illuminate/Routing/Router.php(808): Illuminate\\Routing\\Route->run()
#9 /var/www/norloxsolutionscrm.com/wowcrm/vendor/laravel/framework/src/Illuminate/Pipeline/Pipeline.php(170): Illuminate\\Routing\\Router->Illuminate\\Routing\\{closure}()
#10 /var/www/norloxsolutionscrm.com/wowcrm/vendor/laravel/framework/src/Illuminate/Routing/Middleware/SubstituteBindings.php(51): Illuminate\\Pipeline\\Pipeline->Illuminate\\Pipeline\\{closure}()
#11 /var/www/norloxsolutionscrm.com/wowcrm/vendor/laravel/framework/src/Illuminate/Pipeline/Pipeline.php(209): Illuminate\\Routing\\Middleware\\SubstituteBindings->handle()
#12 /var/www/norloxsolutionscrm.com/wowcrm/vendor/laravel/framework/src/Illuminate/Auth/Middleware/Authenticate.php(64): Illuminate\\Pipeline\\Pipeline->Illuminate\\Pipeline\\{closure}()
#13 /var/www/norloxsolutionscrm.com/wowcrm/vendor/laravel/framework/src/Illuminate/Pipeline/Pipeline.php(209): Illuminate\\Auth\\Middleware\\Authenticate->handle()
#14 /var/www/norloxsolutionscrm.com/wowcrm/vendor/laravel/framework/src/Illuminate/Foundation/Http/Middleware/VerifyCsrfToken.php(88): Illuminate\\Pipeline\\Pipeline->Illuminate\\Pipeline\\{closure}()
#15 /var/www/norloxsolutionscrm.com/wowcrm/vendor/laravel/framework/src/Illuminate/Pipeline/Pipeline.php(209): Illuminate\\Foundation\\Http\\Middleware\\VerifyCsrfToken->handle()
#16 /var/www/norloxsolutionscrm.com/wowcrm/vendor/laravel/framework/src/Illuminate/View/Middleware/ShareErrorsFromSession.php(49): Illuminate\\Pipeline\\Pipeline->Illuminate\\Pipeline\\{closure}()
#17 /var/www/norloxsolutionscrm.com/wowcrm/vendor/laravel/framework/src/Illuminate/Pipeline/Pipeline.php(209): Illuminate\\View\\Middleware\\ShareErrorsFromSession->handle()
#18 /var/www/norloxsolutionscrm.com/wowcrm/vendor/laravel/framework/src/Illuminate/Session/Middleware/StartSession.php(121): Illuminate\\Pipeline\\Pipeline->Illuminate\\Pipeline\\{closure}()
#19 /var/www/norloxsolutionscrm.com/wowcrm/vendor/laravel/framework/src/Illuminate/Session/Middleware/StartSession.php(64): Illuminate\\Session\\Middleware\\StartSession->handleStatefulRequest()
#20 /var/www/norloxsolutionscrm.com/wowcrm/vendor/laravel/framework/src/Illuminate/Pipeline/Pipeline.php(209): Illuminate\\Session\\Middleware\\StartSession->handle()
#21 /var/www/norloxsolutionscrm.com/wowcrm/vendor/laravel/framework/src/Illuminate/Cookie/Middleware/AddQueuedCookiesToResponse.php(37): Illuminate\\Pipeline\\Pipeline->Illuminate\\Pipeline\\{closure}()
#22 /var/www/norloxsolutionscrm.com/wowcrm/vendor/laravel/framework/src/Illuminate/Pipeline/Pipeline.php(209): Illuminate\\Cookie\\Middleware\\AddQueuedCookiesToResponse->handle()
#23 /var/www/norloxsolutionscrm.com/wowcrm/vendor/laravel/framework/src/Illuminate/Cookie/Middleware/EncryptCookies.php(75): Illuminate\\Pipeline\\Pipeline->Illuminate\\Pipeline\\{closure}()
#24 /var/www/norloxsolutionscrm.com/wowcrm/vendor/laravel/framework/src/Illuminate/Pipeline/Pipeline.php(209): Illuminate\\Cookie\\Middleware\\EncryptCookies->handle()
#25 /var/www/norloxsolutionscrm.com/wowcrm/vendor/laravel/framework/src/Illuminate/Pipeline/Pipeline.php(127): Illuminate\\Pipeline\\Pipeline->Illuminate\\Pipeline\\{closure}()
#26 /var/www/norloxsolutionscrm.com/wowcrm/vendor/laravel/framework/src/Illuminate/Routing/Router.php(807): Illuminate\\Pipeline\\Pipeline->then()
#27 /var/www/norloxsolutionscrm.com/wowcrm/vendor/laravel/framework/src/Illuminate/Routing/Router.php(786): Illuminate\\Routing\\Router->runRouteWithinStack()
#28 /var/www/norloxsolutionscrm.com/wowcrm/vendor/laravel/framework/src/Illuminate/Routing/Router.php(750): Illuminate\\Routing\\Router->runRoute()
#29 /var/www/norloxsolutionscrm.com/wowcrm/vendor/laravel/framework/src/Illuminate/Routing/Router.php(739): Illuminate\\Routing\\Router->dispatchToRoute()
#30 /var/www/norloxsolutionscrm.com/wowcrm/vendor/laravel/framework/src/Illuminate/Foundation/Http/Kernel.php(201): Illuminate\\Routing\\Router->dispatch()
#31 /var/www/norloxsolutionscrm.com/wowcrm/vendor/laravel/framework/src/Illuminate/Pipeline/Pipeline.php(170): Illuminate\\Foundation\\Http\\Kernel->Illuminate\\Foundation\\Http\\{closure}()
#32 /var/www/norloxsolutionscrm.com/wowcrm/vendor/laravel/framework/src/Illuminate/Foundation/Http/Middleware/TransformsRequest.php(21): Illuminate\\Pipeline\\Pipeline->Illuminate\\Pipeline\\{closure}()
#33 /var/www/norloxsolutionscrm.com/wowcrm/vendor/laravel/framework/src/Illuminate/Foundation/Http/Middleware/ConvertEmptyStringsToNull.php(31): Illuminate\\Foundation\\Http\\Middleware\\TransformsRequest->handle()
#34 /var/www/norloxsolutionscrm.com/wowcrm/vendor/laravel/framework/src/Illuminate/Pipeline/Pipeline.php(209): Illuminate\\Foundation\\Http\\Middleware\\ConvertEmptyStringsToNull->handle()
#35 /var/www/norloxsolutionscrm.com/wowcrm/vendor/laravel/framework/src/Illuminate/Foundation/Http/Middleware/TransformsRequest.php(21): Illuminate\\Pipeline\\Pipeline->Illuminate\\Pipeline\\{closure}()
#36 /var/www/norloxsolutionscrm.com/wowcrm/vendor/laravel/framework/src/Illuminate/Foundation/Http/Middleware/TrimStrings.php(51): Illuminate\\Foundation\\Http\\Middleware\\TransformsRequest->handle()
#37 /var/www/norloxsolutionscrm.com/wowcrm/vendor/laravel/framework/src/Illuminate/Pipeline/Pipeline.php(209): Illuminate\\Foundation\\Http\\Middleware\\TrimStrings->handle()
#38 /var/www/norloxsolutionscrm.com/wowcrm/vendor/laravel/framework/src/Illuminate/Http/Middleware/ValidatePostSize.php(27): Illuminate\\Pipeline\\Pipeline->Illuminate\\Pipeline\\{closure}()
#39 /var/www/norloxsolutionscrm.com/wowcrm/vendor/laravel/framework/src/Illuminate/Pipeline/Pipeline.php(209): Illuminate\\Http\\Middleware\\ValidatePostSize->handle()
#40 /var/www/norloxsolutionscrm.com/wowcrm/vendor/laravel/framework/src/Illuminate/Foundation/Http/Middleware/PreventRequestsDuringMaintenance.php(110): Illuminate\\Pipeline\\Pipeline->Illuminate\\Pipeline\\{closure}()
#41 /var/www/norloxsolutionscrm.com/wowcrm/vendor/laravel/framework/src/Illuminate/Pipeline/Pipeline.php(209): Illuminate\\Foundation\\Http\\Middleware\\PreventRequestsDuringMaintenance->handle()
#42 /var/www/norloxsolutionscrm.com/wowcrm/vendor/laravel/framework/src/Illuminate/Http/Middleware/HandleCors.php(49): Illuminate\\Pipeline\\Pipeline->Illuminate\\Pipeline\\{closure}()
#43 /var/www/norloxsolutionscrm.com/wowcrm/vendor/laravel/framework/src/Illuminate/Pipeline/Pipeline.php(209): Illuminate\\Http\\Middleware\\HandleCors->handle()
#44 /var/www/norloxsolutionscrm.com/wowcrm/vendor/laravel/framework/src/Illuminate/Http/Middleware/TrustProxies.php(58): Illuminate\\Pipeline\\Pipeline->Illuminate\\Pipeline\\{closure}()
#45 /var/www/norloxsolutionscrm.com/wowcrm/vendor/laravel/framework/src/Illuminate/Pipeline/Pipeline.php(209): Illuminate\\Http\\Middleware\\TrustProxies->handle()
#46 /var/www/norloxsolutionscrm.com/wowcrm/vendor/laravel/framework/src/Illuminate/Foundation/Http/Middleware/InvokeDeferredCallbacks.php(22): Illuminate\\Pipeline\\Pipeline->Illuminate\\Pipeline\\{closure}()
#47 /var/www/norloxsolutionscrm.com/wowcrm/vendor/laravel/framework/src/Illuminate/Pipeline/Pipeline.php(209): Illuminate\\Foundation\\Http\\Middleware\\InvokeDeferredCallbacks->handle()
#48 /var/www/norloxsolutionscrm.com/wowcrm/vendor/laravel/framework/src/Illuminate/Pipeline/Pipeline.php(127): Illuminate\\Pipeline\\Pipeline->Illuminate\\Pipeline\\{closure}()
#49 /var/www/norloxsolutionscrm.com/wowcrm/vendor/laravel/framework/src/Illuminate/Foundation/Http/Kernel.php(176): Illuminate\\Pipeline\\Pipeline->then()
#50 /var/www/norloxsolutionscrm.com/wowcrm/vendor/laravel/framework/src/Illuminate/Foundation/Http/Kernel.php(145): Illuminate\\Foundation\\Http\\Kernel->sendRequestThroughRouter()
#51 /var/www/norloxsolutionscrm.com/wowcrm/vendor/laravel/framework/src/Illuminate/Foundation/Application.php(1220): Illuminate\\Foundation\\Http\\Kernel->handle()
#52 /var/www/norloxsolutionscrm.com/wowcrm/index.php(17): Illuminate\\Foundation\\Application->handleRequest()
#53 {main}
"} 
[2026-02-06 16:39:06] local.ERROR: The archive failed to load with the following error code: 19 {"userId":4,"exception":"[object] (Exception(code: 0): The archive failed to load with the following error code: 19 at /var/www/norloxsolutionscrm.com/wowcrm/vendor/phpoffice/phpword/src/PhpWord/Shared/XMLReader.php:71)
[stacktrace]
#0 /var/www/norloxsolutionscrm.com/wowcrm/vendor/phpoffice/phpword/src/PhpWord/Reader/Word2007.php(169): PhpOffice\\PhpWord\\Shared\\XMLReader->getDomFromZip()
#1 /var/www/norloxsolutionscrm.com/wowcrm/vendor/phpoffice/phpword/src/PhpWord/Reader/Word2007.php(133): PhpOffice\\PhpWord\\Reader\\Word2007->getRels()
#2 /var/www/norloxsolutionscrm.com/wowcrm/vendor/phpoffice/phpword/src/PhpWord/Reader/Word2007.php(48): PhpOffice\\PhpWord\\Reader\\Word2007->readRelationships()
#3 /var/www/norloxsolutionscrm.com/wowcrm/vendor/phpoffice/phpword/src/PhpWord/IOFactory.php(92): PhpOffice\\PhpWord\\Reader\\Word2007->load()
#4 /var/www/norloxsolutionscrm.com/wowcrm/app/Http/Controllers/GoogleSheetController.php(7216): PhpOffice\\PhpWord\\IOFactory::load()
#5 /var/www/norloxsolutionscrm.com/wowcrm/vendor/laravel/framework/src/Illuminate/Routing/ControllerDispatcher.php(47): App\\Http\\Controllers\\GoogleSheetController->viewJuniorResume()
#6 /var/www/norloxsolutionscrm.com/wowcrm/vendor/laravel/framework/src/Illuminate/Routing/Route.php(266): Illuminate\\Routing\\ControllerDispatcher->dispatch()
#7 /var/www/norloxsolutionscrm.com/wowcrm/vendor/laravel/framework/src/Illuminate/Routing/Route.php(212): Illuminate\\Routing\\Route->runController()
#8 /var/www/norloxsolutionscrm.com/wowcrm/vendor/laravel/framework/src/Illuminate/Routing/Router.php(808): Illuminate\\Routing\\Route->run()
#9 /var/www/norloxsolutionscrm.com/wowcrm/vendor/laravel/framework/src/Illuminate/Pipeline/Pipeline.php(170): Illuminate\\Routing\\Router->Illuminate\\Routing\\{closure}()
#10 /var/www/norloxsolutionscrm.com/wowcrm/vendor/laravel/framework/src/Illuminate/Routing/Middleware/SubstituteBindings.php(51): Illuminate\\Pipeline\\Pipeline->Illuminate\\Pipeline\\{closure}()
#11 /var/www/norloxsolutionscrm.com/wowcrm/vendor/laravel/framework/src/Illuminate/Pipeline/Pipeline.php(209): Illuminate\\Routing\\Middleware\\SubstituteBindings->handle()
#12 /var/www/norloxsolutionscrm.com/wowcrm/vendor/laravel/framework/src/Illuminate/Auth/Middleware/Authenticate.php(64): Illuminate\\Pipeline\\Pipeline->Illuminate\\Pipeline\\{closure}()
#13 /var/www/norloxsolutionscrm.com/wowcrm/vendor/laravel/framework/src/Illuminate/Pipeline/Pipeline.php(209): Illuminate\\Auth\\Middleware\\Authenticate->handle()
#14 /var/www/norloxsolutionscrm.com/wowcrm/vendor/laravel/framework/src/Illuminate/Foundation/Http/Middleware/VerifyCsrfToken.php(88): Illuminate\\Pipeline\\Pipeline->Illuminate\\Pipeline\\{closure}()
#15 /var/www/norloxsolutionscrm.com/wowcrm/vendor/laravel/framework/src/Illuminate/Pipeline/Pipeline.php(209): Illuminate\\Foundation\\Http\\Middleware\\VerifyCsrfToken->handle()
#16 /var/www/norloxsolutionscrm.com/wowcrm/vendor/laravel/framework/src/Illuminate/View/Middleware/ShareErrorsFromSession.php(49): Illuminate\\Pipeline\\Pipeline->Illuminate\\Pipeline\\{closure}()
#17 /var/www/norloxsolutionscrm.com/wowcrm/vendor/laravel/framework/src/Illuminate/Pipeline/Pipeline.php(209): Illuminate\\View\\Middleware\\ShareErrorsFromSession->handle()
#18 /var/www/norloxsolutionscrm.com/wowcrm/vendor/laravel/framework/src/Illuminate/Session/Middleware/StartSession.php(121): Illuminate\\Pipeline\\Pipeline->Illuminate\\Pipeline\\{closure}()
#19 /var/www/norloxsolutionscrm.com/wowcrm/vendor/laravel/framework/src/Illuminate/Session/Middleware/StartSession.php(64): Illuminate\\Session\\Middleware\\StartSession->handleStatefulRequest()
#20 /var/www/norloxsolutionscrm.com/wowcrm/vendor/laravel/framework/src/Illuminate/Pipeline/Pipeline.php(209): Illuminate\\Session\\Middleware\\StartSession->handle()
#21 /var/www/norloxsolutionscrm.com/wowcrm/vendor/laravel/framework/src/Illuminate/Cookie/Middleware/AddQueuedCookiesToResponse.php(37): Illuminate\\Pipeline\\Pipeline->Illuminate\\Pipeline\\{closure}()
#22 /var/www/norloxsolutionscrm.com/wowcrm/vendor/laravel/framework/src/Illuminate/Pipeline/Pipeline.php(209): Illuminate\\Cookie\\Middleware\\AddQueuedCookiesToResponse->handle()
#23 /var/www/norloxsolutionscrm.com/wowcrm/vendor/laravel/framework/src/Illuminate/Cookie/Middleware/EncryptCookies.php(75): Illuminate\\Pipeline\\Pipeline->Illuminate\\Pipeline\\{closure}()
#24 /var/www/norloxsolutionscrm.com/wowcrm/vendor/laravel/framework/src/Illuminate/Pipeline/Pipeline.php(209): Illuminate\\Cookie\\Middleware\\EncryptCookies->handle()
#25 /var/www/norloxsolutionscrm.com/wowcrm/vendor/laravel/framework/src/Illuminate/Pipeline/Pipeline.php(127): Illuminate\\Pipeline\\Pipeline->Illuminate\\Pipeline\\{closure}()
#26 /var/www/norloxsolutionscrm.com/wowcrm/vendor/laravel/framework/src/Illuminate/Routing/Router.php(807): Illuminate\\Pipeline\\Pipeline->then()
#27 /var/www/norloxsolutionscrm.com/wowcrm/vendor/laravel/framework/src/Illuminate/Routing/Router.php(786): Illuminate\\Routing\\Router->runRouteWithinStack()
#28 /var/www/norloxsolutionscrm.com/wowcrm/vendor/laravel/framework/src/Illuminate/Routing/Router.php(750): Illuminate\\Routing\\Router->runRoute()
#29 /var/www/norloxsolutionscrm.com/wowcrm/vendor/laravel/framework/src/Illuminate/Routing/Router.php(739): Illuminate\\Routing\\Router->dispatchToRoute()
#30 /var/www/norloxsolutionscrm.com/wowcrm/vendor/laravel/framework/src/Illuminate/Foundation/Http/Kernel.php(201): Illuminate\\Routing\\Router->dispatch()
#31 /var/www/norloxsolutionscrm.com/wowcrm/vendor/laravel/framework/src/Illuminate/Pipeline/Pipeline.php(170): Illuminate\\Foundation\\Http\\Kernel->Illuminate\\Foundation\\Http\\{closure}()
#32 /var/www/norloxsolutionscrm.com/wowcrm/vendor/laravel/framework/src/Illuminate/Foundation/Http/Middleware/TransformsRequest.php(21): Illuminate\\Pipeline\\Pipeline->Illuminate\\Pipeline\\{closure}()
#33 /var/www/norloxsolutionscrm.com/wowcrm/vendor/laravel/framework/src/Illuminate/Foundation/Http/Middleware/ConvertEmptyStringsToNull.php(31): Illuminate\\Foundation\\Http\\Middleware\\TransformsRequest->handle()
#34 /var/www/norloxsolutionscrm.com/wowcrm/vendor/laravel/framework/src/Illuminate/Pipeline/Pipeline.php(209): Illuminate\\Foundation\\Http\\Middleware\\ConvertEmptyStringsToNull->handle()
#35 /var/www/norloxsolutionscrm.com/wowcrm/vendor/laravel/framework/src/Illuminate/Foundation/Http/Middleware/TransformsRequest.php(21): Illuminate\\Pipeline\\Pipeline->Illuminate\\Pipeline\\{closure}()
#36 /var/www/norloxsolutionscrm.com/wowcrm/vendor/laravel/framework/src/Illuminate/Foundation/Http/Middleware/TrimStrings.php(51): Illuminate\\Foundation\\Http\\Middleware\\TransformsRequest->handle()
#37 /var/www/norloxsolutionscrm.com/wowcrm/vendor/laravel/framework/src/Illuminate/Pipeline/Pipeline.php(209): Illuminate\\Foundation\\Http\\Middleware\\TrimStrings->handle()
#38 /var/www/norloxsolutionscrm.com/wowcrm/vendor/laravel/framework/src/Illuminate/Http/Middleware/ValidatePostSize.php(27): Illuminate\\Pipeline\\Pipeline->Illuminate\\Pipeline\\{closure}()
#39 /var/www/norloxsolutionscrm.com/wowcrm/vendor/laravel/framework/src/Illuminate/Pipeline/Pipeline.php(209): Illuminate\\Http\\Middleware\\ValidatePostSize->handle()
#40 /var/www/norloxsolutionscrm.com/wowcrm/vendor/laravel/framework/src/Illuminate/Foundation/Http/Middleware/PreventRequestsDuringMaintenance.php(110): Illuminate\\Pipeline\\Pipeline->Illuminate\\Pipeline\\{closure}()
#41 /var/www/norloxsolutionscrm.com/wowcrm/vendor/laravel/framework/src/Illuminate/Pipeline/Pipeline.php(209): Illuminate\\Foundation\\Http\\Middleware\\PreventRequestsDuringMaintenance->handle()
#42 /var/www/norloxsolutionscrm.com/wowcrm/vendor/laravel/framework/src/Illuminate/Http/Middleware/HandleCors.php(49): Illuminate\\Pipeline\\Pipeline->Illuminate\\Pipeline\\{closure}()
#43 /var/www/norloxsolutionscrm.com/wowcrm/vendor/laravel/framework/src/Illuminate/Pipeline/Pipeline.php(209): Illuminate\\Http\\Middleware\\HandleCors->handle()
#44 /var/www/norloxsolutionscrm.com/wowcrm/vendor/laravel/framework/src/Illuminate/Http/Middleware/TrustProxies.php(58): Illuminate\\Pipeline\\Pipeline->Illuminate\\Pipeline\\{closure}()
#45 /var/www/norloxsolutionscrm.com/wowcrm/vendor/laravel/framework/src/Illuminate/Pipeline/Pipeline.php(209): Illuminate\\Http\\Middleware\\TrustProxies->handle()
#46 /var/www/norloxsolutionscrm.com/wowcrm/vendor/laravel/framework/src/Illuminate/Foundation/Http/Middleware/InvokeDeferredCallbacks.php(22): Illuminate\\Pipeline\\Pipeline->Illuminate\\Pipeline\\{closure}()
#47 /var/www/norloxsolutionscrm.com/wowcrm/vendor/laravel/framework/src/Illuminate/Pipeline/Pipeline.php(209): Illuminate\\Foundation\\Http\\Middleware\\InvokeDeferredCallbacks->handle()
#48 /var/www/norloxsolutionscrm.com/wowcrm/vendor/laravel/framework/src/Illuminate/Pipeline/Pipeline.php(127): Illuminate\\Pipeline\\Pipeline->Illuminate\\Pipeline\\{closure}()
#49 /var/www/norloxsolutionscrm.com/wowcrm/vendor/laravel/framework/src/Illuminate/Foundation/Http/Kernel.php(176): Illuminate\\Pipeline\\Pipeline->then()
#50 /var/www/norloxsolutionscrm.com/wowcrm/vendor/laravel/framework/src/Illuminate/Foundation/Http/Kernel.php(145): Illuminate\\Foundation\\Http\\Kernel->sendRequestThroughRouter()
#51 /var/www/norloxsolutionscrm.com/wowcrm/vendor/laravel/framework/src/Illuminate/Foundation/Application.php(1220): Illuminate\\Foundation\\Http\\Kernel->handle()
#52 /var/www/norloxsolutionscrm.com/wowcrm/index.php(17): Illuminate\\Foundation\\Application->handleRequest()
#53 {main}
"} 
[2026-02-06 16:47:23] local.ERROR: The archive failed to load with the following error code: 19 {"userId":4,"exception":"[object] (Exception(code: 0): The archive failed to load with the following error code: 19 at /var/www/norloxsolutionscrm.com/wowcrm/vendor/phpoffice/phpword/src/PhpWord/Shared/XMLReader.php:71)
[stacktrace]
#0 /var/www/norloxsolutionscrm.com/wowcrm/vendor/phpoffice/phpword/src/PhpWord/Reader/Word2007.php(169): PhpOffice\\PhpWord\\Shared\\XMLReader->getDomFromZip()
#1 /var/www/norloxsolutionscrm.com/wowcrm/vendor/phpoffice/phpword/src/PhpWord/Reader/Word2007.php(133): PhpOffice\\PhpWord\\Reader\\Word2007->getRels()
#2 /var/www/norloxsolutionscrm.com/wowcrm/vendor/phpoffice/phpword/src/PhpWord/Reader/Word2007.php(48): PhpOffice\\PhpWord\\Reader\\Word2007->readRelationships()
#3 /var/www/norloxsolutionscrm.com/wowcrm/vendor/phpoffice/phpword/src/PhpWord/IOFactory.php(92): PhpOffice\\PhpWord\\Reader\\Word2007->load()
#4 /var/www/norloxsolutionscrm.com/wowcrm/app/Http/Controllers/GoogleSheetController.php(7216): PhpOffice\\PhpWord\\IOFactory::load()
#5 /var/www/norloxsolutionscrm.com/wowcrm/vendor/laravel/framework/src/Illuminate/Routing/ControllerDispatcher.php(47): App\\Http\\Controllers\\GoogleSheetController->viewJuniorResume()
#6 /var/www/norloxsolutionscrm.com/wowcrm/vendor/laravel/framework/src/Illuminate/Routing/Route.php(266): Illuminate\\Routing\\ControllerDispatcher->dispatch()
#7 /var/www/norloxsolutionscrm.com/wowcrm/vendor/laravel/framework/src/Illuminate/Routing/Route.php(212): Illuminate\\Routing\\Route->runController()
#8 /var/www/norloxsolutionscrm.com/wowcrm/vendor/laravel/framework/src/Illuminate/Routing/Router.php(808): Illuminate\\Routing\\Route->run()
#9 /var/www/norloxsolutionscrm.com/wowcrm/vendor/laravel/framework/src/Illuminate/Pipeline/Pipeline.php(170): Illuminate\\Routing\\Router->Illuminate\\Routing\\{closure}()
#10 /var/www/norloxsolutionscrm.com/wowcrm/vendor/laravel/framework/src/Illuminate/Routing/Middleware/SubstituteBindings.php(51): Illuminate\\Pipeline\\Pipeline->Illuminate\\Pipeline\\{closure}()
#11 /var/www/norloxsolutionscrm.com/wowcrm/vendor/laravel/framework/src/Illuminate/Pipeline/Pipeline.php(209): Illuminate\\Routing\\Middleware\\SubstituteBindings->handle()
#12 /var/www/norloxsolutionscrm.com/wowcrm/vendor/laravel/framework/src/Illuminate/Auth/Middleware/Authenticate.php(64): Illuminate\\Pipeline\\Pipeline->Illuminate\\Pipeline\\{closure}()
#13 /var/www/norloxsolutionscrm.com/wowcrm/vendor/laravel/framework/src/Illuminate/Pipeline/Pipeline.php(209): Illuminate\\Auth\\Middleware\\Authenticate->handle()
#14 /var/www/norloxsolutionscrm.com/wowcrm/vendor/laravel/framework/src/Illuminate/Foundation/Http/Middleware/VerifyCsrfToken.php(88): Illuminate\\Pipeline\\Pipeline->Illuminate\\Pipeline\\{closure}()
#15 /var/www/norloxsolutionscrm.com/wowcrm/vendor/laravel/framework/src/Illuminate/Pipeline/Pipeline.php(209): Illuminate\\Foundation\\Http\\Middleware\\VerifyCsrfToken->handle()
#16 /var/www/norloxsolutionscrm.com/wowcrm/vendor/laravel/framework/src/Illuminate/View/Middleware/ShareErrorsFromSession.php(49): Illuminate\\Pipeline\\Pipeline->Illuminate\\Pipeline\\{closure}()
#17 /var/www/norloxsolutionscrm.com/wowcrm/vendor/laravel/framework/src/Illuminate/Pipeline/Pipeline.php(209): Illuminate\\View\\Middleware\\ShareErrorsFromSession->handle()
#18 /var/www/norloxsolutionscrm.com/wowcrm/vendor/laravel/framework/src/Illuminate/Session/Middleware/StartSession.php(121): Illuminate\\Pipeline\\Pipeline->Illuminate\\Pipeline\\{closure}()
#19 /var/www/norloxsolutionscrm.com/wowcrm/vendor/laravel/framework/src/Illuminate/Session/Middleware/StartSession.php(64): Illuminate\\Session\\Middleware\\StartSession->handleStatefulRequest()
#20 /var/www/norloxsolutionscrm.com/wowcrm/vendor/laravel/framework/src/Illuminate/Pipeline/Pipeline.php(209): Illuminate\\Session\\Middleware\\StartSession->handle()
#21 /var/www/norloxsolutionscrm.com/wowcrm/vendor/laravel/framework/src/Illuminate/Cookie/Middleware/AddQueuedCookiesToResponse.php(37): Illuminate\\Pipeline\\Pipeline->Illuminate\\Pipeline\\{closure}()
#22 /var/www/norloxsolutionscrm.com/wowcrm/vendor/laravel/framework/src/Illuminate/Pipeline/Pipeline.php(209): Illuminate\\Cookie\\Middleware\\AddQueuedCookiesToResponse->handle()
#23 /var/www/norloxsolutionscrm.com/wowcrm/vendor/laravel/framework/src/Illuminate/Cookie/Middleware/EncryptCookies.php(75): Illuminate\\Pipeline\\Pipeline->Illuminate\\Pipeline\\{closure}()
#24 /var/www/norloxsolutionscrm.com/wowcrm/vendor/laravel/framework/src/Illuminate/Pipeline/Pipeline.php(209): Illuminate\\Cookie\\Middleware\\EncryptCookies->handle()
#25 /var/www/norloxsolutionscrm.com/wowcrm/vendor/laravel/framework/src/Illuminate/Pipeline/Pipeline.php(127): Illuminate\\Pipeline\\Pipeline->Illuminate\\Pipeline\\{closure}()
#26 /var/www/norloxsolutionscrm.com/wowcrm/vendor/laravel/framework/src/Illuminate/Routing/Router.php(807): Illuminate\\Pipeline\\Pipeline->then()
#27 /var/www/norloxsolutionscrm.com/wowcrm/vendor/laravel/framework/src/Illuminate/Routing/Router.php(786): Illuminate\\Routing\\Router->runRouteWithinStack()
#28 /var/www/norloxsolutionscrm.com/wowcrm/vendor/laravel/framework/src/Illuminate/Routing/Router.php(750): Illuminate\\Routing\\Router->runRoute()
#29 /var/www/norloxsolutionscrm.com/wowcrm/vendor/laravel/framework/src/Illuminate/Routing/Router.php(739): Illuminate\\Routing\\Router->dispatchToRoute()
#30 /var/www/norloxsolutionscrm.com/wowcrm/vendor/laravel/framework/src/Illuminate/Foundation/Http/Kernel.php(201): Illuminate\\Routing\\Router->dispatch()
#31 /var/www/norloxsolutionscrm.com/wowcrm/vendor/laravel/framework/src/Illuminate/Pipeline/Pipeline.php(170): Illuminate\\Foundation\\Http\\Kernel->Illuminate\\Foundation\\Http\\{closure}()
#32 /var/www/norloxsolutionscrm.com/wowcrm/vendor/laravel/framework/src/Illuminate/Foundation/Http/Middleware/TransformsRequest.php(21): Illuminate\\Pipeline\\Pipeline->Illuminate\\Pipeline\\{closure}()
#33 /var/www/norloxsolutionscrm.com/wowcrm/vendor/laravel/framework/src/Illuminate/Foundation/Http/Middleware/ConvertEmptyStringsToNull.php(31): Illuminate\\Foundation\\Http\\Middleware\\TransformsRequest->handle()
#34 /var/www/norloxsolutionscrm.com/wowcrm/vendor/laravel/framework/src/Illuminate/Pipeline/Pipeline.php(209): Illuminate\\Foundation\\Http\\Middleware\\ConvertEmptyStringsToNull->handle()
#35 /var/www/norloxsolutionscrm.com/wowcrm/vendor/laravel/framework/src/Illuminate/Foundation/Http/Middleware/TransformsRequest.php(21): Illuminate\\Pipeline\\Pipeline->Illuminate\\Pipeline\\{closure}()
#36 /var/www/norloxsolutionscrm.com/wowcrm/vendor/laravel/framework/src/Illuminate/Foundation/Http/Middleware/TrimStrings.php(51): Illuminate\\Foundation\\Http\\Middleware\\TransformsRequest->handle()
#37 /var/www/norloxsolutionscrm.com/wowcrm/vendor/laravel/framework/src/Illuminate/Pipeline/Pipeline.php(209): Illuminate\\Foundation\\Http\\Middleware\\TrimStrings->handle()
#38 /var/www/norloxsolutionscrm.com/wowcrm/vendor/laravel/framework/src/Illuminate/Http/Middleware/ValidatePostSize.php(27): Illuminate\\Pipeline\\Pipeline->Illuminate\\Pipeline\\{closure}()
#39 /var/www/norloxsolutionscrm.com/wowcrm/vendor/laravel/framework/src/Illuminate/Pipeline/Pipeline.php(209): Illuminate\\Http\\Middleware\\ValidatePostSize->handle()
#40 /var/www/norloxsolutionscrm.com/wowcrm/vendor/laravel/framework/src/Illuminate/Foundation/Http/Middleware/PreventRequestsDuringMaintenance.php(110): Illuminate\\Pipeline\\Pipeline->Illuminate\\Pipeline\\{closure}()
#41 /var/www/norloxsolutionscrm.com/wowcrm/vendor/laravel/framework/src/Illuminate/Pipeline/Pipeline.php(209): Illuminate\\Foundation\\Http\\Middleware\\PreventRequestsDuringMaintenance->handle()
#42 /var/www/norloxsolutionscrm.com/wowcrm/vendor/laravel/framework/src/Illuminate/Http/Middleware/HandleCors.php(49): Illuminate\\Pipeline\\Pipeline->Illuminate\\Pipeline\\{closure}()
#43 /var/www/norloxsolutionscrm.com/wowcrm/vendor/laravel/framework/src/Illuminate/Pipeline/Pipeline.php(209): Illuminate\\Http\\Middleware\\HandleCors->handle()
#44 /var/www/norloxsolutionscrm.com/wowcrm/vendor/laravel/framework/src/Illuminate/Http/Middleware/TrustProxies.php(58): Illuminate\\Pipeline\\Pipeline->Illuminate\\Pipeline\\{closure}()
#45 /var/www/norloxsolutionscrm.com/wowcrm/vendor/laravel/framework/src/Illuminate/Pipeline/Pipeline.php(209): Illuminate\\Http\\Middleware\\TrustProxies->handle()
#46 /var/www/norloxsolutionscrm.com/wowcrm/vendor/laravel/framework/src/Illuminate/Foundation/Http/Middleware/InvokeDeferredCallbacks.php(22): Illuminate\\Pipeline\\Pipeline->Illuminate\\Pipeline\\{closure}()
#47 /var/www/norloxsolutionscrm.com/wowcrm/vendor/laravel/framework/src/Illuminate/Pipeline/Pipeline.php(209): Illuminate\\Foundation\\Http\\Middleware\\InvokeDeferredCallbacks->handle()
#48 /var/www/norloxsolutionscrm.com/wowcrm/vendor/laravel/framework/src/Illuminate/Pipeline/Pipeline.php(127): Illuminate\\Pipeline\\Pipeline->Illuminate\\Pipeline\\{closure}()
#49 /var/www/norloxsolutionscrm.com/wowcrm/vendor/laravel/framework/src/Illuminate/Foundation/Http/Kernel.php(176): Illuminate\\Pipeline\\Pipeline->then()
#50 /var/www/norloxsolutionscrm.com/wowcrm/vendor/laravel/framework/src/Illuminate/Foundation/Http/Kernel.php(145): Illuminate\\Foundation\\Http\\Kernel->sendRequestThroughRouter()
#51 /var/www/norloxsolutionscrm.com/wowcrm/vendor/laravel/framework/src/Illuminate/Foundation/Application.php(1220): Illuminate\\Foundation\\Http\\Kernel->handle()
#52 /var/www/norloxsolutionscrm.com/wowcrm/index.php(17): Illuminate\\Foundation\\Application->handleRequest()
#53 {main}
"} 
[2026-02-06 16:47:28] local.ERROR: The archive failed to load with the following error code: 19 {"userId":4,"exception":"[object] (Exception(code: 0): The archive failed to load with the following error code: 19 at /var/www/norloxsolutionscrm.com/wowcrm/vendor/phpoffice/phpword/src/PhpWord/Shared/XMLReader.php:71)
[stacktrace]
#0 /var/www/norloxsolutionscrm.com/wowcrm/vendor/phpoffice/phpword/src/PhpWord/Reader/Word2007.php(169): PhpOffice\\PhpWord\\Shared\\XMLReader->getDomFromZip()
#1 /var/www/norloxsolutionscrm.com/wowcrm/vendor/phpoffice/phpword/src/PhpWord/Reader/Word2007.php(133): PhpOffice\\PhpWord\\Reader\\Word2007->getRels()
#2 /var/www/norloxsolutionscrm.com/wowcrm/vendor/phpoffice/phpword/src/PhpWord/Reader/Word2007.php(48): PhpOffice\\PhpWord\\Reader\\Word2007->readRelationships()
#3 /var/www/norloxsolutionscrm.com/wowcrm/vendor/phpoffice/phpword/src/PhpWord/IOFactory.php(92): PhpOffice\\PhpWord\\Reader\\Word2007->load()
#4 /var/www/norloxsolutionscrm.com/wowcrm/app/Http/Controllers/GoogleSheetController.php(7216): PhpOffice\\PhpWord\\IOFactory::load()
#5 /var/www/norloxsolutionscrm.com/wowcrm/vendor/laravel/framework/src/Illuminate/Routing/ControllerDispatcher.php(47): App\\Http\\Controllers\\GoogleSheetController->viewJuniorResume()
#6 /var/www/norloxsolutionscrm.com/wowcrm/vendor/laravel/framework/src/Illuminate/Routing/Route.php(266): Illuminate\\Routing\\ControllerDispatcher->dispatch()
#7 /var/www/norloxsolutionscrm.com/wowcrm/vendor/laravel/framework/src/Illuminate/Routing/Route.php(212): Illuminate\\Routing\\Route->runController()
#8 /var/www/norloxsolutionscrm.com/wowcrm/vendor/laravel/framework/src/Illuminate/Routing/Router.php(808): Illuminate\\Routing\\Route->run()
#9 /var/www/norloxsolutionscrm.com/wowcrm/vendor/laravel/framework/src/Illuminate/Pipeline/Pipeline.php(170): Illuminate\\Routing\\Router->Illuminate\\Routing\\{closure}()
#10 /var/www/norloxsolutionscrm.com/wowcrm/vendor/laravel/framework/src/Illuminate/Routing/Middleware/SubstituteBindings.php(51): Illuminate\\Pipeline\\Pipeline->Illuminate\\Pipeline\\{closure}()
#11 /var/www/norloxsolutionscrm.com/wowcrm/vendor/laravel/framework/src/Illuminate/Pipeline/Pipeline.php(209): Illuminate\\Routing\\Middleware\\SubstituteBindings->handle()
#12 /var/www/norloxsolutionscrm.com/wowcrm/vendor/laravel/framework/src/Illuminate/Auth/Middleware/Authenticate.php(64): Illuminate\\Pipeline\\Pipeline->Illuminate\\Pipeline\\{closure}()
#13 /var/www/norloxsolutionscrm.com/wowcrm/vendor/laravel/framework/src/Illuminate/Pipeline/Pipeline.php(209): Illuminate\\Auth\\Middleware\\Authenticate->handle()
#14 /var/www/norloxsolutionscrm.com/wowcrm/vendor/laravel/framework/src/Illuminate/Foundation/Http/Middleware/VerifyCsrfToken.php(88): Illuminate\\Pipeline\\Pipeline->Illuminate\\Pipeline\\{closure}()
#15 /var/www/norloxsolutionscrm.com/wowcrm/vendor/laravel/framework/src/Illuminate/Pipeline/Pipeline.php(209): Illuminate\\Foundation\\Http\\Middleware\\VerifyCsrfToken->handle()
#16 /var/www/norloxsolutionscrm.com/wowcrm/vendor/laravel/framework/src/Illuminate/View/Middleware/ShareErrorsFromSession.php(49): Illuminate\\Pipeline\\Pipeline->Illuminate\\Pipeline\\{closure}()
#17 /var/www/norloxsolutionscrm.com/wowcrm/vendor/laravel/framework/src/Illuminate/Pipeline/Pipeline.php(209): Illuminate\\View\\Middleware\\ShareErrorsFromSession->handle()
#18 /var/www/norloxsolutionscrm.com/wowcrm/vendor/laravel/framework/src/Illuminate/Session/Middleware/StartSession.php(121): Illuminate\\Pipeline\\Pipeline->Illuminate\\Pipeline\\{closure}()
#19 /var/www/norloxsolutionscrm.com/wowcrm/vendor/laravel/framework/src/Illuminate/Session/Middleware/StartSession.php(64): Illuminate\\Session\\Middleware\\StartSession->handleStatefulRequest()
#20 /var/www/norloxsolutionscrm.com/wowcrm/vendor/laravel/framework/src/Illuminate/Pipeline/Pipeline.php(209): Illuminate\\Session\\Middleware\\StartSession->handle()
#21 /var/www/norloxsolutionscrm.com/wowcrm/vendor/laravel/framework/src/Illuminate/Cookie/Middleware/AddQueuedCookiesToResponse.php(37): Illuminate\\Pipeline\\Pipeline->Illuminate\\Pipeline\\{closure}()
#22 /var/www/norloxsolutionscrm.com/wowcrm/vendor/laravel/framework/src/Illuminate/Pipeline/Pipeline.php(209): Illuminate\\Cookie\\Middleware\\AddQueuedCookiesToResponse->handle()
#23 /var/www/norloxsolutionscrm.com/wowcrm/vendor/laravel/framework/src/Illuminate/Cookie/Middleware/EncryptCookies.php(75): Illuminate\\Pipeline\\Pipeline->Illuminate\\Pipeline\\{closure}()
#24 /var/www/norloxsolutionscrm.com/wowcrm/vendor/laravel/framework/src/Illuminate/Pipeline/Pipeline.php(209): Illuminate\\Cookie\\Middleware\\EncryptCookies->handle()
#25 /var/www/norloxsolutionscrm.com/wowcrm/vendor/laravel/framework/src/Illuminate/Pipeline/Pipeline.php(127): Illuminate\\Pipeline\\Pipeline->Illuminate\\Pipeline\\{closure}()
#26 /var/www/norloxsolutionscrm.com/wowcrm/vendor/laravel/framework/src/Illuminate/Routing/Router.php(807): Illuminate\\Pipeline\\Pipeline->then()
#27 /var/www/norloxsolutionscrm.com/wowcrm/vendor/laravel/framework/src/Illuminate/Routing/Router.php(786): Illuminate\\Routing\\Router->runRouteWithinStack()
#28 /var/www/norloxsolutionscrm.com/wowcrm/vendor/laravel/framework/src/Illuminate/Routing/Router.php(750): Illuminate\\Routing\\Router->runRoute()
#29 /var/www/norloxsolutionscrm.com/wowcrm/vendor/laravel/framework/src/Illuminate/Routing/Router.php(739): Illuminate\\Routing\\Router->dispatchToRoute()
#30 /var/www/norloxsolutionscrm.com/wowcrm/vendor/laravel/framework/src/Illuminate/Foundation/Http/Kernel.php(201): Illuminate\\Routing\\Router->dispatch()
#31 /var/www/norloxsolutionscrm.com/wowcrm/vendor/laravel/framework/src/Illuminate/Pipeline/Pipeline.php(170): Illuminate\\Foundation\\Http\\Kernel->Illuminate\\Foundation\\Http\\{closure}()
#32 /var/www/norloxsolutionscrm.com/wowcrm/vendor/laravel/framework/src/Illuminate/Foundation/Http/Middleware/TransformsRequest.php(21): Illuminate\\Pipeline\\Pipeline->Illuminate\\Pipeline\\{closure}()
#33 /var/www/norloxsolutionscrm.com/wowcrm/vendor/laravel/framework/src/Illuminate/Foundation/Http/Middleware/ConvertEmptyStringsToNull.php(31): Illuminate\\Foundation\\Http\\Middleware\\TransformsRequest->handle()
#34 /var/www/norloxsolutionscrm.com/wowcrm/vendor/laravel/framework/src/Illuminate/Pipeline/Pipeline.php(209): Illuminate\\Foundation\\Http\\Middleware\\ConvertEmptyStringsToNull->handle()
#35 /var/www/norloxsolutionscrm.com/wowcrm/vendor/laravel/framework/src/Illuminate/Foundation/Http/Middleware/TransformsRequest.php(21): Illuminate\\Pipeline\\Pipeline->Illuminate\\Pipeline\\{closure}()
#36 /var/www/norloxsolutionscrm.com/wowcrm/vendor/laravel/framework/src/Illuminate/Foundation/Http/Middleware/TrimStrings.php(51): Illuminate\\Foundation\\Http\\Middleware\\TransformsRequest->handle()
#37 /var/www/norloxsolutionscrm.com/wowcrm/vendor/laravel/framework/src/Illuminate/Pipeline/Pipeline.php(209): Illuminate\\Foundation\\Http\\Middleware\\TrimStrings->handle()
#38 /var/www/norloxsolutionscrm.com/wowcrm/vendor/laravel/framework/src/Illuminate/Http/Middleware/ValidatePostSize.php(27): Illuminate\\Pipeline\\Pipeline->Illuminate\\Pipeline\\{closure}()
#39 /var/www/norloxsolutionscrm.com/wowcrm/vendor/laravel/framework/src/Illuminate/Pipeline/Pipeline.php(209): Illuminate\\Http\\Middleware\\ValidatePostSize->handle()
#40 /var/www/norloxsolutionscrm.com/wowcrm/vendor/laravel/framework/src/Illuminate/Foundation/Http/Middleware/PreventRequestsDuringMaintenance.php(110): Illuminate\\Pipeline\\Pipeline->Illuminate\\Pipeline\\{closure}()
#41 /var/www/norloxsolutionscrm.com/wowcrm/vendor/laravel/framework/src/Illuminate/Pipeline/Pipeline.php(209): Illuminate\\Foundation\\Http\\Middleware\\PreventRequestsDuringMaintenance->handle()
#42 /var/www/norloxsolutionscrm.com/wowcrm/vendor/laravel/framework/src/Illuminate/Http/Middleware/HandleCors.php(49): Illuminate\\Pipeline\\Pipeline->Illuminate\\Pipeline\\{closure}()
#43 /var/www/norloxsolutionscrm.com/wowcrm/vendor/laravel/framework/src/Illuminate/Pipeline/Pipeline.php(209): Illuminate\\Http\\Middleware\\HandleCors->handle()
#44 /var/www/norloxsolutionscrm.com/wowcrm/vendor/laravel/framework/src/Illuminate/Http/Middleware/TrustProxies.php(58): Illuminate\\Pipeline\\Pipeline->Illuminate\\Pipeline\\{closure}()
#45 /var/www/norloxsolutionscrm.com/wowcrm/vendor/laravel/framework/src/Illuminate/Pipeline/Pipeline.php(209): Illuminate\\Http\\Middleware\\TrustProxies->handle()
#46 /var/www/norloxsolutionscrm.com/wowcrm/vendor/laravel/framework/src/Illuminate/Foundation/Http/Middleware/InvokeDeferredCallbacks.php(22): Illuminate\\Pipeline\\Pipeline->Illuminate\\Pipeline\\{closure}()
#47 /var/www/norloxsolutionscrm.com/wowcrm/vendor/laravel/framework/src/Illuminate/Pipeline/Pipeline.php(209): Illuminate\\Foundation\\Http\\Middleware\\InvokeDeferredCallbacks->handle()
#48 /var/www/norloxsolutionscrm.com/wowcrm/vendor/laravel/framework/src/Illuminate/Pipeline/Pipeline.php(127): Illuminate\\Pipeline\\Pipeline->Illuminate\\Pipeline\\{closure}()
#49 /var/www/norloxsolutionscrm.com/wowcrm/vendor/laravel/framework/src/Illuminate/Foundation/Http/Kernel.php(176): Illuminate\\Pipeline\\Pipeline->then()
#50 /var/www/norloxsolutionscrm.com/wowcrm/vendor/laravel/framework/src/Illuminate/Foundation/Http/Kernel.php(145): Illuminate\\Foundation\\Http\\Kernel->sendRequestThroughRouter()
#51 /var/www/norloxsolutionscrm.com/wowcrm/vendor/laravel/framework/src/Illuminate/Foundation/Application.php(1220): Illuminate\\Foundation\\Http\\Kernel->handle()
#52 /var/www/norloxsolutionscrm.com/wowcrm/index.php(17): Illuminate\\Foundation\\Application->handleRequest()
#53 {main}
"} 
[2026-02-06 16:47:37] local.ERROR: The archive failed to load with the following error code: 19 {"userId":4,"exception":"[object] (Exception(code: 0): The archive failed to load with the following error code: 19 at /var/www/norloxsolutionscrm.com/wowcrm/vendor/phpoffice/phpword/src/PhpWord/Shared/XMLReader.php:71)
[stacktrace]
#0 /var/www/norloxsolutionscrm.com/wowcrm/vendor/phpoffice/phpword/src/PhpWord/Reader/Word2007.php(169): PhpOffice\\PhpWord\\Shared\\XMLReader->getDomFromZip()
#1 /var/www/norloxsolutionscrm.com/wowcrm/vendor/phpoffice/phpword/src/PhpWord/Reader/Word2007.php(133): PhpOffice\\PhpWord\\Reader\\Word2007->getRels()
#2 /var/www/norloxsolutionscrm.com/wowcrm/vendor/phpoffice/phpword/src/PhpWord/Reader/Word2007.php(48): PhpOffice\\PhpWord\\Reader\\Word2007->readRelationships()
#3 /var/www/norloxsolutionscrm.com/wowcrm/vendor/phpoffice/phpword/src/PhpWord/IOFactory.php(92): PhpOffice\\PhpWord\\Reader\\Word2007->load()
#4 /var/www/norloxsolutionscrm.com/wowcrm/app/Http/Controllers/GoogleSheetController.php(7216): PhpOffice\\PhpWord\\IOFactory::load()
#5 /var/www/norloxsolutionscrm.com/wowcrm/vendor/laravel/framework/src/Illuminate/Routing/ControllerDispatcher.php(47): App\\Http\\Controllers\\GoogleSheetController->viewJuniorResume()
#6 /var/www/norloxsolutionscrm.com/wowcrm/vendor/laravel/framework/src/Illuminate/Routing/Route.php(266): Illuminate\\Routing\\ControllerDispatcher->dispatch()
#7 /var/www/norloxsolutionscrm.com/wowcrm/vendor/laravel/framework/src/Illuminate/Routing/Route.php(212): Illuminate\\Routing\\Route->runController()
#8 /var/www/norloxsolutionscrm.com/wowcrm/vendor/laravel/framework/src/Illuminate/Routing/Router.php(808): Illuminate\\Routing\\Route->run()
#9 /var/www/norloxsolutionscrm.com/wowcrm/vendor/laravel/framework/src/Illuminate/Pipeline/Pipeline.php(170): Illuminate\\Routing\\Router->Illuminate\\Routing\\{closure}()
#10 /var/www/norloxsolutionscrm.com/wowcrm/vendor/laravel/framework/src/Illuminate/Routing/Middleware/SubstituteBindings.php(51): Illuminate\\Pipeline\\Pipeline->Illuminate\\Pipeline\\{closure}()
#11 /var/www/norloxsolutionscrm.com/wowcrm/vendor/laravel/framework/src/Illuminate/Pipeline/Pipeline.php(209): Illuminate\\Routing\\Middleware\\SubstituteBindings->handle()
#12 /var/www/norloxsolutionscrm.com/wowcrm/vendor/laravel/framework/src/Illuminate/Auth/Middleware/Authenticate.php(64): Illuminate\\Pipeline\\Pipeline->Illuminate\\Pipeline\\{closure}()
#13 /var/www/norloxsolutionscrm.com/wowcrm/vendor/laravel/framework/src/Illuminate/Pipeline/Pipeline.php(209): Illuminate\\Auth\\Middleware\\Authenticate->handle()
#14 /var/www/norloxsolutionscrm.com/wowcrm/vendor/laravel/framework/src/Illuminate/Foundation/Http/Middleware/VerifyCsrfToken.php(88): Illuminate\\Pipeline\\Pipeline->Illuminate\\Pipeline\\{closure}()
#15 /var/www/norloxsolutionscrm.com/wowcrm/vendor/laravel/framework/src/Illuminate/Pipeline/Pipeline.php(209): Illuminate\\Foundation\\Http\\Middleware\\VerifyCsrfToken->handle()
#16 /var/www/norloxsolutionscrm.com/wowcrm/vendor/laravel/framework/src/Illuminate/View/Middleware/ShareErrorsFromSession.php(49): Illuminate\\Pipeline\\Pipeline->Illuminate\\Pipeline\\{closure}()
#17 /var/www/norloxsolutionscrm.com/wowcrm/vendor/laravel/framework/src/Illuminate/Pipeline/Pipeline.php(209): Illuminate\\View\\Middleware\\ShareErrorsFromSession->handle()
#18 /var/www/norloxsolutionscrm.com/wowcrm/vendor/laravel/framework/src/Illuminate/Session/Middleware/StartSession.php(121): Illuminate\\Pipeline\\Pipeline->Illuminate\\Pipeline\\{closure}()
#19 /var/www/norloxsolutionscrm.com/wowcrm/vendor/laravel/framework/src/Illuminate/Session/Middleware/StartSession.php(64): Illuminate\\Session\\Middleware\\StartSession->handleStatefulRequest()
#20 /var/www/norloxsolutionscrm.com/wowcrm/vendor/laravel/framework/src/Illuminate/Pipeline/Pipeline.php(209): Illuminate\\Session\\Middleware\\StartSession->handle()
#21 /var/www/norloxsolutionscrm.com/wowcrm/vendor/laravel/framework/src/Illuminate/Cookie/Middleware/AddQueuedCookiesToResponse.php(37): Illuminate\\Pipeline\\Pipeline->Illuminate\\Pipeline\\{closure}()
#22 /var/www/norloxsolutionscrm.com/wowcrm/vendor/laravel/framework/src/Illuminate/Pipeline/Pipeline.php(209): Illuminate\\Cookie\\Middleware\\AddQueuedCookiesToResponse->handle()
#23 /var/www/norloxsolutionscrm.com/wowcrm/vendor/laravel/framework/src/Illuminate/Cookie/Middleware/EncryptCookies.php(75): Illuminate\\Pipeline\\Pipeline->Illuminate\\Pipeline\\{closure}()
#24 /var/www/norloxsolutionscrm.com/wowcrm/vendor/laravel/framework/src/Illuminate/Pipeline/Pipeline.php(209): Illuminate\\Cookie\\Middleware\\EncryptCookies->handle()
#25 /var/www/norloxsolutionscrm.com/wowcrm/vendor/laravel/framework/src/Illuminate/Pipeline/Pipeline.php(127): Illuminate\\Pipeline\\Pipeline->Illuminate\\Pipeline\\{closure}()
#26 /var/www/norloxsolutionscrm.com/wowcrm/vendor/laravel/framework/src/Illuminate/Routing/Router.php(807): Illuminate\\Pipeline\\Pipeline->then()
#27 /var/www/norloxsolutionscrm.com/wowcrm/vendor/laravel/framework/src/Illuminate/Routing/Router.php(786): Illuminate\\Routing\\Router->runRouteWithinStack()
#28 /var/www/norloxsolutionscrm.com/wowcrm/vendor/laravel/framework/src/Illuminate/Routing/Router.php(750): Illuminate\\Routing\\Router->runRoute()
#29 /var/www/norloxsolutionscrm.com/wowcrm/vendor/laravel/framework/src/Illuminate/Routing/Router.php(739): Illuminate\\Routing\\Router->dispatchToRoute()
#30 /var/www/norloxsolutionscrm.com/wowcrm/vendor/laravel/framework/src/Illuminate/Foundation/Http/Kernel.php(201): Illuminate\\Routing\\Router->dispatch()
#31 /var/www/norloxsolutionscrm.com/wowcrm/vendor/laravel/framework/src/Illuminate/Pipeline/Pipeline.php(170): Illuminate\\Foundation\\Http\\Kernel->Illuminate\\Foundation\\Http\\{closure}()
#32 /var/www/norloxsolutionscrm.com/wowcrm/vendor/laravel/framework/src/Illuminate/Foundation/Http/Middleware/TransformsRequest.php(21): Illuminate\\Pipeline\\Pipeline->Illuminate\\Pipeline\\{closure}()
#33 /var/www/norloxsolutionscrm.com/wowcrm/vendor/laravel/framework/src/Illuminate/Foundation/Http/Middleware/ConvertEmptyStringsToNull.php(31): Illuminate\\Foundation\\Http\\Middleware\\TransformsRequest->handle()
#34 /var/www/norloxsolutionscrm.com/wowcrm/vendor/laravel/framework/src/Illuminate/Pipeline/Pipeline.php(209): Illuminate\\Foundation\\Http\\Middleware\\ConvertEmptyStringsToNull->handle()
#35 /var/www/norloxsolutionscrm.com/wowcrm/vendor/laravel/framework/src/Illuminate/Foundation/Http/Middleware/TransformsRequest.php(21): Illuminate\\Pipeline\\Pipeline->Illuminate\\Pipeline\\{closure}()
#36 /var/www/norloxsolutionscrm.com/wowcrm/vendor/laravel/framework/src/Illuminate/Foundation/Http/Middleware/TrimStrings.php(51): Illuminate\\Foundation\\Http\\Middleware\\TransformsRequest->handle()
#37 /var/www/norloxsolutionscrm.com/wowcrm/vendor/laravel/framework/src/Illuminate/Pipeline/Pipeline.php(209): Illuminate\\Foundation\\Http\\Middleware\\TrimStrings->handle()
#38 /var/www/norloxsolutionscrm.com/wowcrm/vendor/laravel/framework/src/Illuminate/Http/Middleware/ValidatePostSize.php(27): Illuminate\\Pipeline\\Pipeline->Illuminate\\Pipeline\\{closure}()
#39 /var/www/norloxsolutionscrm.com/wowcrm/vendor/laravel/framework/src/Illuminate/Pipeline/Pipeline.php(209): Illuminate\\Http\\Middleware\\ValidatePostSize->handle()
#40 /var/www/norloxsolutionscrm.com/wowcrm/vendor/laravel/framework/src/Illuminate/Foundation/Http/Middleware/PreventRequestsDuringMaintenance.php(110): Illuminate\\Pipeline\\Pipeline->Illuminate\\Pipeline\\{closure}()
#41 /var/www/norloxsolutionscrm.com/wowcrm/vendor/laravel/framework/src/Illuminate/Pipeline/Pipeline.php(209): Illuminate\\Foundation\\Http\\Middleware\\PreventRequestsDuringMaintenance->handle()
#42 /var/www/norloxsolutionscrm.com/wowcrm/vendor/laravel/framework/src/Illuminate/Http/Middleware/HandleCors.php(49): Illuminate\\Pipeline\\Pipeline->Illuminate\\Pipeline\\{closure}()
#43 /var/www/norloxsolutionscrm.com/wowcrm/vendor/laravel/framework/src/Illuminate/Pipeline/Pipeline.php(209): Illuminate\\Http\\Middleware\\HandleCors->handle()
#44 /var/www/norloxsolutionscrm.com/wowcrm/vendor/laravel/framework/src/Illuminate/Http/Middleware/TrustProxies.php(58): Illuminate\\Pipeline\\Pipeline->Illuminate\\Pipeline\\{closure}()
#45 /var/www/norloxsolutionscrm.com/wowcrm/vendor/laravel/framework/src/Illuminate/Pipeline/Pipeline.php(209): Illuminate\\Http\\Middleware\\TrustProxies->handle()
#46 /var/www/norloxsolutionscrm.com/wowcrm/vendor/laravel/framework/src/Illuminate/Foundation/Http/Middleware/InvokeDeferredCallbacks.php(22): Illuminate\\Pipeline\\Pipeline->Illuminate\\Pipeline\\{closure}()
#47 /var/www/norloxsolutionscrm.com/wowcrm/vendor/laravel/framework/src/Illuminate/Pipeline/Pipeline.php(209): Illuminate\\Foundation\\Http\\Middleware\\InvokeDeferredCallbacks->handle()
#48 /var/www/norloxsolutionscrm.com/wowcrm/vendor/laravel/framework/src/Illuminate/Pipeline/Pipeline.php(127): Illuminate\\Pipeline\\Pipeline->Illuminate\\Pipeline\\{closure}()
#49 /var/www/norloxsolutionscrm.com/wowcrm/vendor/laravel/framework/src/Illuminate/Foundation/Http/Kernel.php(176): Illuminate\\Pipeline\\Pipeline->then()
#50 /var/www/norloxsolutionscrm.com/wowcrm/vendor/laravel/framework/src/Illuminate/Foundation/Http/Kernel.php(145): Illuminate\\Foundation\\Http\\Kernel->sendRequestThroughRouter()
#51 /var/www/norloxsolutionscrm.com/wowcrm/vendor/laravel/framework/src/Illuminate/Foundation/Application.php(1220): Illuminate\\Foundation\\Http\\Kernel->handle()
#52 /var/www/norloxsolutionscrm.com/wowcrm/index.php(17): Illuminate\\Foundation\\Application->handleRequest()
#53 {main}
"} 
[2026-03-02 14:45:47] local.ERROR: The archive failed to load with the following error code: 19 {"userId":82,"exception":"[object] (Exception(code: 0): The archive failed to load with the following error code: 19 at /var/www/norloxsolutionscrm.com/wowcrm/vendor/phpoffice/phpword/src/PhpWord/Shared/XMLReader.php:71)
[stacktrace]
#0 /var/www/norloxsolutionscrm.com/wowcrm/vendor/phpoffice/phpword/src/PhpWord/Reader/Word2007.php(169): PhpOffice\\PhpWord\\Shared\\XMLReader->getDomFromZip()
#1 /var/www/norloxsolutionscrm.com/wowcrm/vendor/phpoffice/phpword/src/PhpWord/Reader/Word2007.php(133): PhpOffice\\PhpWord\\Reader\\Word2007->getRels()
#2 /var/www/norloxsolutionscrm.com/wowcrm/vendor/phpoffice/phpword/src/PhpWord/Reader/Word2007.php(48): PhpOffice\\PhpWord\\Reader\\Word2007->readRelationships()
#3 /var/www/norloxsolutionscrm.com/wowcrm/vendor/phpoffice/phpword/src/PhpWord/IOFactory.php(92): PhpOffice\\PhpWord\\Reader\\Word2007->load()
#4 /var/www/norloxsolutionscrm.com/wowcrm/app/Http/Controllers/GoogleSheetController.php(7351): PhpOffice\\PhpWord\\IOFactory::load()
#5 /var/www/norloxsolutionscrm.com/wowcrm/vendor/laravel/framework/src/Illuminate/Routing/ControllerDispatcher.php(47): App\\Http\\Controllers\\GoogleSheetController->viewJuniorResume()
#6 /var/www/norloxsolutionscrm.com/wowcrm/vendor/laravel/framework/src/Illuminate/Routing/Route.php(266): Illuminate\\Routing\\ControllerDispatcher->dispatch()
#7 /var/www/norloxsolutionscrm.com/wowcrm/vendor/laravel/framework/src/Illuminate/Routing/Route.php(212): Illuminate\\Routing\\Route->runController()
#8 /var/www/norloxsolutionscrm.com/wowcrm/vendor/laravel/framework/src/Illuminate/Routing/Router.php(808): Illuminate\\Routing\\Route->run()
#9 /var/www/norloxsolutionscrm.com/wowcrm/vendor/laravel/framework/src/Illuminate/Pipeline/Pipeline.php(170): Illuminate\\Routing\\Router->Illuminate\\Routing\\{closure}()
#10 /var/www/norloxsolutionscrm.com/wowcrm/vendor/laravel/framework/src/Illuminate/Routing/Middleware/SubstituteBindings.php(51): Illuminate\\Pipeline\\Pipeline->Illuminate\\Pipeline\\{closure}()
#11 /var/www/norloxsolutionscrm.com/wowcrm/vendor/laravel/framework/src/Illuminate/Pipeline/Pipeline.php(209): Illuminate\\Routing\\Middleware\\SubstituteBindings->handle()
#12 /var/www/norloxsolutionscrm.com/wowcrm/vendor/laravel/framework/src/Illuminate/Auth/Middleware/Authenticate.php(64): Illuminate\\Pipeline\\Pipeline->Illuminate\\Pipeline\\{closure}()
#13 /var/www/norloxsolutionscrm.com/wowcrm/vendor/laravel/framework/src/Illuminate/Pipeline/Pipeline.php(209): Illuminate\\Auth\\Middleware\\Authenticate->handle()
#14 /var/www/norloxsolutionscrm.com/wowcrm/vendor/laravel/framework/src/Illuminate/Foundation/Http/Middleware/VerifyCsrfToken.php(88): Illuminate\\Pipeline\\Pipeline->Illuminate\\Pipeline\\{closure}()
#15 /var/www/norloxsolutionscrm.com/wowcrm/vendor/laravel/framework/src/Illuminate/Pipeline/Pipeline.php(209): Illuminate\\Foundation\\Http\\Middleware\\VerifyCsrfToken->handle()
#16 /var/www/norloxsolutionscrm.com/wowcrm/vendor/laravel/framework/src/Illuminate/View/Middleware/ShareErrorsFromSession.php(49): Illuminate\\Pipeline\\Pipeline->Illuminate\\Pipeline\\{closure}()
#17 /var/www/norloxsolutionscrm.com/wowcrm/vendor/laravel/framework/src/Illuminate/Pipeline/Pipeline.php(209): Illuminate\\View\\Middleware\\ShareErrorsFromSession->handle()
#18 /var/www/norloxsolutionscrm.com/wowcrm/vendor/laravel/framework/src/Illuminate/Session/Middleware/StartSession.php(121): Illuminate\\Pipeline\\Pipeline->Illuminate\\Pipeline\\{closure}()
#19 /var/www/norloxsolutionscrm.com/wowcrm/vendor/laravel/framework/src/Illuminate/Session/Middleware/StartSession.php(64): Illuminate\\Session\\Middleware\\StartSession->handleStatefulRequest()
#20 /var/www/norloxsolutionscrm.com/wowcrm/vendor/laravel/framework/src/Illuminate/Pipeline/Pipeline.php(209): Illuminate\\Session\\Middleware\\StartSession->handle()
#21 /var/www/norloxsolutionscrm.com/wowcrm/vendor/laravel/framework/src/Illuminate/Cookie/Middleware/AddQueuedCookiesToResponse.php(37): Illuminate\\Pipeline\\Pipeline->Illuminate\\Pipeline\\{closure}()
#22 /var/www/norloxsolutionscrm.com/wowcrm/vendor/laravel/framework/src/Illuminate/Pipeline/Pipeline.php(209): Illuminate\\Cookie\\Middleware\\AddQueuedCookiesToResponse->handle()
#23 /var/www/norloxsolutionscrm.com/wowcrm/vendor/laravel/framework/src/Illuminate/Cookie/Middleware/EncryptCookies.php(75): Illuminate\\Pipeline\\Pipeline->Illuminate\\Pipeline\\{closure}()
#24 /var/www/norloxsolutionscrm.com/wowcrm/vendor/laravel/framework/src/Illuminate/Pipeline/Pipeline.php(209): Illuminate\\Cookie\\Middleware\\EncryptCookies->handle()
#25 /var/www/norloxsolutionscrm.com/wowcrm/vendor/laravel/framework/src/Illuminate/Pipeline/Pipeline.php(127): Illuminate\\Pipeline\\Pipeline->Illuminate\\Pipeline\\{closure}()
#26 /var/www/norloxsolutionscrm.com/wowcrm/vendor/laravel/framework/src/Illuminate/Routing/Router.php(807): Illuminate\\Pipeline\\Pipeline->then()
#27 /var/www/norloxsolutionscrm.com/wowcrm/vendor/laravel/framework/src/Illuminate/Routing/Router.php(786): Illuminate\\Routing\\Router->runRouteWithinStack()
#28 /var/www/norloxsolutionscrm.com/wowcrm/vendor/laravel/framework/src/Illuminate/Routing/Router.php(750): Illuminate\\Routing\\Router->runRoute()
#29 /var/www/norloxsolutionscrm.com/wowcrm/vendor/laravel/framework/src/Illuminate/Routing/Router.php(739): Illuminate\\Routing\\Router->dispatchToRoute()
#30 /var/www/norloxsolutionscrm.com/wowcrm/vendor/laravel/framework/src/Illuminate/Foundation/Http/Kernel.php(201): Illuminate\\Routing\\Router->dispatch()
#31 /var/www/norloxsolutionscrm.com/wowcrm/vendor/laravel/framework/src/Illuminate/Pipeline/Pipeline.php(170): Illuminate\\Foundation\\Http\\Kernel->Illuminate\\Foundation\\Http\\{closure}()
#32 /var/www/norloxsolutionscrm.com/wowcrm/vendor/laravel/framework/src/Illuminate/Foundation/Http/Middleware/TransformsRequest.php(21): Illuminate\\Pipeline\\Pipeline->Illuminate\\Pipeline\\{closure}()
#33 /var/www/norloxsolutionscrm.com/wowcrm/vendor/laravel/framework/src/Illuminate/Foundation/Http/Middleware/ConvertEmptyStringsToNull.php(31): Illuminate\\Foundation\\Http\\Middleware\\TransformsRequest->handle()
#34 /var/www/norloxsolutionscrm.com/wowcrm/vendor/laravel/framework/src/Illuminate/Pipeline/Pipeline.php(209): Illuminate\\Foundation\\Http\\Middleware\\ConvertEmptyStringsToNull->handle()
#35 /var/www/norloxsolutionscrm.com/wowcrm/vendor/laravel/framework/src/Illuminate/Foundation/Http/Middleware/TransformsRequest.php(21): Illuminate\\Pipeline\\Pipeline->Illuminate\\Pipeline\\{closure}()
#36 /var/www/norloxsolutionscrm.com/wowcrm/vendor/laravel/framework/src/Illuminate/Foundation/Http/Middleware/TrimStrings.php(51): Illuminate\\Foundation\\Http\\Middleware\\TransformsRequest->handle()
#37 /var/www/norloxsolutionscrm.com/wowcrm/vendor/laravel/framework/src/Illuminate/Pipeline/Pipeline.php(209): Illuminate\\Foundation\\Http\\Middleware\\TrimStrings->handle()
#38 /var/www/norloxsolutionscrm.com/wowcrm/vendor/laravel/framework/src/Illuminate/Http/Middleware/ValidatePostSize.php(27): Illuminate\\Pipeline\\Pipeline->Illuminate\\Pipeline\\{closure}()
#39 /var/www/norloxsolutionscrm.com/wowcrm/vendor/laravel/framework/src/Illuminate/Pipeline/Pipeline.php(209): Illuminate\\Http\\Middleware\\ValidatePostSize->handle()
#40 /var/www/norloxsolutionscrm.com/wowcrm/vendor/laravel/framework/src/Illuminate/Foundation/Http/Middleware/PreventRequestsDuringMaintenance.php(110): Illuminate\\Pipeline\\Pipeline->Illuminate\\Pipeline\\{closure}()
#41 /var/www/norloxsolutionscrm.com/wowcrm/vendor/laravel/framework/src/Illuminate/Pipeline/Pipeline.php(209): Illuminate\\Foundation\\Http\\Middleware\\PreventRequestsDuringMaintenance->handle()
#42 /var/www/norloxsolutionscrm.com/wowcrm/vendor/laravel/framework/src/Illuminate/Http/Middleware/HandleCors.php(49): Illuminate\\Pipeline\\Pipeline->Illuminate\\Pipeline\\{closure}()
#43 /var/www/norloxsolutionscrm.com/wowcrm/vendor/laravel/framework/src/Illuminate/Pipeline/Pipeline.php(209): Illuminate\\Http\\Middleware\\HandleCors->handle()
#44 /var/www/norloxsolutionscrm.com/wowcrm/vendor/laravel/framework/src/Illuminate/Http/Middleware/TrustProxies.php(58): Illuminate\\Pipeline\\Pipeline->Illuminate\\Pipeline\\{closure}()
#45 /var/www/norloxsolutionscrm.com/wowcrm/vendor/laravel/framework/src/Illuminate/Pipeline/Pipeline.php(209): Illuminate\\Http\\Middleware\\TrustProxies->handle()
#46 /var/www/norloxsolutionscrm.com/wowcrm/vendor/laravel/framework/src/Illuminate/Foundation/Http/Middleware/InvokeDeferredCallbacks.php(22): Illuminate\\Pipeline\\Pipeline->Illuminate\\Pipeline\\{closure}()
#47 /var/www/norloxsolutionscrm.com/wowcrm/vendor/laravel/framework/src/Illuminate/Pipeline/Pipeline.php(209): Illuminate\\Foundation\\Http\\Middleware\\InvokeDeferredCallbacks->handle()
#48 /var/www/norloxsolutionscrm.com/wowcrm/vendor/laravel/framework/src/Illuminate/Pipeline/Pipeline.php(127): Illuminate\\Pipeline\\Pipeline->Illuminate\\Pipeline\\{closure}()
#49 /var/www/norloxsolutionscrm.com/wowcrm/vendor/laravel/framework/src/Illuminate/Foundation/Http/Kernel.php(176): Illuminate\\Pipeline\\Pipeline->then()
#50 /var/www/norloxsolutionscrm.com/wowcrm/vendor/laravel/framework/src/Illuminate/Foundation/Http/Kernel.php(145): Illuminate\\Foundation\\Http\\Kernel->sendRequestThroughRouter()
#51 /var/www/norloxsolutionscrm.com/wowcrm/vendor/laravel/framework/src/Illuminate/Foundation/Application.php(1220): Illuminate\\Foundation\\Http\\Kernel->handle()
#52 /var/www/norloxsolutionscrm.com/wowcrm/index.php(17): Illuminate\\Foundation\\Application->handleRequest()
#53 {main}
"} 
[2026-03-02 14:46:16] local.ERROR: The archive failed to load with the following error code: 19 {"userId":82,"exception":"[object] (Exception(code: 0): The archive failed to load with the following error code: 19 at /var/www/norloxsolutionscrm.com/wowcrm/vendor/phpoffice/phpword/src/PhpWord/Shared/XMLReader.php:71)
[stacktrace]
#0 /var/www/norloxsolutionscrm.com/wowcrm/vendor/phpoffice/phpword/src/PhpWord/Reader/Word2007.php(169): PhpOffice\\PhpWord\\Shared\\XMLReader->getDomFromZip()
#1 /var/www/norloxsolutionscrm.com/wowcrm/vendor/phpoffice/phpword/src/PhpWord/Reader/Word2007.php(133): PhpOffice\\PhpWord\\Reader\\Word2007->getRels()
#2 /var/www/norloxsolutionscrm.com/wowcrm/vendor/phpoffice/phpword/src/PhpWord/Reader/Word2007.php(48): PhpOffice\\PhpWord\\Reader\\Word2007->readRelationships()
#3 /var/www/norloxsolutionscrm.com/wowcrm/vendor/phpoffice/phpword/src/PhpWord/IOFactory.php(92): PhpOffice\\PhpWord\\Reader\\Word2007->load()
#4 /var/www/norloxsolutionscrm.com/wowcrm/app/Http/Controllers/GoogleSheetController.php(7351): PhpOffice\\PhpWord\\IOFactory::load()
#5 /var/www/norloxsolutionscrm.com/wowcrm/vendor/laravel/framework/src/Illuminate/Routing/ControllerDispatcher.php(47): App\\Http\\Controllers\\GoogleSheetController->viewJuniorResume()
#6 /var/www/norloxsolutionscrm.com/wowcrm/vendor/laravel/framework/src/Illuminate/Routing/Route.php(266): Illuminate\\Routing\\ControllerDispatcher->dispatch()
#7 /var/www/norloxsolutionscrm.com/wowcrm/vendor/laravel/framework/src/Illuminate/Routing/Route.php(212): Illuminate\\Routing\\Route->runController()
#8 /var/www/norloxsolutionscrm.com/wowcrm/vendor/laravel/framework/src/Illuminate/Routing/Router.php(808): Illuminate\\Routing\\Route->run()
#9 /var/www/norloxsolutionscrm.com/wowcrm/vendor/laravel/framework/src/Illuminate/Pipeline/Pipeline.php(170): Illuminate\\Routing\\Router->Illuminate\\Routing\\{closure}()
#10 /var/www/norloxsolutionscrm.com/wowcrm/vendor/laravel/framework/src/Illuminate/Routing/Middleware/SubstituteBindings.php(51): Illuminate\\Pipeline\\Pipeline->Illuminate\\Pipeline\\{closure}()
#11 /var/www/norloxsolutionscrm.com/wowcrm/vendor/laravel/framework/src/Illuminate/Pipeline/Pipeline.php(209): Illuminate\\Routing\\Middleware\\SubstituteBindings->handle()
#12 /var/www/norloxsolutionscrm.com/wowcrm/vendor/laravel/framework/src/Illuminate/Auth/Middleware/Authenticate.php(64): Illuminate\\Pipeline\\Pipeline->Illuminate\\Pipeline\\{closure}()
#13 /var/www/norloxsolutionscrm.com/wowcrm/vendor/laravel/framework/src/Illuminate/Pipeline/Pipeline.php(209): Illuminate\\Auth\\Middleware\\Authenticate->handle()
#14 /var/www/norloxsolutionscrm.com/wowcrm/vendor/laravel/framework/src/Illuminate/Foundation/Http/Middleware/VerifyCsrfToken.php(88): Illuminate\\Pipeline\\Pipeline->Illuminate\\Pipeline\\{closure}()
#15 /var/www/norloxsolutionscrm.com/wowcrm/vendor/laravel/framework/src/Illuminate/Pipeline/Pipeline.php(209): Illuminate\\Foundation\\Http\\Middleware\\VerifyCsrfToken->handle()
#16 /var/www/norloxsolutionscrm.com/wowcrm/vendor/laravel/framework/src/Illuminate/View/Middleware/ShareErrorsFromSession.php(49): Illuminate\\Pipeline\\Pipeline->Illuminate\\Pipeline\\{closure}()
#17 /var/www/norloxsolutionscrm.com/wowcrm/vendor/laravel/framework/src/Illuminate/Pipeline/Pipeline.php(209): Illuminate\\View\\Middleware\\ShareErrorsFromSession->handle()
#18 /var/www/norloxsolutionscrm.com/wowcrm/vendor/laravel/framework/src/Illuminate/Session/Middleware/StartSession.php(121): Illuminate\\Pipeline\\Pipeline->Illuminate\\Pipeline\\{closure}()
#19 /var/www/norloxsolutionscrm.com/wowcrm/vendor/laravel/framework/src/Illuminate/Session/Middleware/StartSession.php(64): Illuminate\\Session\\Middleware\\StartSession->handleStatefulRequest()
#20 /var/www/norloxsolutionscrm.com/wowcrm/vendor/laravel/framework/src/Illuminate/Pipeline/Pipeline.php(209): Illuminate\\Session\\Middleware\\StartSession->handle()
#21 /var/www/norloxsolutionscrm.com/wowcrm/vendor/laravel/framework/src/Illuminate/Cookie/Middleware/AddQueuedCookiesToResponse.php(37): Illuminate\\Pipeline\\Pipeline->Illuminate\\Pipeline\\{closure}()
#22 /var/www/norloxsolutionscrm.com/wowcrm/vendor/laravel/framework/src/Illuminate/Pipeline/Pipeline.php(209): Illuminate\\Cookie\\Middleware\\AddQueuedCookiesToResponse->handle()
#23 /var/www/norloxsolutionscrm.com/wowcrm/vendor/laravel/framework/src/Illuminate/Cookie/Middleware/EncryptCookies.php(75): Illuminate\\Pipeline\\Pipeline->Illuminate\\Pipeline\\{closure}()
#24 /var/www/norloxsolutionscrm.com/wowcrm/vendor/laravel/framework/src/Illuminate/Pipeline/Pipeline.php(209): Illuminate\\Cookie\\Middleware\\EncryptCookies->handle()
#25 /var/www/norloxsolutionscrm.com/wowcrm/vendor/laravel/framework/src/Illuminate/Pipeline/Pipeline.php(127): Illuminate\\Pipeline\\Pipeline->Illuminate\\Pipeline\\{closure}()
#26 /var/www/norloxsolutionscrm.com/wowcrm/vendor/laravel/framework/src/Illuminate/Routing/Router.php(807): Illuminate\\Pipeline\\Pipeline->then()
#27 /var/www/norloxsolutionscrm.com/wowcrm/vendor/laravel/framework/src/Illuminate/Routing/Router.php(786): Illuminate\\Routing\\Router->runRouteWithinStack()
#28 /var/www/norloxsolutionscrm.com/wowcrm/vendor/laravel/framework/src/Illuminate/Routing/Router.php(750): Illuminate\\Routing\\Router->runRoute()
#29 /var/www/norloxsolutionscrm.com/wowcrm/vendor/laravel/framework/src/Illuminate/Routing/Router.php(739): Illuminate\\Routing\\Router->dispatchToRoute()
#30 /var/www/norloxsolutionscrm.com/wowcrm/vendor/laravel/framework/src/Illuminate/Foundation/Http/Kernel.php(201): Illuminate\\Routing\\Router->dispatch()
#31 /var/www/norloxsolutionscrm.com/wowcrm/vendor/laravel/framework/src/Illuminate/Pipeline/Pipeline.php(170): Illuminate\\Foundation\\Http\\Kernel->Illuminate\\Foundation\\Http\\{closure}()
#32 /var/www/norloxsolutionscrm.com/wowcrm/vendor/laravel/framework/src/Illuminate/Foundation/Http/Middleware/TransformsRequest.php(21): Illuminate\\Pipeline\\Pipeline->Illuminate\\Pipeline\\{closure}()
#33 /var/www/norloxsolutionscrm.com/wowcrm/vendor/laravel/framework/src/Illuminate/Foundation/Http/Middleware/ConvertEmptyStringsToNull.php(31): Illuminate\\Foundation\\Http\\Middleware\\TransformsRequest->handle()
#34 /var/www/norloxsolutionscrm.com/wowcrm/vendor/laravel/framework/src/Illuminate/Pipeline/Pipeline.php(209): Illuminate\\Foundation\\Http\\Middleware\\ConvertEmptyStringsToNull->handle()
#35 /var/www/norloxsolutionscrm.com/wowcrm/vendor/laravel/framework/src/Illuminate/Foundation/Http/Middleware/TransformsRequest.php(21): Illuminate\\Pipeline\\Pipeline->Illuminate\\Pipeline\\{closure}()
#36 /var/www/norloxsolutionscrm.com/wowcrm/vendor/laravel/framework/src/Illuminate/Foundation/Http/Middleware/TrimStrings.php(51): Illuminate\\Foundation\\Http\\Middleware\\TransformsRequest->handle()
#37 /var/www/norloxsolutionscrm.com/wowcrm/vendor/laravel/framework/src/Illuminate/Pipeline/Pipeline.php(209): Illuminate\\Foundation\\Http\\Middleware\\TrimStrings->handle()
#38 /var/www/norloxsolutionscrm.com/wowcrm/vendor/laravel/framework/src/Illuminate/Http/Middleware/ValidatePostSize.php(27): Illuminate\\Pipeline\\Pipeline->Illuminate\\Pipeline\\{closure}()
#39 /var/www/norloxsolutionscrm.com/wowcrm/vendor/laravel/framework/src/Illuminate/Pipeline/Pipeline.php(209): Illuminate\\Http\\Middleware\\ValidatePostSize->handle()
#40 /var/www/norloxsolutionscrm.com/wowcrm/vendor/laravel/framework/src/Illuminate/Foundation/Http/Middleware/PreventRequestsDuringMaintenance.php(110): Illuminate\\Pipeline\\Pipeline->Illuminate\\Pipeline\\{closure}()
#41 /var/www/norloxsolutionscrm.com/wowcrm/vendor/laravel/framework/src/Illuminate/Pipeline/Pipeline.php(209): Illuminate\\Foundation\\Http\\Middleware\\PreventRequestsDuringMaintenance->handle()
#42 /var/www/norloxsolutionscrm.com/wowcrm/vendor/laravel/framework/src/Illuminate/Http/Middleware/HandleCors.php(49): Illuminate\\Pipeline\\Pipeline->Illuminate\\Pipeline\\{closure}()
#43 /var/www/norloxsolutionscrm.com/wowcrm/vendor/laravel/framework/src/Illuminate/Pipeline/Pipeline.php(209): Illuminate\\Http\\Middleware\\HandleCors->handle()
#44 /var/www/norloxsolutionscrm.com/wowcrm/vendor/laravel/framework/src/Illuminate/Http/Middleware/TrustProxies.php(58): Illuminate\\Pipeline\\Pipeline->Illuminate\\Pipeline\\{closure}()
#45 /var/www/norloxsolutionscrm.com/wowcrm/vendor/laravel/framework/src/Illuminate/Pipeline/Pipeline.php(209): Illuminate\\Http\\Middleware\\TrustProxies->handle()
#46 /var/www/norloxsolutionscrm.com/wowcrm/vendor/laravel/framework/src/Illuminate/Foundation/Http/Middleware/InvokeDeferredCallbacks.php(22): Illuminate\\Pipeline\\Pipeline->Illuminate\\Pipeline\\{closure}()
#47 /var/www/norloxsolutionscrm.com/wowcrm/vendor/laravel/framework/src/Illuminate/Pipeline/Pipeline.php(209): Illuminate\\Foundation\\Http\\Middleware\\InvokeDeferredCallbacks->handle()
#48 /var/www/norloxsolutionscrm.com/wowcrm/vendor/laravel/framework/src/Illuminate/Pipeline/Pipeline.php(127): Illuminate\\Pipeline\\Pipeline->Illuminate\\Pipeline\\{closure}()
#49 /var/www/norloxsolutionscrm.com/wowcrm/vendor/laravel/framework/src/Illuminate/Foundation/Http/Kernel.php(176): Illuminate\\Pipeline\\Pipeline->then()
#50 /var/www/norloxsolutionscrm.com/wowcrm/vendor/laravel/framework/src/Illuminate/Foundation/Http/Kernel.php(145): Illuminate\\Foundation\\Http\\Kernel->sendRequestThroughRouter()
#51 /var/www/norloxsolutionscrm.com/wowcrm/vendor/laravel/framework/src/Illuminate/Foundation/Application.php(1220): Illuminate\\Foundation\\Http\\Kernel->handle()
#52 /var/www/norloxsolutionscrm.com/wowcrm/index.php(17): Illuminate\\Foundation\\Application->handleRequest()
#53 {main}
"} 
[2026-03-02 16:56:03] local.ERROR: The archive failed to load with the following error code: 19 {"userId":82,"exception":"[object] (Exception(code: 0): The archive failed to load with the following error code: 19 at /var/www/norloxsolutionscrm.com/wowcrm/vendor/phpoffice/phpword/src/PhpWord/Shared/XMLReader.php:71)
[stacktrace]
#0 /var/www/norloxsolutionscrm.com/wowcrm/vendor/phpoffice/phpword/src/PhpWord/Reader/Word2007.php(169): PhpOffice\\PhpWord\\Shared\\XMLReader->getDomFromZip()
#1 /var/www/norloxsolutionscrm.com/wowcrm/vendor/phpoffice/phpword/src/PhpWord/Reader/Word2007.php(133): PhpOffice\\PhpWord\\Reader\\Word2007->getRels()
#2 /var/www/norloxsolutionscrm.com/wowcrm/vendor/phpoffice/phpword/src/PhpWord/Reader/Word2007.php(48): PhpOffice\\PhpWord\\Reader\\Word2007->readRelationships()
#3 /var/www/norloxsolutionscrm.com/wowcrm/vendor/phpoffice/phpword/src/PhpWord/IOFactory.php(92): PhpOffice\\PhpWord\\Reader\\Word2007->load()
#4 /var/www/norloxsolutionscrm.com/wowcrm/app/Http/Controllers/GoogleSheetController.php(7351): PhpOffice\\PhpWord\\IOFactory::load()
#5 /var/www/norloxsolutionscrm.com/wowcrm/vendor/laravel/framework/src/Illuminate/Routing/ControllerDispatcher.php(47): App\\Http\\Controllers\\GoogleSheetController->viewJuniorResume()
#6 /var/www/norloxsolutionscrm.com/wowcrm/vendor/laravel/framework/src/Illuminate/Routing/Route.php(266): Illuminate\\Routing\\ControllerDispatcher->dispatch()
#7 /var/www/norloxsolutionscrm.com/wowcrm/vendor/laravel/framework/src/Illuminate/Routing/Route.php(212): Illuminate\\Routing\\Route->runController()
#8 /var/www/norloxsolutionscrm.com/wowcrm/vendor/laravel/framework/src/Illuminate/Routing/Router.php(808): Illuminate\\Routing\\Route->run()
#9 /var/www/norloxsolutionscrm.com/wowcrm/vendor/laravel/framework/src/Illuminate/Pipeline/Pipeline.php(170): Illuminate\\Routing\\Router->Illuminate\\Routing\\{closure}()
#10 /var/www/norloxsolutionscrm.com/wowcrm/vendor/laravel/framework/src/Illuminate/Routing/Middleware/SubstituteBindings.php(51): Illuminate\\Pipeline\\Pipeline->Illuminate\\Pipeline\\{closure}()
#11 /var/www/norloxsolutionscrm.com/wowcrm/vendor/laravel/framework/src/Illuminate/Pipeline/Pipeline.php(209): Illuminate\\Routing\\Middleware\\SubstituteBindings->handle()
#12 /var/www/norloxsolutionscrm.com/wowcrm/vendor/laravel/framework/src/Illuminate/Auth/Middleware/Authenticate.php(64): Illuminate\\Pipeline\\Pipeline->Illuminate\\Pipeline\\{closure}()
#13 /var/www/norloxsolutionscrm.com/wowcrm/vendor/laravel/framework/src/Illuminate/Pipeline/Pipeline.php(209): Illuminate\\Auth\\Middleware\\Authenticate->handle()
#14 /var/www/norloxsolutionscrm.com/wowcrm/vendor/laravel/framework/src/Illuminate/Foundation/Http/Middleware/VerifyCsrfToken.php(88): Illuminate\\Pipeline\\Pipeline->Illuminate\\Pipeline\\{closure}()
#15 /var/www/norloxsolutionscrm.com/wowcrm/vendor/laravel/framework/src/Illuminate/Pipeline/Pipeline.php(209): Illuminate\\Foundation\\Http\\Middleware\\VerifyCsrfToken->handle()
#16 /var/www/norloxsolutionscrm.com/wowcrm/vendor/laravel/framework/src/Illuminate/View/Middleware/ShareErrorsFromSession.php(49): Illuminate\\Pipeline\\Pipeline->Illuminate\\Pipeline\\{closure}()
#17 /var/www/norloxsolutionscrm.com/wowcrm/vendor/laravel/framework/src/Illuminate/Pipeline/Pipeline.php(209): Illuminate\\View\\Middleware\\ShareErrorsFromSession->handle()
#18 /var/www/norloxsolutionscrm.com/wowcrm/vendor/laravel/framework/src/Illuminate/Session/Middleware/StartSession.php(121): Illuminate\\Pipeline\\Pipeline->Illuminate\\Pipeline\\{closure}()
#19 /var/www/norloxsolutionscrm.com/wowcrm/vendor/laravel/framework/src/Illuminate/Session/Middleware/StartSession.php(64): Illuminate\\Session\\Middleware\\StartSession->handleStatefulRequest()
#20 /var/www/norloxsolutionscrm.com/wowcrm/vendor/laravel/framework/src/Illuminate/Pipeline/Pipeline.php(209): Illuminate\\Session\\Middleware\\StartSession->handle()
#21 /var/www/norloxsolutionscrm.com/wowcrm/vendor/laravel/framework/src/Illuminate/Cookie/Middleware/AddQueuedCookiesToResponse.php(37): Illuminate\\Pipeline\\Pipeline->Illuminate\\Pipeline\\{closure}()
#22 /var/www/norloxsolutionscrm.com/wowcrm/vendor/laravel/framework/src/Illuminate/Pipeline/Pipeline.php(209): Illuminate\\Cookie\\Middleware\\AddQueuedCookiesToResponse->handle()
#23 /var/www/norloxsolutionscrm.com/wowcrm/vendor/laravel/framework/src/Illuminate/Cookie/Middleware/EncryptCookies.php(75): Illuminate\\Pipeline\\Pipeline->Illuminate\\Pipeline\\{closure}()
#24 /var/www/norloxsolutionscrm.com/wowcrm/vendor/laravel/framework/src/Illuminate/Pipeline/Pipeline.php(209): Illuminate\\Cookie\\Middleware\\EncryptCookies->handle()
#25 /var/www/norloxsolutionscrm.com/wowcrm/vendor/laravel/framework/src/Illuminate/Pipeline/Pipeline.php(127): Illuminate\\Pipeline\\Pipeline->Illuminate\\Pipeline\\{closure}()
#26 /var/www/norloxsolutionscrm.com/wowcrm/vendor/laravel/framework/src/Illuminate/Routing/Router.php(807): Illuminate\\Pipeline\\Pipeline->then()
#27 /var/www/norloxsolutionscrm.com/wowcrm/vendor/laravel/framework/src/Illuminate/Routing/Router.php(786): Illuminate\\Routing\\Router->runRouteWithinStack()
#28 /var/www/norloxsolutionscrm.com/wowcrm/vendor/laravel/framework/src/Illuminate/Routing/Router.php(750): Illuminate\\Routing\\Router->runRoute()
#29 /var/www/norloxsolutionscrm.com/wowcrm/vendor/laravel/framework/src/Illuminate/Routing/Router.php(739): Illuminate\\Routing\\Router->dispatchToRoute()
#30 /var/www/norloxsolutionscrm.com/wowcrm/vendor/laravel/framework/src/Illuminate/Foundation/Http/Kernel.php(201): Illuminate\\Routing\\Router->dispatch()
#31 /var/www/norloxsolutionscrm.com/wowcrm/vendor/laravel/framework/src/Illuminate/Pipeline/Pipeline.php(170): Illuminate\\Foundation\\Http\\Kernel->Illuminate\\Foundation\\Http\\{closure}()
#32 /var/www/norloxsolutionscrm.com/wowcrm/vendor/laravel/framework/src/Illuminate/Foundation/Http/Middleware/TransformsRequest.php(21): Illuminate\\Pipeline\\Pipeline->Illuminate\\Pipeline\\{closure}()
#33 /var/www/norloxsolutionscrm.com/wowcrm/vendor/laravel/framework/src/Illuminate/Foundation/Http/Middleware/ConvertEmptyStringsToNull.php(31): Illuminate\\Foundation\\Http\\Middleware\\TransformsRequest->handle()
#34 /var/www/norloxsolutionscrm.com/wowcrm/vendor/laravel/framework/src/Illuminate/Pipeline/Pipeline.php(209): Illuminate\\Foundation\\Http\\Middleware\\ConvertEmptyStringsToNull->handle()
#35 /var/www/norloxsolutionscrm.com/wowcrm/vendor/laravel/framework/src/Illuminate/Foundation/Http/Middleware/TransformsRequest.php(21): Illuminate\\Pipeline\\Pipeline->Illuminate\\Pipeline\\{closure}()
#36 /var/www/norloxsolutionscrm.com/wowcrm/vendor/laravel/framework/src/Illuminate/Foundation/Http/Middleware/TrimStrings.php(51): Illuminate\\Foundation\\Http\\Middleware\\TransformsRequest->handle()
#37 /var/www/norloxsolutionscrm.com/wowcrm/vendor/laravel/framework/src/Illuminate/Pipeline/Pipeline.php(209): Illuminate\\Foundation\\Http\\Middleware\\TrimStrings->handle()
#38 /var/www/norloxsolutionscrm.com/wowcrm/vendor/laravel/framework/src/Illuminate/Http/Middleware/ValidatePostSize.php(27): Illuminate\\Pipeline\\Pipeline->Illuminate\\Pipeline\\{closure}()
#39 /var/www/norloxsolutionscrm.com/wowcrm/vendor/laravel/framework/src/Illuminate/Pipeline/Pipeline.php(209): Illuminate\\Http\\Middleware\\ValidatePostSize->handle()
#40 /var/www/norloxsolutionscrm.com/wowcrm/vendor/laravel/framework/src/Illuminate/Foundation/Http/Middleware/PreventRequestsDuringMaintenance.php(110): Illuminate\\Pipeline\\Pipeline->Illuminate\\Pipeline\\{closure}()
#41 /var/www/norloxsolutionscrm.com/wowcrm/vendor/laravel/framework/src/Illuminate/Pipeline/Pipeline.php(209): Illuminate\\Foundation\\Http\\Middleware\\PreventRequestsDuringMaintenance->handle()
#42 /var/www/norloxsolutionscrm.com/wowcrm/vendor/laravel/framework/src/Illuminate/Http/Middleware/HandleCors.php(49): Illuminate\\Pipeline\\Pipeline->Illuminate\\Pipeline\\{closure}()
#43 /var/www/norloxsolutionscrm.com/wowcrm/vendor/laravel/framework/src/Illuminate/Pipeline/Pipeline.php(209): Illuminate\\Http\\Middleware\\HandleCors->handle()
#44 /var/www/norloxsolutionscrm.com/wowcrm/vendor/laravel/framework/src/Illuminate/Http/Middleware/TrustProxies.php(58): Illuminate\\Pipeline\\Pipeline->Illuminate\\Pipeline\\{closure}()
#45 /var/www/norloxsolutionscrm.com/wowcrm/vendor/laravel/framework/src/Illuminate/Pipeline/Pipeline.php(209): Illuminate\\Http\\Middleware\\TrustProxies->handle()
#46 /var/www/norloxsolutionscrm.com/wowcrm/vendor/laravel/framework/src/Illuminate/Foundation/Http/Middleware/InvokeDeferredCallbacks.php(22): Illuminate\\Pipeline\\Pipeline->Illuminate\\Pipeline\\{closure}()
#47 /var/www/norloxsolutionscrm.com/wowcrm/vendor/laravel/framework/src/Illuminate/Pipeline/Pipeline.php(209): Illuminate\\Foundation\\Http\\Middleware\\InvokeDeferredCallbacks->handle()
#48 /var/www/norloxsolutionscrm.com/wowcrm/vendor/laravel/framework/src/Illuminate/Pipeline/Pipeline.php(127): Illuminate\\Pipeline\\Pipeline->Illuminate\\Pipeline\\{closure}()
#49 /var/www/norloxsolutionscrm.com/wowcrm/vendor/laravel/framework/src/Illuminate/Foundation/Http/Kernel.php(176): Illuminate\\Pipeline\\Pipeline->then()
#50 /var/www/norloxsolutionscrm.com/wowcrm/vendor/laravel/framework/src/Illuminate/Foundation/Http/Kernel.php(145): Illuminate\\Foundation\\Http\\Kernel->sendRequestThroughRouter()
#51 /var/www/norloxsolutionscrm.com/wowcrm/vendor/laravel/framework/src/Illuminate/Foundation/Application.php(1220): Illuminate\\Foundation\\Http\\Kernel->handle()
#52 /var/www/norloxsolutionscrm.com/wowcrm/index.php(17): Illuminate\\Foundation\\Application->handleRequest()
#53 {main}
"} 
[2026-03-04 12:39:24] local.ERROR: The archive failed to load with the following error code: 19 {"userId":82,"exception":"[object] (Exception(code: 0): The archive failed to load with the following error code: 19 at /var/www/norloxsolutionscrm.com/wowcrm/vendor/phpoffice/phpword/src/PhpWord/Shared/XMLReader.php:71)
[stacktrace]
#0 /var/www/norloxsolutionscrm.com/wowcrm/vendor/phpoffice/phpword/src/PhpWord/Reader/Word2007.php(169): PhpOffice\\PhpWord\\Shared\\XMLReader->getDomFromZip()
#1 /var/www/norloxsolutionscrm.com/wowcrm/vendor/phpoffice/phpword/src/PhpWord/Reader/Word2007.php(133): PhpOffice\\PhpWord\\Reader\\Word2007->getRels()
#2 /var/www/norloxsolutionscrm.com/wowcrm/vendor/phpoffice/phpword/src/PhpWord/Reader/Word2007.php(48): PhpOffice\\PhpWord\\Reader\\Word2007->readRelationships()
#3 /var/www/norloxsolutionscrm.com/wowcrm/vendor/phpoffice/phpword/src/PhpWord/IOFactory.php(92): PhpOffice\\PhpWord\\Reader\\Word2007->load()
#4 /var/www/norloxsolutionscrm.com/wowcrm/app/Http/Controllers/GoogleSheetController.php(7351): PhpOffice\\PhpWord\\IOFactory::load()
#5 /var/www/norloxsolutionscrm.com/wowcrm/vendor/laravel/framework/src/Illuminate/Routing/ControllerDispatcher.php(47): App\\Http\\Controllers\\GoogleSheetController->viewJuniorResume()
#6 /var/www/norloxsolutionscrm.com/wowcrm/vendor/laravel/framework/src/Illuminate/Routing/Route.php(266): Illuminate\\Routing\\ControllerDispatcher->dispatch()
#7 /var/www/norloxsolutionscrm.com/wowcrm/vendor/laravel/framework/src/Illuminate/Routing/Route.php(212): Illuminate\\Routing\\Route->runController()
#8 /var/www/norloxsolutionscrm.com/wowcrm/vendor/laravel/framework/src/Illuminate/Routing/Router.php(808): Illuminate\\Routing\\Route->run()
#9 /var/www/norloxsolutionscrm.com/wowcrm/vendor/laravel/framework/src/Illuminate/Pipeline/Pipeline.php(170): Illuminate\\Routing\\Router->Illuminate\\Routing\\{closure}()
#10 /var/www/norloxsolutionscrm.com/wowcrm/vendor/laravel/framework/src/Illuminate/Routing/Middleware/SubstituteBindings.php(51): Illuminate\\Pipeline\\Pipeline->Illuminate\\Pipeline\\{closure}()
#11 /var/www/norloxsolutionscrm.com/wowcrm/vendor/laravel/framework/src/Illuminate/Pipeline/Pipeline.php(209): Illuminate\\Routing\\Middleware\\SubstituteBindings->handle()
#12 /var/www/norloxsolutionscrm.com/wowcrm/vendor/laravel/framework/src/Illuminate/Auth/Middleware/Authenticate.php(64): Illuminate\\Pipeline\\Pipeline->Illuminate\\Pipeline\\{closure}()
#13 /var/www/norloxsolutionscrm.com/wowcrm/vendor/laravel/framework/src/Illuminate/Pipeline/Pipeline.php(209): Illuminate\\Auth\\Middleware\\Authenticate->handle()
#14 /var/www/norloxsolutionscrm.com/wowcrm/vendor/laravel/framework/src/Illuminate/Foundation/Http/Middleware/VerifyCsrfToken.php(88): Illuminate\\Pipeline\\Pipeline->Illuminate\\Pipeline\\{closure}()
#15 /var/www/norloxsolutionscrm.com/wowcrm/vendor/laravel/framework/src/Illuminate/Pipeline/Pipeline.php(209): Illuminate\\Foundation\\Http\\Middleware\\VerifyCsrfToken->handle()
#16 /var/www/norloxsolutionscrm.com/wowcrm/vendor/laravel/framework/src/Illuminate/View/Middleware/ShareErrorsFromSession.php(49): Illuminate\\Pipeline\\Pipeline->Illuminate\\Pipeline\\{closure}()
#17 /var/www/norloxsolutionscrm.com/wowcrm/vendor/laravel/framework/src/Illuminate/Pipeline/Pipeline.php(209): Illuminate\\View\\Middleware\\ShareErrorsFromSession->handle()
#18 /var/www/norloxsolutionscrm.com/wowcrm/vendor/laravel/framework/src/Illuminate/Session/Middleware/StartSession.php(121): Illuminate\\Pipeline\\Pipeline->Illuminate\\Pipeline\\{closure}()
#19 /var/www/norloxsolutionscrm.com/wowcrm/vendor/laravel/framework/src/Illuminate/Session/Middleware/StartSession.php(64): Illuminate\\Session\\Middleware\\StartSession->handleStatefulRequest()
#20 /var/www/norloxsolutionscrm.com/wowcrm/vendor/laravel/framework/src/Illuminate/Pipeline/Pipeline.php(209): Illuminate\\Session\\Middleware\\StartSession->handle()
#21 /var/www/norloxsolutionscrm.com/wowcrm/vendor/laravel/framework/src/Illuminate/Cookie/Middleware/AddQueuedCookiesToResponse.php(37): Illuminate\\Pipeline\\Pipeline->Illuminate\\Pipeline\\{closure}()
#22 /var/www/norloxsolutionscrm.com/wowcrm/vendor/laravel/framework/src/Illuminate/Pipeline/Pipeline.php(209): Illuminate\\Cookie\\Middleware\\AddQueuedCookiesToResponse->handle()
#23 /var/www/norloxsolutionscrm.com/wowcrm/vendor/laravel/framework/src/Illuminate/Cookie/Middleware/EncryptCookies.php(75): Illuminate\\Pipeline\\Pipeline->Illuminate\\Pipeline\\{closure}()
#24 /var/www/norloxsolutionscrm.com/wowcrm/vendor/laravel/framework/src/Illuminate/Pipeline/Pipeline.php(209): Illuminate\\Cookie\\Middleware\\EncryptCookies->handle()
#25 /var/www/norloxsolutionscrm.com/wowcrm/vendor/laravel/framework/src/Illuminate/Pipeline/Pipeline.php(127): Illuminate\\Pipeline\\Pipeline->Illuminate\\Pipeline\\{closure}()
#26 /var/www/norloxsolutionscrm.com/wowcrm/vendor/laravel/framework/src/Illuminate/Routing/Router.php(807): Illuminate\\Pipeline\\Pipeline->then()
#27 /var/www/norloxsolutionscrm.com/wowcrm/vendor/laravel/framework/src/Illuminate/Routing/Router.php(786): Illuminate\\Routing\\Router->runRouteWithinStack()
#28 /var/www/norloxsolutionscrm.com/wowcrm/vendor/laravel/framework/src/Illuminate/Routing/Router.php(750): Illuminate\\Routing\\Router->runRoute()
#29 /var/www/norloxsolutionscrm.com/wowcrm/vendor/laravel/framework/src/Illuminate/Routing/Router.php(739): Illuminate\\Routing\\Router->dispatchToRoute()
#30 /var/www/norloxsolutionscrm.com/wowcrm/vendor/laravel/framework/src/Illuminate/Foundation/Http/Kernel.php(201): Illuminate\\Routing\\Router->dispatch()
#31 /var/www/norloxsolutionscrm.com/wowcrm/vendor/laravel/framework/src/Illuminate/Pipeline/Pipeline.php(170): Illuminate\\Foundation\\Http\\Kernel->Illuminate\\Foundation\\Http\\{closure}()
#32 /var/www/norloxsolutionscrm.com/wowcrm/vendor/laravel/framework/src/Illuminate/Foundation/Http/Middleware/TransformsRequest.php(21): Illuminate\\Pipeline\\Pipeline->Illuminate\\Pipeline\\{closure}()
#33 /var/www/norloxsolutionscrm.com/wowcrm/vendor/laravel/framework/src/Illuminate/Foundation/Http/Middleware/ConvertEmptyStringsToNull.php(31): Illuminate\\Foundation\\Http\\Middleware\\TransformsRequest->handle()
#34 /var/www/norloxsolutionscrm.com/wowcrm/vendor/laravel/framework/src/Illuminate/Pipeline/Pipeline.php(209): Illuminate\\Foundation\\Http\\Middleware\\ConvertEmptyStringsToNull->handle()
#35 /var/www/norloxsolutionscrm.com/wowcrm/vendor/laravel/framework/src/Illuminate/Foundation/Http/Middleware/TransformsRequest.php(21): Illuminate\\Pipeline\\Pipeline->Illuminate\\Pipeline\\{closure}()
#36 /var/www/norloxsolutionscrm.com/wowcrm/vendor/laravel/framework/src/Illuminate/Foundation/Http/Middleware/TrimStrings.php(51): Illuminate\\Foundation\\Http\\Middleware\\TransformsRequest->handle()
#37 /var/www/norloxsolutionscrm.com/wowcrm/vendor/laravel/framework/src/Illuminate/Pipeline/Pipeline.php(209): Illuminate\\Foundation\\Http\\Middleware\\TrimStrings->handle()
#38 /var/www/norloxsolutionscrm.com/wowcrm/vendor/laravel/framework/src/Illuminate/Http/Middleware/ValidatePostSize.php(27): Illuminate\\Pipeline\\Pipeline->Illuminate\\Pipeline\\{closure}()
#39 /var/www/norloxsolutionscrm.com/wowcrm/vendor/laravel/framework/src/Illuminate/Pipeline/Pipeline.php(209): Illuminate\\Http\\Middleware\\ValidatePostSize->handle()
#40 /var/www/norloxsolutionscrm.com/wowcrm/vendor/laravel/framework/src/Illuminate/Foundation/Http/Middleware/PreventRequestsDuringMaintenance.php(110): Illuminate\\Pipeline\\Pipeline->Illuminate\\Pipeline\\{closure}()
#41 /var/www/norloxsolutionscrm.com/wowcrm/vendor/laravel/framework/src/Illuminate/Pipeline/Pipeline.php(209): Illuminate\\Foundation\\Http\\Middleware\\PreventRequestsDuringMaintenance->handle()
#42 /var/www/norloxsolutionscrm.com/wowcrm/vendor/laravel/framework/src/Illuminate/Http/Middleware/HandleCors.php(49): Illuminate\\Pipeline\\Pipeline->Illuminate\\Pipeline\\{closure}()
#43 /var/www/norloxsolutionscrm.com/wowcrm/vendor/laravel/framework/src/Illuminate/Pipeline/Pipeline.php(209): Illuminate\\Http\\Middleware\\HandleCors->handle()
#44 /var/www/norloxsolutionscrm.com/wowcrm/vendor/laravel/framework/src/Illuminate/Http/Middleware/TrustProxies.php(58): Illuminate\\Pipeline\\Pipeline->Illuminate\\Pipeline\\{closure}()
#45 /var/www/norloxsolutionscrm.com/wowcrm/vendor/laravel/framework/src/Illuminate/Pipeline/Pipeline.php(209): Illuminate\\Http\\Middleware\\TrustProxies->handle()
#46 /var/www/norloxsolutionscrm.com/wowcrm/vendor/laravel/framework/src/Illuminate/Foundation/Http/Middleware/InvokeDeferredCallbacks.php(22): Illuminate\\Pipeline\\Pipeline->Illuminate\\Pipeline\\{closure}()
#47 /var/www/norloxsolutionscrm.com/wowcrm/vendor/laravel/framework/src/Illuminate/Pipeline/Pipeline.php(209): Illuminate\\Foundation\\Http\\Middleware\\InvokeDeferredCallbacks->handle()
#48 /var/www/norloxsolutionscrm.com/wowcrm/vendor/laravel/framework/src/Illuminate/Pipeline/Pipeline.php(127): Illuminate\\Pipeline\\Pipeline->Illuminate\\Pipeline\\{closure}()
#49 /var/www/norloxsolutionscrm.com/wowcrm/vendor/laravel/framework/src/Illuminate/Foundation/Http/Kernel.php(176): Illuminate\\Pipeline\\Pipeline->then()
#50 /var/www/norloxsolutionscrm.com/wowcrm/vendor/laravel/framework/src/Illuminate/Foundation/Http/Kernel.php(145): Illuminate\\Foundation\\Http\\Kernel->sendRequestThroughRouter()
#51 /var/www/norloxsolutionscrm.com/wowcrm/vendor/laravel/framework/src/Illuminate/Foundation/Application.php(1220): Illuminate\\Foundation\\Http\\Kernel->handle()
#52 /var/www/norloxsolutionscrm.com/wowcrm/index.php(17): Illuminate\\Foundation\\Application->handleRequest()
#53 {main}
"} 
[2026-03-04 12:39:31] local.ERROR: The archive failed to load with the following error code: 19 {"userId":82,"exception":"[object] (Exception(code: 0): The archive failed to load with the following error code: 19 at /var/www/norloxsolutionscrm.com/wowcrm/vendor/phpoffice/phpword/src/PhpWord/Shared/XMLReader.php:71)
[stacktrace]
#0 /var/www/norloxsolutionscrm.com/wowcrm/vendor/phpoffice/phpword/src/PhpWord/Reader/Word2007.php(169): PhpOffice\\PhpWord\\Shared\\XMLReader->getDomFromZip()
#1 /var/www/norloxsolutionscrm.com/wowcrm/vendor/phpoffice/phpword/src/PhpWord/Reader/Word2007.php(133): PhpOffice\\PhpWord\\Reader\\Word2007->getRels()
#2 /var/www/norloxsolutionscrm.com/wowcrm/vendor/phpoffice/phpword/src/PhpWord/Reader/Word2007.php(48): PhpOffice\\PhpWord\\Reader\\Word2007->readRelationships()
#3 /var/www/norloxsolutionscrm.com/wowcrm/vendor/phpoffice/phpword/src/PhpWord/IOFactory.php(92): PhpOffice\\PhpWord\\Reader\\Word2007->load()
#4 /var/www/norloxsolutionscrm.com/wowcrm/app/Http/Controllers/GoogleSheetController.php(7351): PhpOffice\\PhpWord\\IOFactory::load()
#5 /var/www/norloxsolutionscrm.com/wowcrm/vendor/laravel/framework/src/Illuminate/Routing/ControllerDispatcher.php(47): App\\Http\\Controllers\\GoogleSheetController->viewJuniorResume()
#6 /var/www/norloxsolutionscrm.com/wowcrm/vendor/laravel/framework/src/Illuminate/Routing/Route.php(266): Illuminate\\Routing\\ControllerDispatcher->dispatch()
#7 /var/www/norloxsolutionscrm.com/wowcrm/vendor/laravel/framework/src/Illuminate/Routing/Route.php(212): Illuminate\\Routing\\Route->runController()
#8 /var/www/norloxsolutionscrm.com/wowcrm/vendor/laravel/framework/src/Illuminate/Routing/Router.php(808): Illuminate\\Routing\\Route->run()
#9 /var/www/norloxsolutionscrm.com/wowcrm/vendor/laravel/framework/src/Illuminate/Pipeline/Pipeline.php(170): Illuminate\\Routing\\Router->Illuminate\\Routing\\{closure}()
#10 /var/www/norloxsolutionscrm.com/wowcrm/vendor/laravel/framework/src/Illuminate/Routing/Middleware/SubstituteBindings.php(51): Illuminate\\Pipeline\\Pipeline->Illuminate\\Pipeline\\{closure}()
#11 /var/www/norloxsolutionscrm.com/wowcrm/vendor/laravel/framework/src/Illuminate/Pipeline/Pipeline.php(209): Illuminate\\Routing\\Middleware\\SubstituteBindings->handle()
#12 /var/www/norloxsolutionscrm.com/wowcrm/vendor/laravel/framework/src/Illuminate/Auth/Middleware/Authenticate.php(64): Illuminate\\Pipeline\\Pipeline->Illuminate\\Pipeline\\{closure}()
#13 /var/www/norloxsolutionscrm.com/wowcrm/vendor/laravel/framework/src/Illuminate/Pipeline/Pipeline.php(209): Illuminate\\Auth\\Middleware\\Authenticate->handle()
#14 /var/www/norloxsolutionscrm.com/wowcrm/vendor/laravel/framework/src/Illuminate/Foundation/Http/Middleware/VerifyCsrfToken.php(88): Illuminate\\Pipeline\\Pipeline->Illuminate\\Pipeline\\{closure}()
#15 /var/www/norloxsolutionscrm.com/wowcrm/vendor/laravel/framework/src/Illuminate/Pipeline/Pipeline.php(209): Illuminate\\Foundation\\Http\\Middleware\\VerifyCsrfToken->handle()
#16 /var/www/norloxsolutionscrm.com/wowcrm/vendor/laravel/framework/src/Illuminate/View/Middleware/ShareErrorsFromSession.php(49): Illuminate\\Pipeline\\Pipeline->Illuminate\\Pipeline\\{closure}()
#17 /var/www/norloxsolutionscrm.com/wowcrm/vendor/laravel/framework/src/Illuminate/Pipeline/Pipeline.php(209): Illuminate\\View\\Middleware\\ShareErrorsFromSession->handle()
#18 /var/www/norloxsolutionscrm.com/wowcrm/vendor/laravel/framework/src/Illuminate/Session/Middleware/StartSession.php(121): Illuminate\\Pipeline\\Pipeline->Illuminate\\Pipeline\\{closure}()
#19 /var/www/norloxsolutionscrm.com/wowcrm/vendor/laravel/framework/src/Illuminate/Session/Middleware/StartSession.php(64): Illuminate\\Session\\Middleware\\StartSession->handleStatefulRequest()
#20 /var/www/norloxsolutionscrm.com/wowcrm/vendor/laravel/framework/src/Illuminate/Pipeline/Pipeline.php(209): Illuminate\\Session\\Middleware\\StartSession->handle()
#21 /var/www/norloxsolutionscrm.com/wowcrm/vendor/laravel/framework/src/Illuminate/Cookie/Middleware/AddQueuedCookiesToResponse.php(37): Illuminate\\Pipeline\\Pipeline->Illuminate\\Pipeline\\{closure}()
#22 /var/www/norloxsolutionscrm.com/wowcrm/vendor/laravel/framework/src/Illuminate/Pipeline/Pipeline.php(209): Illuminate\\Cookie\\Middleware\\AddQueuedCookiesToResponse->handle()
#23 /var/www/norloxsolutionscrm.com/wowcrm/vendor/laravel/framework/src/Illuminate/Cookie/Middleware/EncryptCookies.php(75): Illuminate\\Pipeline\\Pipeline->Illuminate\\Pipeline\\{closure}()
#24 /var/www/norloxsolutionscrm.com/wowcrm/vendor/laravel/framework/src/Illuminate/Pipeline/Pipeline.php(209): Illuminate\\Cookie\\Middleware\\EncryptCookies->handle()
#25 /var/www/norloxsolutionscrm.com/wowcrm/vendor/laravel/framework/src/Illuminate/Pipeline/Pipeline.php(127): Illuminate\\Pipeline\\Pipeline->Illuminate\\Pipeline\\{closure}()
#26 /var/www/norloxsolutionscrm.com/wowcrm/vendor/laravel/framework/src/Illuminate/Routing/Router.php(807): Illuminate\\Pipeline\\Pipeline->then()
#27 /var/www/norloxsolutionscrm.com/wowcrm/vendor/laravel/framework/src/Illuminate/Routing/Router.php(786): Illuminate\\Routing\\Router->runRouteWithinStack()
#28 /var/www/norloxsolutionscrm.com/wowcrm/vendor/laravel/framework/src/Illuminate/Routing/Router.php(750): Illuminate\\Routing\\Router->runRoute()
#29 /var/www/norloxsolutionscrm.com/wowcrm/vendor/laravel/framework/src/Illuminate/Routing/Router.php(739): Illuminate\\Routing\\Router->dispatchToRoute()
#30 /var/www/norloxsolutionscrm.com/wowcrm/vendor/laravel/framework/src/Illuminate/Foundation/Http/Kernel.php(201): Illuminate\\Routing\\Router->dispatch()
#31 /var/www/norloxsolutionscrm.com/wowcrm/vendor/laravel/framework/src/Illuminate/Pipeline/Pipeline.php(170): Illuminate\\Foundation\\Http\\Kernel->Illuminate\\Foundation\\Http\\{closure}()
#32 /var/www/norloxsolutionscrm.com/wowcrm/vendor/laravel/framework/src/Illuminate/Foundation/Http/Middleware/TransformsRequest.php(21): Illuminate\\Pipeline\\Pipeline->Illuminate\\Pipeline\\{closure}()
#33 /var/www/norloxsolutionscrm.com/wowcrm/vendor/laravel/framework/src/Illuminate/Foundation/Http/Middleware/ConvertEmptyStringsToNull.php(31): Illuminate\\Foundation\\Http\\Middleware\\TransformsRequest->handle()
#34 /var/www/norloxsolutionscrm.com/wowcrm/vendor/laravel/framework/src/Illuminate/Pipeline/Pipeline.php(209): Illuminate\\Foundation\\Http\\Middleware\\ConvertEmptyStringsToNull->handle()
#35 /var/www/norloxsolutionscrm.com/wowcrm/vendor/laravel/framework/src/Illuminate/Foundation/Http/Middleware/TransformsRequest.php(21): Illuminate\\Pipeline\\Pipeline->Illuminate\\Pipeline\\{closure}()
#36 /var/www/norloxsolutionscrm.com/wowcrm/vendor/laravel/framework/src/Illuminate/Foundation/Http/Middleware/TrimStrings.php(51): Illuminate\\Foundation\\Http\\Middleware\\TransformsRequest->handle()
#37 /var/www/norloxsolutionscrm.com/wowcrm/vendor/laravel/framework/src/Illuminate/Pipeline/Pipeline.php(209): Illuminate\\Foundation\\Http\\Middleware\\TrimStrings->handle()
#38 /var/www/norloxsolutionscrm.com/wowcrm/vendor/laravel/framework/src/Illuminate/Http/Middleware/ValidatePostSize.php(27): Illuminate\\Pipeline\\Pipeline->Illuminate\\Pipeline\\{closure}()
#39 /var/www/norloxsolutionscrm.com/wowcrm/vendor/laravel/framework/src/Illuminate/Pipeline/Pipeline.php(209): Illuminate\\Http\\Middleware\\ValidatePostSize->handle()
#40 /var/www/norloxsolutionscrm.com/wowcrm/vendor/laravel/framework/src/Illuminate/Foundation/Http/Middleware/PreventRequestsDuringMaintenance.php(110): Illuminate\\Pipeline\\Pipeline->Illuminate\\Pipeline\\{closure}()
#41 /var/www/norloxsolutionscrm.com/wowcrm/vendor/laravel/framework/src/Illuminate/Pipeline/Pipeline.php(209): Illuminate\\Foundation\\Http\\Middleware\\PreventRequestsDuringMaintenance->handle()
#42 /var/www/norloxsolutionscrm.com/wowcrm/vendor/laravel/framework/src/Illuminate/Http/Middleware/HandleCors.php(49): Illuminate\\Pipeline\\Pipeline->Illuminate\\Pipeline\\{closure}()
#43 /var/www/norloxsolutionscrm.com/wowcrm/vendor/laravel/framework/src/Illuminate/Pipeline/Pipeline.php(209): Illuminate\\Http\\Middleware\\HandleCors->handle()
#44 /var/www/norloxsolutionscrm.com/wowcrm/vendor/laravel/framework/src/Illuminate/Http/Middleware/TrustProxies.php(58): Illuminate\\Pipeline\\Pipeline->Illuminate\\Pipeline\\{closure}()
#45 /var/www/norloxsolutionscrm.com/wowcrm/vendor/laravel/framework/src/Illuminate/Pipeline/Pipeline.php(209): Illuminate\\Http\\Middleware\\TrustProxies->handle()
#46 /var/www/norloxsolutionscrm.com/wowcrm/vendor/laravel/framework/src/Illuminate/Foundation/Http/Middleware/InvokeDeferredCallbacks.php(22): Illuminate\\Pipeline\\Pipeline->Illuminate\\Pipeline\\{closure}()
#47 /var/www/norloxsolutionscrm.com/wowcrm/vendor/laravel/framework/src/Illuminate/Pipeline/Pipeline.php(209): Illuminate\\Foundation\\Http\\Middleware\\InvokeDeferredCallbacks->handle()
#48 /var/www/norloxsolutionscrm.com/wowcrm/vendor/laravel/framework/src/Illuminate/Pipeline/Pipeline.php(127): Illuminate\\Pipeline\\Pipeline->Illuminate\\Pipeline\\{closure}()
#49 /var/www/norloxsolutionscrm.com/wowcrm/vendor/laravel/framework/src/Illuminate/Foundation/Http/Kernel.php(176): Illuminate\\Pipeline\\Pipeline->then()
#50 /var/www/norloxsolutionscrm.com/wowcrm/vendor/laravel/framework/src/Illuminate/Foundation/Http/Kernel.php(145): Illuminate\\Foundation\\Http\\Kernel->sendRequestThroughRouter()
#51 /var/www/norloxsolutionscrm.com/wowcrm/vendor/laravel/framework/src/Illuminate/Foundation/Application.php(1220): Illuminate\\Foundation\\Http\\Kernel->handle()
#52 /var/www/norloxsolutionscrm.com/wowcrm/index.php(17): Illuminate\\Foundation\\Application->handleRequest()
#53 {main}
"} 
[2026-03-09 10:59:48] local.ERROR: SQLSTATE[01000]: Warning: 1265 Data truncated for column 'gender' at row 1 (Connection: mysql, SQL: insert into `users` (`name`, `email`, `phone`, `gender`, `role`, `password`, `status`, `updated_at`, `created_at`) values (Ayushi Bhakat, ayushi@thetechsystem.com, ?, Caller, junior, $2y$12$5uNnm/tHNG0GE5eOecF0Iu5dnGsmSXkJJpNaL/C4L6mQOi1lf47gW, 1, 2026-03-09 10:59:48, 2026-03-09 10:59:48)) {"userId":1,"exception":"[object] (Illuminate\\Database\\QueryException(code: 01000): SQLSTATE[01000]: Warning: 1265 Data truncated for column 'gender' at row 1 (Connection: mysql, SQL: insert into `users` (`name`, `email`, `phone`, `gender`, `role`, `password`, `status`, `updated_at`, `created_at`) values (Ayushi Bhakat, ayushi@thetechsystem.com, ?, Caller, junior, $2y$12$5uNnm/tHNG0GE5eOecF0Iu5dnGsmSXkJJpNaL/C4L6mQOi1lf47gW, 1, 2026-03-09 10:59:48, 2026-03-09 10:59:48)) at /var/www/norloxsolutionscrm.com/wowcrm/vendor/laravel/framework/src/Illuminate/Database/Connection.php:825)
[stacktrace]
#0 /var/www/norloxsolutionscrm.com/wowcrm/vendor/laravel/framework/src/Illuminate/Database/Connection.php(779): Illuminate\\Database\\Connection->runQueryCallback()
#1 /var/www/norloxsolutionscrm.com/wowcrm/vendor/laravel/framework/src/Illuminate/Database/MySqlConnection.php(42): Illuminate\\Database\\Connection->run()
#2 /var/www/norloxsolutionscrm.com/wowcrm/vendor/laravel/framework/src/Illuminate/Database/Query/Processors/MySqlProcessor.php(35): Illuminate\\Database\\MySqlConnection->insert()
#3 /var/www/norloxsolutionscrm.com/wowcrm/vendor/laravel/framework/src/Illuminate/Database/Query/Builder.php(3766): Illuminate\\Database\\Query\\Processors\\MySqlProcessor->processInsertGetId()
#4 /var/www/norloxsolutionscrm.com/wowcrm/vendor/laravel/framework/src/Illuminate/Database/Eloquent/Builder.php(2120): Illuminate\\Database\\Query\\Builder->insertGetId()
#5 /var/www/norloxsolutionscrm.com/wowcrm/vendor/laravel/framework/src/Illuminate/Database/Eloquent/Model.php(1359): Illuminate\\Database\\Eloquent\\Builder->__call()
#6 /var/www/norloxsolutionscrm.com/wowcrm/vendor/laravel/framework/src/Illuminate/Database/Eloquent/Model.php(1324): Illuminate\\Database\\Eloquent\\Model->insertAndSetId()
#7 /var/www/norloxsolutionscrm.com/wowcrm/vendor/laravel/framework/src/Illuminate/Database/Eloquent/Model.php(1163): Illuminate\\Database\\Eloquent\\Model->performInsert()
#8 /var/www/norloxsolutionscrm.com/wowcrm/vendor/laravel/framework/src/Illuminate/Database/Eloquent/Builder.php(1128): Illuminate\\Database\\Eloquent\\Model->save()
#9 /var/www/norloxsolutionscrm.com/wowcrm/vendor/laravel/framework/src/Illuminate/Support/helpers.php(399): Illuminate\\Database\\Eloquent\\Builder->Illuminate\\Database\\Eloquent\\{closure}()
#10 /var/www/norloxsolutionscrm.com/wowcrm/vendor/laravel/framework/src/Illuminate/Database/Eloquent/Builder.php(1127): tap()
#11 /var/www/norloxsolutionscrm.com/wowcrm/vendor/laravel/framework/src/Illuminate/Support/Traits/ForwardsCalls.php(23): Illuminate\\Database\\Eloquent\\Builder->create()
#12 /var/www/norloxsolutionscrm.com/wowcrm/vendor/laravel/framework/src/Illuminate/Database/Eloquent/Model.php(2372): Illuminate\\Database\\Eloquent\\Model->forwardCallTo()
#13 /var/www/norloxsolutionscrm.com/wowcrm/vendor/laravel/framework/src/Illuminate/Database/Eloquent/Model.php(2384): Illuminate\\Database\\Eloquent\\Model->__call()
#14 /var/www/norloxsolutionscrm.com/wowcrm/app/Http/Controllers/UserController.php(337): Illuminate\\Database\\Eloquent\\Model::__callStatic()
#15 /var/www/norloxsolutionscrm.com/wowcrm/vendor/laravel/framework/src/Illuminate/Routing/ControllerDispatcher.php(47): App\\Http\\Controllers\\UserController->seniorstore()
#16 /var/www/norloxsolutionscrm.com/wowcrm/vendor/laravel/framework/src/Illuminate/Routing/Route.php(266): Illuminate\\Routing\\ControllerDispatcher->dispatch()
#17 /var/www/norloxsolutionscrm.com/wowcrm/vendor/laravel/framework/src/Illuminate/Routing/Route.php(212): Illuminate\\Routing\\Route->runController()
#18 /var/www/norloxsolutionscrm.com/wowcrm/vendor/laravel/framework/src/Illuminate/Routing/Router.php(808): Illuminate\\Routing\\Route->run()
#19 /var/www/norloxsolutionscrm.com/wowcrm/vendor/laravel/framework/src/Illuminate/Pipeline/Pipeline.php(170): Illuminate\\Routing\\Router->Illuminate\\Routing\\{closure}()
#20 /var/www/norloxsolutionscrm.com/wowcrm/vendor/laravel/framework/src/Illuminate/Routing/Middleware/SubstituteBindings.php(51): Illuminate\\Pipeline\\Pipeline->Illuminate\\Pipeline\\{closure}()
#21 /var/www/norloxsolutionscrm.com/wowcrm/vendor/laravel/framework/src/Illuminate/Pipeline/Pipeline.php(209): Illuminate\\Routing\\Middleware\\SubstituteBindings->handle()
#22 /var/www/norloxsolutionscrm.com/wowcrm/vendor/laravel/framework/src/Illuminate/Auth/Middleware/Authenticate.php(64): Illuminate\\Pipeline\\Pipeline->Illuminate\\Pipeline\\{closure}()
#23 /var/www/norloxsolutionscrm.com/wowcrm/vendor/laravel/framework/src/Illuminate/Pipeline/Pipeline.php(209): Illuminate\\Auth\\Middleware\\Authenticate->handle()
#24 /var/www/norloxsolutionscrm.com/wowcrm/vendor/laravel/framework/src/Illuminate/Foundation/Http/Middleware/VerifyCsrfToken.php(88): Illuminate\\Pipeline\\Pipeline->Illuminate\\Pipeline\\{closure}()
#25 /var/www/norloxsolutionscrm.com/wowcrm/vendor/laravel/framework/src/Illuminate/Pipeline/Pipeline.php(209): Illuminate\\Foundation\\Http\\Middleware\\VerifyCsrfToken->handle()
#26 /var/www/norloxsolutionscrm.com/wowcrm/vendor/laravel/framework/src/Illuminate/View/Middleware/ShareErrorsFromSession.php(49): Illuminate\\Pipeline\\Pipeline->Illuminate\\Pipeline\\{closure}()
#27 /var/www/norloxsolutionscrm.com/wowcrm/vendor/laravel/framework/src/Illuminate/Pipeline/Pipeline.php(209): Illuminate\\View\\Middleware\\ShareErrorsFromSession->handle()
#28 /var/www/norloxsolutionscrm.com/wowcrm/vendor/laravel/framework/src/Illuminate/Session/Middleware/StartSession.php(121): Illuminate\\Pipeline\\Pipeline->Illuminate\\Pipeline\\{closure}()
#29 /var/www/norloxsolutionscrm.com/wowcrm/vendor/laravel/framework/src/Illuminate/Session/Middleware/StartSession.php(64): Illuminate\\Session\\Middleware\\StartSession->handleStatefulRequest()
#30 /var/www/norloxsolutionscrm.com/wowcrm/vendor/laravel/framework/src/Illuminate/Pipeline/Pipeline.php(209): Illuminate\\Session\\Middleware\\StartSession->handle()
#31 /var/www/norloxsolutionscrm.com/wowcrm/vendor/laravel/framework/src/Illuminate/Cookie/Middleware/AddQueuedCookiesToResponse.php(37): Illuminate\\Pipeline\\Pipeline->Illuminate\\Pipeline\\{closure}()
#32 /var/www/norloxsolutionscrm.com/wowcrm/vendor/laravel/framework/src/Illuminate/Pipeline/Pipeline.php(209): Illuminate\\Cookie\\Middleware\\AddQueuedCookiesToResponse->handle()
#33 /var/www/norloxsolutionscrm.com/wowcrm/vendor/laravel/framework/src/Illuminate/Cookie/Middleware/EncryptCookies.php(75): Illuminate\\Pipeline\\Pipeline->Illuminate\\Pipeline\\{closure}()
#34 /var/www/norloxsolutionscrm.com/wowcrm/vendor/laravel/framework/src/Illuminate/Pipeline/Pipeline.php(209): Illuminate\\Cookie\\Middleware\\EncryptCookies->handle()
#35 /var/www/norloxsolutionscrm.com/wowcrm/vendor/laravel/framework/src/Illuminate/Pipeline/Pipeline.php(127): Illuminate\\Pipeline\\Pipeline->Illuminate\\Pipeline\\{closure}()
#36 /var/www/norloxsolutionscrm.com/wowcrm/vendor/laravel/framework/src/Illuminate/Routing/Router.php(807): Illuminate\\Pipeline\\Pipeline->then()
#37 /var/www/norloxsolutionscrm.com/wowcrm/vendor/laravel/framework/src/Illuminate/Routing/Router.php(786): Illuminate\\Routing\\Router->runRouteWithinStack()
#38 /var/www/norloxsolutionscrm.com/wowcrm/vendor/laravel/framework/src/Illuminate/Routing/Router.php(750): Illuminate\\Routing\\Router->runRoute()
#39 /var/www/norloxsolutionscrm.com/wowcrm/vendor/laravel/framework/src/Illuminate/Routing/Router.php(739): Illuminate\\Routing\\Router->dispatchToRoute()
#40 /var/www/norloxsolutionscrm.com/wowcrm/vendor/laravel/framework/src/Illuminate/Foundation/Http/Kernel.php(201): Illuminate\\Routing\\Router->dispatch()
#41 /var/www/norloxsolutionscrm.com/wowcrm/vendor/laravel/framework/src/Illuminate/Pipeline/Pipeline.php(170): Illuminate\\Foundation\\Http\\Kernel->Illuminate\\Foundation\\Http\\{closure}()
#42 /var/www/norloxsolutionscrm.com/wowcrm/vendor/laravel/framework/src/Illuminate/Foundation/Http/Middleware/TransformsRequest.php(21): Illuminate\\Pipeline\\Pipeline->Illuminate\\Pipeline\\{closure}()
#43 /var/www/norloxsolutionscrm.com/wowcrm/vendor/laravel/framework/src/Illuminate/Foundation/Http/Middleware/ConvertEmptyStringsToNull.php(31): Illuminate\\Foundation\\Http\\Middleware\\TransformsRequest->handle()
#44 /var/www/norloxsolutionscrm.com/wowcrm/vendor/laravel/framework/src/Illuminate/Pipeline/Pipeline.php(209): Illuminate\\Foundation\\Http\\Middleware\\ConvertEmptyStringsToNull->handle()
#45 /var/www/norloxsolutionscrm.com/wowcrm/vendor/laravel/framework/src/Illuminate/Foundation/Http/Middleware/TransformsRequest.php(21): Illuminate\\Pipeline\\Pipeline->Illuminate\\Pipeline\\{closure}()
#46 /var/www/norloxsolutionscrm.com/wowcrm/vendor/laravel/framework/src/Illuminate/Foundation/Http/Middleware/TrimStrings.php(51): Illuminate\\Foundation\\Http\\Middleware\\TransformsRequest->handle()
#47 /var/www/norloxsolutionscrm.com/wowcrm/vendor/laravel/framework/src/Illuminate/Pipeline/Pipeline.php(209): Illuminate\\Foundation\\Http\\Middleware\\TrimStrings->handle()
#48 /var/www/norloxsolutionscrm.com/wowcrm/vendor/laravel/framework/src/Illuminate/Http/Middleware/ValidatePostSize.php(27): Illuminate\\Pipeline\\Pipeline->Illuminate\\Pipeline\\{closure}()
#49 /var/www/norloxsolutionscrm.com/wowcrm/vendor/laravel/framework/src/Illuminate/Pipeline/Pipeline.php(209): Illuminate\\Http\\Middleware\\ValidatePostSize->handle()
#50 /var/www/norloxsolutionscrm.com/wowcrm/vendor/laravel/framework/src/Illuminate/Foundation/Http/Middleware/PreventRequestsDuringMaintenance.php(110): Illuminate\\Pipeline\\Pipeline->Illuminate\\Pipeline\\{closure}()
#51 /var/www/norloxsolutionscrm.com/wowcrm/vendor/laravel/framework/src/Illuminate/Pipeline/Pipeline.php(209): Illuminate\\Foundation\\Http\\Middleware\\PreventRequestsDuringMaintenance->handle()
#52 /var/www/norloxsolutionscrm.com/wowcrm/vendor/laravel/framework/src/Illuminate/Http/Middleware/HandleCors.php(49): Illuminate\\Pipeline\\Pipeline->Illuminate\\Pipeline\\{closure}()
#53 /var/www/norloxsolutionscrm.com/wowcrm/vendor/laravel/framework/src/Illuminate/Pipeline/Pipeline.php(209): Illuminate\\Http\\Middleware\\HandleCors->handle()
#54 /var/www/norloxsolutionscrm.com/wowcrm/vendor/laravel/framework/src/Illuminate/Http/Middleware/TrustProxies.php(58): Illuminate\\Pipeline\\Pipeline->Illuminate\\Pipeline\\{closure}()
#55 /var/www/norloxsolutionscrm.com/wowcrm/vendor/laravel/framework/src/Illuminate/Pipeline/Pipeline.php(209): Illuminate\\Http\\Middleware\\TrustProxies->handle()
#56 /var/www/norloxsolutionscrm.com/wowcrm/vendor/laravel/framework/src/Illuminate/Foundation/Http/Middleware/InvokeDeferredCallbacks.php(22): Illuminate\\Pipeline\\Pipeline->Illuminate\\Pipeline\\{closure}()
#57 /var/www/norloxsolutionscrm.com/wowcrm/vendor/laravel/framework/src/Illuminate/Pipeline/Pipeline.php(209): Illuminate\\Foundation\\Http\\Middleware\\InvokeDeferredCallbacks->handle()
#58 /var/www/norloxsolutionscrm.com/wowcrm/vendor/laravel/framework/src/Illuminate/Pipeline/Pipeline.php(127): Illuminate\\Pipeline\\Pipeline->Illuminate\\Pipeline\\{closure}()
#59 /var/www/norloxsolutionscrm.com/wowcrm/vendor/laravel/framework/src/Illuminate/Foundation/Http/Kernel.php(176): Illuminate\\Pipeline\\Pipeline->then()
#60 /var/www/norloxsolutionscrm.com/wowcrm/vendor/laravel/framework/src/Illuminate/Foundation/Http/Kernel.php(145): Illuminate\\Foundation\\Http\\Kernel->sendRequestThroughRouter()
#61 /var/www/norloxsolutionscrm.com/wowcrm/vendor/laravel/framework/src/Illuminate/Foundation/Application.php(1220): Illuminate\\Foundation\\Http\\Kernel->handle()
#62 /var/www/norloxsolutionscrm.com/wowcrm/index.php(17): Illuminate\\Foundation\\Application->handleRequest()
#63 {main}

[previous exception] [object] (PDOException(code: 01000): SQLSTATE[01000]: Warning: 1265 Data truncated for column 'gender' at row 1 at /var/www/norloxsolutionscrm.com/wowcrm/vendor/laravel/framework/src/Illuminate/Database/MySqlConnection.php:53)
[stacktrace]
#0 /var/www/norloxsolutionscrm.com/wowcrm/vendor/laravel/framework/src/Illuminate/Database/MySqlConnection.php(53): PDOStatement->execute()
#1 /var/www/norloxsolutionscrm.com/wowcrm/vendor/laravel/framework/src/Illuminate/Database/Connection.php(812): Illuminate\\Database\\MySqlConnection->Illuminate\\Database\\{closure}()
#2 /var/www/norloxsolutionscrm.com/wowcrm/vendor/laravel/framework/src/Illuminate/Database/Connection.php(779): Illuminate\\Database\\Connection->runQueryCallback()
#3 /var/www/norloxsolutionscrm.com/wowcrm/vendor/laravel/framework/src/Illuminate/Database/MySqlConnection.php(42): Illuminate\\Database\\Connection->run()
#4 /var/www/norloxsolutionscrm.com/wowcrm/vendor/laravel/framework/src/Illuminate/Database/Query/Processors/MySqlProcessor.php(35): Illuminate\\Database\\MySqlConnection->insert()
#5 /var/www/norloxsolutionscrm.com/wowcrm/vendor/laravel/framework/src/Illuminate/Database/Query/Builder.php(3766): Illuminate\\Database\\Query\\Processors\\MySqlProcessor->processInsertGetId()
#6 /var/www/norloxsolutionscrm.com/wowcrm/vendor/laravel/framework/src/Illuminate/Database/Eloquent/Builder.php(2120): Illuminate\\Database\\Query\\Builder->insertGetId()
#7 /var/www/norloxsolutionscrm.com/wowcrm/vendor/laravel/framework/src/Illuminate/Database/Eloquent/Model.php(1359): Illuminate\\Database\\Eloquent\\Builder->__call()
#8 /var/www/norloxsolutionscrm.com/wowcrm/vendor/laravel/framework/src/Illuminate/Database/Eloquent/Model.php(1324): Illuminate\\Database\\Eloquent\\Model->insertAndSetId()
#9 /var/www/norloxsolutionscrm.com/wowcrm/vendor/laravel/framework/src/Illuminate/Database/Eloquent/Model.php(1163): Illuminate\\Database\\Eloquent\\Model->performInsert()
#10 /var/www/norloxsolutionscrm.com/wowcrm/vendor/laravel/framework/src/Illuminate/Database/Eloquent/Builder.php(1128): Illuminate\\Database\\Eloquent\\Model->save()
#11 /var/www/norloxsolutionscrm.com/wowcrm/vendor/laravel/framework/src/Illuminate/Support/helpers.php(399): Illuminate\\Database\\Eloquent\\Builder->Illuminate\\Database\\Eloquent\\{closure}()
#12 /var/www/norloxsolutionscrm.com/wowcrm/vendor/laravel/framework/src/Illuminate/Database/Eloquent/Builder.php(1127): tap()
#13 /var/www/norloxsolutionscrm.com/wowcrm/vendor/laravel/framework/src/Illuminate/Support/Traits/ForwardsCalls.php(23): Illuminate\\Database\\Eloquent\\Builder->create()
#14 /var/www/norloxsolutionscrm.com/wowcrm/vendor/laravel/framework/src/Illuminate/Database/Eloquent/Model.php(2372): Illuminate\\Database\\Eloquent\\Model->forwardCallTo()
#15 /var/www/norloxsolutionscrm.com/wowcrm/vendor/laravel/framework/src/Illuminate/Database/Eloquent/Model.php(2384): Illuminate\\Database\\Eloquent\\Model->__call()
#16 /var/www/norloxsolutionscrm.com/wowcrm/app/Http/Controllers/UserController.php(337): Illuminate\\Database\\Eloquent\\Model::__callStatic()
#17 /var/www/norloxsolutionscrm.com/wowcrm/vendor/laravel/framework/src/Illuminate/Routing/ControllerDispatcher.php(47): App\\Http\\Controllers\\UserController->seniorstore()
#18 /var/www/norloxsolutionscrm.com/wowcrm/vendor/laravel/framework/src/Illuminate/Routing/Route.php(266): Illuminate\\Routing\\ControllerDispatcher->dispatch()
#19 /var/www/norloxsolutionscrm.com/wowcrm/vendor/laravel/framework/src/Illuminate/Routing/Route.php(212): Illuminate\\Routing\\Route->runController()
#20 /var/www/norloxsolutionscrm.com/wowcrm/vendor/laravel/framework/src/Illuminate/Routing/Router.php(808): Illuminate\\Routing\\Route->run()
#21 /var/www/norloxsolutionscrm.com/wowcrm/vendor/laravel/framework/src/Illuminate/Pipeline/Pipeline.php(170): Illuminate\\Routing\\Router->Illuminate\\Routing\\{closure}()
#22 /var/www/norloxsolutionscrm.com/wowcrm/vendor/laravel/framework/src/Illuminate/Routing/Middleware/SubstituteBindings.php(51): Illuminate\\Pipeline\\Pipeline->Illuminate\\Pipeline\\{closure}()
#23 /var/www/norloxsolutionscrm.com/wowcrm/vendor/laravel/framework/src/Illuminate/Pipeline/Pipeline.php(209): Illuminate\\Routing\\Middleware\\SubstituteBindings->handle()
#24 /var/www/norloxsolutionscrm.com/wowcrm/vendor/laravel/framework/src/Illuminate/Auth/Middleware/Authenticate.php(64): Illuminate\\Pipeline\\Pipeline->Illuminate\\Pipeline\\{closure}()
#25 /var/www/norloxsolutionscrm.com/wowcrm/vendor/laravel/framework/src/Illuminate/Pipeline/Pipeline.php(209): Illuminate\\Auth\\Middleware\\Authenticate->handle()
#26 /var/www/norloxsolutionscrm.com/wowcrm/vendor/laravel/framework/src/Illuminate/Foundation/Http/Middleware/VerifyCsrfToken.php(88): Illuminate\\Pipeline\\Pipeline->Illuminate\\Pipeline\\{closure}()
#27 /var/www/norloxsolutionscrm.com/wowcrm/vendor/laravel/framework/src/Illuminate/Pipeline/Pipeline.php(209): Illuminate\\Foundation\\Http\\Middleware\\VerifyCsrfToken->handle()
#28 /var/www/norloxsolutionscrm.com/wowcrm/vendor/laravel/framework/src/Illuminate/View/Middleware/ShareErrorsFromSession.php(49): Illuminate\\Pipeline\\Pipeline->Illuminate\\Pipeline\\{closure}()
#29 /var/www/norloxsolutionscrm.com/wowcrm/vendor/laravel/framework/src/Illuminate/Pipeline/Pipeline.php(209): Illuminate\\View\\Middleware\\ShareErrorsFromSession->handle()
#30 /var/www/norloxsolutionscrm.com/wowcrm/vendor/laravel/framework/src/Illuminate/Session/Middleware/StartSession.php(121): Illuminate\\Pipeline\\Pipeline->Illuminate\\Pipeline\\{closure}()
#31 /var/www/norloxsolutionscrm.com/wowcrm/vendor/laravel/framework/src/Illuminate/Session/Middleware/StartSession.php(64): Illuminate\\Session\\Middleware\\StartSession->handleStatefulRequest()
#32 /var/www/norloxsolutionscrm.com/wowcrm/vendor/laravel/framework/src/Illuminate/Pipeline/Pipeline.php(209): Illuminate\\Session\\Middleware\\StartSession->handle()
#33 /var/www/norloxsolutionscrm.com/wowcrm/vendor/laravel/framework/src/Illuminate/Cookie/Middleware/AddQueuedCookiesToResponse.php(37): Illuminate\\Pipeline\\Pipeline->Illuminate\\Pipeline\\{closure}()
#34 /var/www/norloxsolutionscrm.com/wowcrm/vendor/laravel/framework/src/Illuminate/Pipeline/Pipeline.php(209): Illuminate\\Cookie\\Middleware\\AddQueuedCookiesToResponse->handle()
#35 /var/www/norloxsolutionscrm.com/wowcrm/vendor/laravel/framework/src/Illuminate/Cookie/Middleware/EncryptCookies.php(75): Illuminate\\Pipeline\\Pipeline->Illuminate\\Pipeline\\{closure}()
#36 /var/www/norloxsolutionscrm.com/wowcrm/vendor/laravel/framework/src/Illuminate/Pipeline/Pipeline.php(209): Illuminate\\Cookie\\Middleware\\EncryptCookies->handle()
#37 /var/www/norloxsolutionscrm.com/wowcrm/vendor/laravel/framework/src/Illuminate/Pipeline/Pipeline.php(127): Illuminate\\Pipeline\\Pipeline->Illuminate\\Pipeline\\{closure}()
#38 /var/www/norloxsolutionscrm.com/wowcrm/vendor/laravel/framework/src/Illuminate/Routing/Router.php(807): Illuminate\\Pipeline\\Pipeline->then()
#39 /var/www/norloxsolutionscrm.com/wowcrm/vendor/laravel/framework/src/Illuminate/Routing/Router.php(786): Illuminate\\Routing\\Router->runRouteWithinStack()
#40 /var/www/norloxsolutionscrm.com/wowcrm/vendor/laravel/framework/src/Illuminate/Routing/Router.php(750): Illuminate\\Routing\\Router->runRoute()
#41 /var/www/norloxsolutionscrm.com/wowcrm/vendor/laravel/framework/src/Illuminate/Routing/Router.php(739): Illuminate\\Routing\\Router->dispatchToRoute()
#42 /var/www/norloxsolutionscrm.com/wowcrm/vendor/laravel/framework/src/Illuminate/Foundation/Http/Kernel.php(201): Illuminate\\Routing\\Router->dispatch()
#43 /var/www/norloxsolutionscrm.com/wowcrm/vendor/laravel/framework/src/Illuminate/Pipeline/Pipeline.php(170): Illuminate\\Foundation\\Http\\Kernel->Illuminate\\Foundation\\Http\\{closure}()
#44 /var/www/norloxsolutionscrm.com/wowcrm/vendor/laravel/framework/src/Illuminate/Foundation/Http/Middleware/TransformsRequest.php(21): Illuminate\\Pipeline\\Pipeline->Illuminate\\Pipeline\\{closure}()
#45 /var/www/norloxsolutionscrm.com/wowcrm/vendor/laravel/framework/src/Illuminate/Foundation/Http/Middleware/ConvertEmptyStringsToNull.php(31): Illuminate\\Foundation\\Http\\Middleware\\TransformsRequest->handle()
#46 /var/www/norloxsolutionscrm.com/wowcrm/vendor/laravel/framework/src/Illuminate/Pipeline/Pipeline.php(209): Illuminate\\Foundation\\Http\\Middleware\\ConvertEmptyStringsToNull->handle()
#47 /var/www/norloxsolutionscrm.com/wowcrm/vendor/laravel/framework/src/Illuminate/Foundation/Http/Middleware/TransformsRequest.php(21): Illuminate\\Pipeline\\Pipeline->Illuminate\\Pipeline\\{closure}()
#48 /var/www/norloxsolutionscrm.com/wowcrm/vendor/laravel/framework/src/Illuminate/Foundation/Http/Middleware/TrimStrings.php(51): Illuminate\\Foundation\\Http\\Middleware\\TransformsRequest->handle()
#49 /var/www/norloxsolutionscrm.com/wowcrm/vendor/laravel/framework/src/Illuminate/Pipeline/Pipeline.php(209): Illuminate\\Foundation\\Http\\Middleware\\TrimStrings->handle()
#50 /var/www/norloxsolutionscrm.com/wowcrm/vendor/laravel/framework/src/Illuminate/Http/Middleware/ValidatePostSize.php(27): Illuminate\\Pipeline\\Pipeline->Illuminate\\Pipeline\\{closure}()
#51 /var/www/norloxsolutionscrm.com/wowcrm/vendor/laravel/framework/src/Illuminate/Pipeline/Pipeline.php(209): Illuminate\\Http\\Middleware\\ValidatePostSize->handle()
#52 /var/www/norloxsolutionscrm.com/wowcrm/vendor/laravel/framework/src/Illuminate/Foundation/Http/Middleware/PreventRequestsDuringMaintenance.php(110): Illuminate\\Pipeline\\Pipeline->Illuminate\\Pipeline\\{closure}()
#53 /var/www/norloxsolutionscrm.com/wowcrm/vendor/laravel/framework/src/Illuminate/Pipeline/Pipeline.php(209): Illuminate\\Foundation\\Http\\Middleware\\PreventRequestsDuringMaintenance->handle()
#54 /var/www/norloxsolutionscrm.com/wowcrm/vendor/laravel/framework/src/Illuminate/Http/Middleware/HandleCors.php(49): Illuminate\\Pipeline\\Pipeline->Illuminate\\Pipeline\\{closure}()
#55 /var/www/norloxsolutionscrm.com/wowcrm/vendor/laravel/framework/src/Illuminate/Pipeline/Pipeline.php(209): Illuminate\\Http\\Middleware\\HandleCors->handle()
#56 /var/www/norloxsolutionscrm.com/wowcrm/vendor/laravel/framework/src/Illuminate/Http/Middleware/TrustProxies.php(58): Illuminate\\Pipeline\\Pipeline->Illuminate\\Pipeline\\{closure}()
#57 /var/www/norloxsolutionscrm.com/wowcrm/vendor/laravel/framework/src/Illuminate/Pipeline/Pipeline.php(209): Illuminate\\Http\\Middleware\\TrustProxies->handle()
#58 /var/www/norloxsolutionscrm.com/wowcrm/vendor/laravel/framework/src/Illuminate/Foundation/Http/Middleware/InvokeDeferredCallbacks.php(22): Illuminate\\Pipeline\\Pipeline->Illuminate\\Pipeline\\{closure}()
#59 /var/www/norloxsolutionscrm.com/wowcrm/vendor/laravel/framework/src/Illuminate/Pipeline/Pipeline.php(209): Illuminate\\Foundation\\Http\\Middleware\\InvokeDeferredCallbacks->handle()
#60 /var/www/norloxsolutionscrm.com/wowcrm/vendor/laravel/framework/src/Illuminate/Pipeline/Pipeline.php(127): Illuminate\\Pipeline\\Pipeline->Illuminate\\Pipeline\\{closure}()
#61 /var/www/norloxsolutionscrm.com/wowcrm/vendor/laravel/framework/src/Illuminate/Foundation/Http/Kernel.php(176): Illuminate\\Pipeline\\Pipeline->then()
#62 /var/www/norloxsolutionscrm.com/wowcrm/vendor/laravel/framework/src/Illuminate/Foundation/Http/Kernel.php(145): Illuminate\\Foundation\\Http\\Kernel->sendRequestThroughRouter()
#63 /var/www/norloxsolutionscrm.com/wowcrm/vendor/laravel/framework/src/Illuminate/Foundation/Application.php(1220): Illuminate\\Foundation\\Http\\Kernel->handle()
#64 /var/www/norloxsolutionscrm.com/wowcrm/index.php(17): Illuminate\\Foundation\\Application->handleRequest()
#65 {main}
"} 
[2026-03-17 13:23:25] local.ERROR: The archive failed to load with the following error code: 19 {"userId":86,"exception":"[object] (Exception(code: 0): The archive failed to load with the following error code: 19 at /var/www/norloxsolutionscrm.com/wowcrm/vendor/phpoffice/phpword/src/PhpWord/Shared/XMLReader.php:71)
[stacktrace]
#0 /var/www/norloxsolutionscrm.com/wowcrm/vendor/phpoffice/phpword/src/PhpWord/Reader/Word2007.php(169): PhpOffice\\PhpWord\\Shared\\XMLReader->getDomFromZip()
#1 /var/www/norloxsolutionscrm.com/wowcrm/vendor/phpoffice/phpword/src/PhpWord/Reader/Word2007.php(133): PhpOffice\\PhpWord\\Reader\\Word2007->getRels()
#2 /var/www/norloxsolutionscrm.com/wowcrm/vendor/phpoffice/phpword/src/PhpWord/Reader/Word2007.php(48): PhpOffice\\PhpWord\\Reader\\Word2007->readRelationships()
#3 /var/www/norloxsolutionscrm.com/wowcrm/vendor/phpoffice/phpword/src/PhpWord/IOFactory.php(92): PhpOffice\\PhpWord\\Reader\\Word2007->load()
#4 /var/www/norloxsolutionscrm.com/wowcrm/app/Http/Controllers/GoogleSheetController.php(7536): PhpOffice\\PhpWord\\IOFactory::load()
#5 /var/www/norloxsolutionscrm.com/wowcrm/vendor/laravel/framework/src/Illuminate/Routing/ControllerDispatcher.php(47): App\\Http\\Controllers\\GoogleSheetController->viewJuniorResume()
#6 /var/www/norloxsolutionscrm.com/wowcrm/vendor/laravel/framework/src/Illuminate/Routing/Route.php(266): Illuminate\\Routing\\ControllerDispatcher->dispatch()
#7 /var/www/norloxsolutionscrm.com/wowcrm/vendor/laravel/framework/src/Illuminate/Routing/Route.php(212): Illuminate\\Routing\\Route->runController()
#8 /var/www/norloxsolutionscrm.com/wowcrm/vendor/laravel/framework/src/Illuminate/Routing/Router.php(808): Illuminate\\Routing\\Route->run()
#9 /var/www/norloxsolutionscrm.com/wowcrm/vendor/laravel/framework/src/Illuminate/Pipeline/Pipeline.php(170): Illuminate\\Routing\\Router->Illuminate\\Routing\\{closure}()
#10 /var/www/norloxsolutionscrm.com/wowcrm/vendor/laravel/framework/src/Illuminate/Routing/Middleware/SubstituteBindings.php(51): Illuminate\\Pipeline\\Pipeline->Illuminate\\Pipeline\\{closure}()
#11 /var/www/norloxsolutionscrm.com/wowcrm/vendor/laravel/framework/src/Illuminate/Pipeline/Pipeline.php(209): Illuminate\\Routing\\Middleware\\SubstituteBindings->handle()
#12 /var/www/norloxsolutionscrm.com/wowcrm/vendor/laravel/framework/src/Illuminate/Auth/Middleware/Authenticate.php(64): Illuminate\\Pipeline\\Pipeline->Illuminate\\Pipeline\\{closure}()
#13 /var/www/norloxsolutionscrm.com/wowcrm/vendor/laravel/framework/src/Illuminate/Pipeline/Pipeline.php(209): Illuminate\\Auth\\Middleware\\Authenticate->handle()
#14 /var/www/norloxsolutionscrm.com/wowcrm/vendor/laravel/framework/src/Illuminate/Foundation/Http/Middleware/VerifyCsrfToken.php(88): Illuminate\\Pipeline\\Pipeline->Illuminate\\Pipeline\\{closure}()
#15 /var/www/norloxsolutionscrm.com/wowcrm/vendor/laravel/framework/src/Illuminate/Pipeline/Pipeline.php(209): Illuminate\\Foundation\\Http\\Middleware\\VerifyCsrfToken->handle()
#16 /var/www/norloxsolutionscrm.com/wowcrm/vendor/laravel/framework/src/Illuminate/View/Middleware/ShareErrorsFromSession.php(49): Illuminate\\Pipeline\\Pipeline->Illuminate\\Pipeline\\{closure}()
#17 /var/www/norloxsolutionscrm.com/wowcrm/vendor/laravel/framework/src/Illuminate/Pipeline/Pipeline.php(209): Illuminate\\View\\Middleware\\ShareErrorsFromSession->handle()
#18 /var/www/norloxsolutionscrm.com/wowcrm/vendor/laravel/framework/src/Illuminate/Session/Middleware/StartSession.php(121): Illuminate\\Pipeline\\Pipeline->Illuminate\\Pipeline\\{closure}()
#19 /var/www/norloxsolutionscrm.com/wowcrm/vendor/laravel/framework/src/Illuminate/Session/Middleware/StartSession.php(64): Illuminate\\Session\\Middleware\\StartSession->handleStatefulRequest()
#20 /var/www/norloxsolutionscrm.com/wowcrm/vendor/laravel/framework/src/Illuminate/Pipeline/Pipeline.php(209): Illuminate\\Session\\Middleware\\StartSession->handle()
#21 /var/www/norloxsolutionscrm.com/wowcrm/vendor/laravel/framework/src/Illuminate/Cookie/Middleware/AddQueuedCookiesToResponse.php(37): Illuminate\\Pipeline\\Pipeline->Illuminate\\Pipeline\\{closure}()
#22 /var/www/norloxsolutionscrm.com/wowcrm/vendor/laravel/framework/src/Illuminate/Pipeline/Pipeline.php(209): Illuminate\\Cookie\\Middleware\\AddQueuedCookiesToResponse->handle()
#23 /var/www/norloxsolutionscrm.com/wowcrm/vendor/laravel/framework/src/Illuminate/Cookie/Middleware/EncryptCookies.php(75): Illuminate\\Pipeline\\Pipeline->Illuminate\\Pipeline\\{closure}()
#24 /var/www/norloxsolutionscrm.com/wowcrm/vendor/laravel/framework/src/Illuminate/Pipeline/Pipeline.php(209): Illuminate\\Cookie\\Middleware\\EncryptCookies->handle()
#25 /var/www/norloxsolutionscrm.com/wowcrm/vendor/laravel/framework/src/Illuminate/Pipeline/Pipeline.php(127): Illuminate\\Pipeline\\Pipeline->Illuminate\\Pipeline\\{closure}()
#26 /var/www/norloxsolutionscrm.com/wowcrm/vendor/laravel/framework/src/Illuminate/Routing/Router.php(807): Illuminate\\Pipeline\\Pipeline->then()
#27 /var/www/norloxsolutionscrm.com/wowcrm/vendor/laravel/framework/src/Illuminate/Routing/Router.php(786): Illuminate\\Routing\\Router->runRouteWithinStack()
#28 /var/www/norloxsolutionscrm.com/wowcrm/vendor/laravel/framework/src/Illuminate/Routing/Router.php(750): Illuminate\\Routing\\Router->runRoute()
#29 /var/www/norloxsolutionscrm.com/wowcrm/vendor/laravel/framework/src/Illuminate/Routing/Router.php(739): Illuminate\\Routing\\Router->dispatchToRoute()
#30 /var/www/norloxsolutionscrm.com/wowcrm/vendor/laravel/framework/src/Illuminate/Foundation/Http/Kernel.php(201): Illuminate\\Routing\\Router->dispatch()
#31 /var/www/norloxsolutionscrm.com/wowcrm/vendor/laravel/framework/src/Illuminate/Pipeline/Pipeline.php(170): Illuminate\\Foundation\\Http\\Kernel->Illuminate\\Foundation\\Http\\{closure}()
#32 /var/www/norloxsolutionscrm.com/wowcrm/vendor/laravel/framework/src/Illuminate/Foundation/Http/Middleware/TransformsRequest.php(21): Illuminate\\Pipeline\\Pipeline->Illuminate\\Pipeline\\{closure}()
#33 /var/www/norloxsolutionscrm.com/wowcrm/vendor/laravel/framework/src/Illuminate/Foundation/Http/Middleware/ConvertEmptyStringsToNull.php(31): Illuminate\\Foundation\\Http\\Middleware\\TransformsRequest->handle()
#34 /var/www/norloxsolutionscrm.com/wowcrm/vendor/laravel/framework/src/Illuminate/Pipeline/Pipeline.php(209): Illuminate\\Foundation\\Http\\Middleware\\ConvertEmptyStringsToNull->handle()
#35 /var/www/norloxsolutionscrm.com/wowcrm/vendor/laravel/framework/src/Illuminate/Foundation/Http/Middleware/TransformsRequest.php(21): Illuminate\\Pipeline\\Pipeline->Illuminate\\Pipeline\\{closure}()
#36 /var/www/norloxsolutionscrm.com/wowcrm/vendor/laravel/framework/src/Illuminate/Foundation/Http/Middleware/TrimStrings.php(51): Illuminate\\Foundation\\Http\\Middleware\\TransformsRequest->handle()
#37 /var/www/norloxsolutionscrm.com/wowcrm/vendor/laravel/framework/src/Illuminate/Pipeline/Pipeline.php(209): Illuminate\\Foundation\\Http\\Middleware\\TrimStrings->handle()
#38 /var/www/norloxsolutionscrm.com/wowcrm/vendor/laravel/framework/src/Illuminate/Http/Middleware/ValidatePostSize.php(27): Illuminate\\Pipeline\\Pipeline->Illuminate\\Pipeline\\{closure}()
#39 /var/www/norloxsolutionscrm.com/wowcrm/vendor/laravel/framework/src/Illuminate/Pipeline/Pipeline.php(209): Illuminate\\Http\\Middleware\\ValidatePostSize->handle()
#40 /var/www/norloxsolutionscrm.com/wowcrm/vendor/laravel/framework/src/Illuminate/Foundation/Http/Middleware/PreventRequestsDuringMaintenance.php(110): Illuminate\\Pipeline\\Pipeline->Illuminate\\Pipeline\\{closure}()
#41 /var/www/norloxsolutionscrm.com/wowcrm/vendor/laravel/framework/src/Illuminate/Pipeline/Pipeline.php(209): Illuminate\\Foundation\\Http\\Middleware\\PreventRequestsDuringMaintenance->handle()
#42 /var/www/norloxsolutionscrm.com/wowcrm/vendor/laravel/framework/src/Illuminate/Http/Middleware/HandleCors.php(49): Illuminate\\Pipeline\\Pipeline->Illuminate\\Pipeline\\{closure}()
#43 /var/www/norloxsolutionscrm.com/wowcrm/vendor/laravel/framework/src/Illuminate/Pipeline/Pipeline.php(209): Illuminate\\Http\\Middleware\\HandleCors->handle()
#44 /var/www/norloxsolutionscrm.com/wowcrm/vendor/laravel/framework/src/Illuminate/Http/Middleware/TrustProxies.php(58): Illuminate\\Pipeline\\Pipeline->Illuminate\\Pipeline\\{closure}()
#45 /var/www/norloxsolutionscrm.com/wowcrm/vendor/laravel/framework/src/Illuminate/Pipeline/Pipeline.php(209): Illuminate\\Http\\Middleware\\TrustProxies->handle()
#46 /var/www/norloxsolutionscrm.com/wowcrm/vendor/laravel/framework/src/Illuminate/Foundation/Http/Middleware/InvokeDeferredCallbacks.php(22): Illuminate\\Pipeline\\Pipeline->Illuminate\\Pipeline\\{closure}()
#47 /var/www/norloxsolutionscrm.com/wowcrm/vendor/laravel/framework/src/Illuminate/Pipeline/Pipeline.php(209): Illuminate\\Foundation\\Http\\Middleware\\InvokeDeferredCallbacks->handle()
#48 /var/www/norloxsolutionscrm.com/wowcrm/vendor/laravel/framework/src/Illuminate/Pipeline/Pipeline.php(127): Illuminate\\Pipeline\\Pipeline->Illuminate\\Pipeline\\{closure}()
#49 /var/www/norloxsolutionscrm.com/wowcrm/vendor/laravel/framework/src/Illuminate/Foundation/Http/Kernel.php(176): Illuminate\\Pipeline\\Pipeline->then()
#50 /var/www/norloxsolutionscrm.com/wowcrm/vendor/laravel/framework/src/Illuminate/Foundation/Http/Kernel.php(145): Illuminate\\Foundation\\Http\\Kernel->sendRequestThroughRouter()
#51 /var/www/norloxsolutionscrm.com/wowcrm/vendor/laravel/framework/src/Illuminate/Foundation/Application.php(1220): Illuminate\\Foundation\\Http\\Kernel->handle()
#52 /var/www/norloxsolutionscrm.com/wowcrm/index.php(17): Illuminate\\Foundation\\Application->handleRequest()
#53 {main}
"} 
[2026-03-17 13:23:41] local.ERROR: The archive failed to load with the following error code: 19 {"userId":86,"exception":"[object] (Exception(code: 0): The archive failed to load with the following error code: 19 at /var/www/norloxsolutionscrm.com/wowcrm/vendor/phpoffice/phpword/src/PhpWord/Shared/XMLReader.php:71)
[stacktrace]
#0 /var/www/norloxsolutionscrm.com/wowcrm/vendor/phpoffice/phpword/src/PhpWord/Reader/Word2007.php(169): PhpOffice\\PhpWord\\Shared\\XMLReader->getDomFromZip()
#1 /var/www/norloxsolutionscrm.com/wowcrm/vendor/phpoffice/phpword/src/PhpWord/Reader/Word2007.php(133): PhpOffice\\PhpWord\\Reader\\Word2007->getRels()
#2 /var/www/norloxsolutionscrm.com/wowcrm/vendor/phpoffice/phpword/src/PhpWord/Reader/Word2007.php(48): PhpOffice\\PhpWord\\Reader\\Word2007->readRelationships()
#3 /var/www/norloxsolutionscrm.com/wowcrm/vendor/phpoffice/phpword/src/PhpWord/IOFactory.php(92): PhpOffice\\PhpWord\\Reader\\Word2007->load()
#4 /var/www/norloxsolutionscrm.com/wowcrm/app/Http/Controllers/GoogleSheetController.php(7536): PhpOffice\\PhpWord\\IOFactory::load()
#5 /var/www/norloxsolutionscrm.com/wowcrm/vendor/laravel/framework/src/Illuminate/Routing/ControllerDispatcher.php(47): App\\Http\\Controllers\\GoogleSheetController->viewJuniorResume()
#6 /var/www/norloxsolutionscrm.com/wowcrm/vendor/laravel/framework/src/Illuminate/Routing/Route.php(266): Illuminate\\Routing\\ControllerDispatcher->dispatch()
#7 /var/www/norloxsolutionscrm.com/wowcrm/vendor/laravel/framework/src/Illuminate/Routing/Route.php(212): Illuminate\\Routing\\Route->runController()
#8 /var/www/norloxsolutionscrm.com/wowcrm/vendor/laravel/framework/src/Illuminate/Routing/Router.php(808): Illuminate\\Routing\\Route->run()
#9 /var/www/norloxsolutionscrm.com/wowcrm/vendor/laravel/framework/src/Illuminate/Pipeline/Pipeline.php(170): Illuminate\\Routing\\Router->Illuminate\\Routing\\{closure}()
#10 /var/www/norloxsolutionscrm.com/wowcrm/vendor/laravel/framework/src/Illuminate/Routing/Middleware/SubstituteBindings.php(51): Illuminate\\Pipeline\\Pipeline->Illuminate\\Pipeline\\{closure}()
#11 /var/www/norloxsolutionscrm.com/wowcrm/vendor/laravel/framework/src/Illuminate/Pipeline/Pipeline.php(209): Illuminate\\Routing\\Middleware\\SubstituteBindings->handle()
#12 /var/www/norloxsolutionscrm.com/wowcrm/vendor/laravel/framework/src/Illuminate/Auth/Middleware/Authenticate.php(64): Illuminate\\Pipeline\\Pipeline->Illuminate\\Pipeline\\{closure}()
#13 /var/www/norloxsolutionscrm.com/wowcrm/vendor/laravel/framework/src/Illuminate/Pipeline/Pipeline.php(209): Illuminate\\Auth\\Middleware\\Authenticate->handle()
#14 /var/www/norloxsolutionscrm.com/wowcrm/vendor/laravel/framework/src/Illuminate/Foundation/Http/Middleware/VerifyCsrfToken.php(88): Illuminate\\Pipeline\\Pipeline->Illuminate\\Pipeline\\{closure}()
#15 /var/www/norloxsolutionscrm.com/wowcrm/vendor/laravel/framework/src/Illuminate/Pipeline/Pipeline.php(209): Illuminate\\Foundation\\Http\\Middleware\\VerifyCsrfToken->handle()
#16 /var/www/norloxsolutionscrm.com/wowcrm/vendor/laravel/framework/src/Illuminate/View/Middleware/ShareErrorsFromSession.php(49): Illuminate\\Pipeline\\Pipeline->Illuminate\\Pipeline\\{closure}()
#17 /var/www/norloxsolutionscrm.com/wowcrm/vendor/laravel/framework/src/Illuminate/Pipeline/Pipeline.php(209): Illuminate\\View\\Middleware\\ShareErrorsFromSession->handle()
#18 /var/www/norloxsolutionscrm.com/wowcrm/vendor/laravel/framework/src/Illuminate/Session/Middleware/StartSession.php(121): Illuminate\\Pipeline\\Pipeline->Illuminate\\Pipeline\\{closure}()
#19 /var/www/norloxsolutionscrm.com/wowcrm/vendor/laravel/framework/src/Illuminate/Session/Middleware/StartSession.php(64): Illuminate\\Session\\Middleware\\StartSession->handleStatefulRequest()
#20 /var/www/norloxsolutionscrm.com/wowcrm/vendor/laravel/framework/src/Illuminate/Pipeline/Pipeline.php(209): Illuminate\\Session\\Middleware\\StartSession->handle()
#21 /var/www/norloxsolutionscrm.com/wowcrm/vendor/laravel/framework/src/Illuminate/Cookie/Middleware/AddQueuedCookiesToResponse.php(37): Illuminate\\Pipeline\\Pipeline->Illuminate\\Pipeline\\{closure}()
#22 /var/www/norloxsolutionscrm.com/wowcrm/vendor/laravel/framework/src/Illuminate/Pipeline/Pipeline.php(209): Illuminate\\Cookie\\Middleware\\AddQueuedCookiesToResponse->handle()
#23 /var/www/norloxsolutionscrm.com/wowcrm/vendor/laravel/framework/src/Illuminate/Cookie/Middleware/EncryptCookies.php(75): Illuminate\\Pipeline\\Pipeline->Illuminate\\Pipeline\\{closure}()
#24 /var/www/norloxsolutionscrm.com/wowcrm/vendor/laravel/framework/src/Illuminate/Pipeline/Pipeline.php(209): Illuminate\\Cookie\\Middleware\\EncryptCookies->handle()
#25 /var/www/norloxsolutionscrm.com/wowcrm/vendor/laravel/framework/src/Illuminate/Pipeline/Pipeline.php(127): Illuminate\\Pipeline\\Pipeline->Illuminate\\Pipeline\\{closure}()
#26 /var/www/norloxsolutionscrm.com/wowcrm/vendor/laravel/framework/src/Illuminate/Routing/Router.php(807): Illuminate\\Pipeline\\Pipeline->then()
#27 /var/www/norloxsolutionscrm.com/wowcrm/vendor/laravel/framework/src/Illuminate/Routing/Router.php(786): Illuminate\\Routing\\Router->runRouteWithinStack()
#28 /var/www/norloxsolutionscrm.com/wowcrm/vendor/laravel/framework/src/Illuminate/Routing/Router.php(750): Illuminate\\Routing\\Router->runRoute()
#29 /var/www/norloxsolutionscrm.com/wowcrm/vendor/laravel/framework/src/Illuminate/Routing/Router.php(739): Illuminate\\Routing\\Router->dispatchToRoute()
#30 /var/www/norloxsolutionscrm.com/wowcrm/vendor/laravel/framework/src/Illuminate/Foundation/Http/Kernel.php(201): Illuminate\\Routing\\Router->dispatch()
#31 /var/www/norloxsolutionscrm.com/wowcrm/vendor/laravel/framework/src/Illuminate/Pipeline/Pipeline.php(170): Illuminate\\Foundation\\Http\\Kernel->Illuminate\\Foundation\\Http\\{closure}()
#32 /var/www/norloxsolutionscrm.com/wowcrm/vendor/laravel/framework/src/Illuminate/Foundation/Http/Middleware/TransformsRequest.php(21): Illuminate\\Pipeline\\Pipeline->Illuminate\\Pipeline\\{closure}()
#33 /var/www/norloxsolutionscrm.com/wowcrm/vendor/laravel/framework/src/Illuminate/Foundation/Http/Middleware/ConvertEmptyStringsToNull.php(31): Illuminate\\Foundation\\Http\\Middleware\\TransformsRequest->handle()
#34 /var/www/norloxsolutionscrm.com/wowcrm/vendor/laravel/framework/src/Illuminate/Pipeline/Pipeline.php(209): Illuminate\\Foundation\\Http\\Middleware\\ConvertEmptyStringsToNull->handle()
#35 /var/www/norloxsolutionscrm.com/wowcrm/vendor/laravel/framework/src/Illuminate/Foundation/Http/Middleware/TransformsRequest.php(21): Illuminate\\Pipeline\\Pipeline->Illuminate\\Pipeline\\{closure}()
#36 /var/www/norloxsolutionscrm.com/wowcrm/vendor/laravel/framework/src/Illuminate/Foundation/Http/Middleware/TrimStrings.php(51): Illuminate\\Foundation\\Http\\Middleware\\TransformsRequest->handle()
#37 /var/www/norloxsolutionscrm.com/wowcrm/vendor/laravel/framework/src/Illuminate/Pipeline/Pipeline.php(209): Illuminate\\Foundation\\Http\\Middleware\\TrimStrings->handle()
#38 /var/www/norloxsolutionscrm.com/wowcrm/vendor/laravel/framework/src/Illuminate/Http/Middleware/ValidatePostSize.php(27): Illuminate\\Pipeline\\Pipeline->Illuminate\\Pipeline\\{closure}()
#39 /var/www/norloxsolutionscrm.com/wowcrm/vendor/laravel/framework/src/Illuminate/Pipeline/Pipeline.php(209): Illuminate\\Http\\Middleware\\ValidatePostSize->handle()
#40 /var/www/norloxsolutionscrm.com/wowcrm/vendor/laravel/framework/src/Illuminate/Foundation/Http/Middleware/PreventRequestsDuringMaintenance.php(110): Illuminate\\Pipeline\\Pipeline->Illuminate\\Pipeline\\{closure}()
#41 /var/www/norloxsolutionscrm.com/wowcrm/vendor/laravel/framework/src/Illuminate/Pipeline/Pipeline.php(209): Illuminate\\Foundation\\Http\\Middleware\\PreventRequestsDuringMaintenance->handle()
#42 /var/www/norloxsolutionscrm.com/wowcrm/vendor/laravel/framework/src/Illuminate/Http/Middleware/HandleCors.php(49): Illuminate\\Pipeline\\Pipeline->Illuminate\\Pipeline\\{closure}()
#43 /var/www/norloxsolutionscrm.com/wowcrm/vendor/laravel/framework/src/Illuminate/Pipeline/Pipeline.php(209): Illuminate\\Http\\Middleware\\HandleCors->handle()
#44 /var/www/norloxsolutionscrm.com/wowcrm/vendor/laravel/framework/src/Illuminate/Http/Middleware/TrustProxies.php(58): Illuminate\\Pipeline\\Pipeline->Illuminate\\Pipeline\\{closure}()
#45 /var/www/norloxsolutionscrm.com/wowcrm/vendor/laravel/framework/src/Illuminate/Pipeline/Pipeline.php(209): Illuminate\\Http\\Middleware\\TrustProxies->handle()
#46 /var/www/norloxsolutionscrm.com/wowcrm/vendor/laravel/framework/src/Illuminate/Foundation/Http/Middleware/InvokeDeferredCallbacks.php(22): Illuminate\\Pipeline\\Pipeline->Illuminate\\Pipeline\\{closure}()
#47 /var/www/norloxsolutionscrm.com/wowcrm/vendor/laravel/framework/src/Illuminate/Pipeline/Pipeline.php(209): Illuminate\\Foundation\\Http\\Middleware\\InvokeDeferredCallbacks->handle()
#48 /var/www/norloxsolutionscrm.com/wowcrm/vendor/laravel/framework/src/Illuminate/Pipeline/Pipeline.php(127): Illuminate\\Pipeline\\Pipeline->Illuminate\\Pipeline\\{closure}()
#49 /var/www/norloxsolutionscrm.com/wowcrm/vendor/laravel/framework/src/Illuminate/Foundation/Http/Kernel.php(176): Illuminate\\Pipeline\\Pipeline->then()
#50 /var/www/norloxsolutionscrm.com/wowcrm/vendor/laravel/framework/src/Illuminate/Foundation/Http/Kernel.php(145): Illuminate\\Foundation\\Http\\Kernel->sendRequestThroughRouter()
#51 /var/www/norloxsolutionscrm.com/wowcrm/vendor/laravel/framework/src/Illuminate/Foundation/Application.php(1220): Illuminate\\Foundation\\Http\\Kernel->handle()
#52 /var/www/norloxsolutionscrm.com/wowcrm/index.php(17): Illuminate\\Foundation\\Application->handleRequest()
#53 {main}
"} 
[2026-03-17 15:01:34] local.ERROR: Call to undefined method App\Http\Controllers\TimerController::toggleAllStatus() {"userId":32,"exception":"[object] (Error(code: 0): Call to undefined method App\\Http\\Controllers\\TimerController::toggleAllStatus() at /var/www/norloxsolutionscrm.com/wowcrm/vendor/laravel/framework/src/Illuminate/Routing/ControllerDispatcher.php:47)
[stacktrace]
#0 /var/www/norloxsolutionscrm.com/wowcrm/vendor/laravel/framework/src/Illuminate/Routing/Route.php(266): Illuminate\\Routing\\ControllerDispatcher->dispatch()
#1 /var/www/norloxsolutionscrm.com/wowcrm/vendor/laravel/framework/src/Illuminate/Routing/Route.php(212): Illuminate\\Routing\\Route->runController()
#2 /var/www/norloxsolutionscrm.com/wowcrm/vendor/laravel/framework/src/Illuminate/Routing/Router.php(808): Illuminate\\Routing\\Route->run()
#3 /var/www/norloxsolutionscrm.com/wowcrm/vendor/laravel/framework/src/Illuminate/Pipeline/Pipeline.php(170): Illuminate\\Routing\\Router->Illuminate\\Routing\\{closure}()
#4 /var/www/norloxsolutionscrm.com/wowcrm/vendor/laravel/framework/src/Illuminate/Routing/Middleware/SubstituteBindings.php(51): Illuminate\\Pipeline\\Pipeline->Illuminate\\Pipeline\\{closure}()
#5 /var/www/norloxsolutionscrm.com/wowcrm/vendor/laravel/framework/src/Illuminate/Pipeline/Pipeline.php(209): Illuminate\\Routing\\Middleware\\SubstituteBindings->handle()
#6 /var/www/norloxsolutionscrm.com/wowcrm/vendor/laravel/framework/src/Illuminate/Auth/Middleware/Authenticate.php(64): Illuminate\\Pipeline\\Pipeline->Illuminate\\Pipeline\\{closure}()
#7 /var/www/norloxsolutionscrm.com/wowcrm/vendor/laravel/framework/src/Illuminate/Pipeline/Pipeline.php(209): Illuminate\\Auth\\Middleware\\Authenticate->handle()
#8 /var/www/norloxsolutionscrm.com/wowcrm/vendor/laravel/framework/src/Illuminate/Foundation/Http/Middleware/VerifyCsrfToken.php(88): Illuminate\\Pipeline\\Pipeline->Illuminate\\Pipeline\\{closure}()
#9 /var/www/norloxsolutionscrm.com/wowcrm/vendor/laravel/framework/src/Illuminate/Pipeline/Pipeline.php(209): Illuminate\\Foundation\\Http\\Middleware\\VerifyCsrfToken->handle()
#10 /var/www/norloxsolutionscrm.com/wowcrm/vendor/laravel/framework/src/Illuminate/View/Middleware/ShareErrorsFromSession.php(49): Illuminate\\Pipeline\\Pipeline->Illuminate\\Pipeline\\{closure}()
#11 /var/www/norloxsolutionscrm.com/wowcrm/vendor/laravel/framework/src/Illuminate/Pipeline/Pipeline.php(209): Illuminate\\View\\Middleware\\ShareErrorsFromSession->handle()
#12 /var/www/norloxsolutionscrm.com/wowcrm/vendor/laravel/framework/src/Illuminate/Session/Middleware/StartSession.php(121): Illuminate\\Pipeline\\Pipeline->Illuminate\\Pipeline\\{closure}()
#13 /var/www/norloxsolutionscrm.com/wowcrm/vendor/laravel/framework/src/Illuminate/Session/Middleware/StartSession.php(64): Illuminate\\Session\\Middleware\\StartSession->handleStatefulRequest()
#14 /var/www/norloxsolutionscrm.com/wowcrm/vendor/laravel/framework/src/Illuminate/Pipeline/Pipeline.php(209): Illuminate\\Session\\Middleware\\StartSession->handle()
#15 /var/www/norloxsolutionscrm.com/wowcrm/vendor/laravel/framework/src/Illuminate/Cookie/Middleware/AddQueuedCookiesToResponse.php(37): Illuminate\\Pipeline\\Pipeline->Illuminate\\Pipeline\\{closure}()
#16 /var/www/norloxsolutionscrm.com/wowcrm/vendor/laravel/framework/src/Illuminate/Pipeline/Pipeline.php(209): Illuminate\\Cookie\\Middleware\\AddQueuedCookiesToResponse->handle()
#17 /var/www/norloxsolutionscrm.com/wowcrm/vendor/laravel/framework/src/Illuminate/Cookie/Middleware/EncryptCookies.php(75): Illuminate\\Pipeline\\Pipeline->Illuminate\\Pipeline\\{closure}()
#18 /var/www/norloxsolutionscrm.com/wowcrm/vendor/laravel/framework/src/Illuminate/Pipeline/Pipeline.php(209): Illuminate\\Cookie\\Middleware\\EncryptCookies->handle()
#19 /var/www/norloxsolutionscrm.com/wowcrm/vendor/laravel/framework/src/Illuminate/Pipeline/Pipeline.php(127): Illuminate\\Pipeline\\Pipeline->Illuminate\\Pipeline\\{closure}()
#20 /var/www/norloxsolutionscrm.com/wowcrm/vendor/laravel/framework/src/Illuminate/Routing/Router.php(807): Illuminate\\Pipeline\\Pipeline->then()
#21 /var/www/norloxsolutionscrm.com/wowcrm/vendor/laravel/framework/src/Illuminate/Routing/Router.php(786): Illuminate\\Routing\\Router->runRouteWithinStack()
#22 /var/www/norloxsolutionscrm.com/wowcrm/vendor/laravel/framework/src/Illuminate/Routing/Router.php(750): Illuminate\\Routing\\Router->runRoute()
#23 /var/www/norloxsolutionscrm.com/wowcrm/vendor/laravel/framework/src/Illuminate/Routing/Router.php(739): Illuminate\\Routing\\Router->dispatchToRoute()
#24 /var/www/norloxsolutionscrm.com/wowcrm/vendor/laravel/framework/src/Illuminate/Foundation/Http/Kernel.php(201): Illuminate\\Routing\\Router->dispatch()
#25 /var/www/norloxsolutionscrm.com/wowcrm/vendor/laravel/framework/src/Illuminate/Pipeline/Pipeline.php(170): Illuminate\\Foundation\\Http\\Kernel->Illuminate\\Foundation\\Http\\{closure}()
#26 /var/www/norloxsolutionscrm.com/wowcrm/vendor/laravel/framework/src/Illuminate/Foundation/Http/Middleware/TransformsRequest.php(21): Illuminate\\Pipeline\\Pipeline->Illuminate\\Pipeline\\{closure}()
#27 /var/www/norloxsolutionscrm.com/wowcrm/vendor/laravel/framework/src/Illuminate/Foundation/Http/Middleware/ConvertEmptyStringsToNull.php(31): Illuminate\\Foundation\\Http\\Middleware\\TransformsRequest->handle()
#28 /var/www/norloxsolutionscrm.com/wowcrm/vendor/laravel/framework/src/Illuminate/Pipeline/Pipeline.php(209): Illuminate\\Foundation\\Http\\Middleware\\ConvertEmptyStringsToNull->handle()
#29 /var/www/norloxsolutionscrm.com/wowcrm/vendor/laravel/framework/src/Illuminate/Foundation/Http/Middleware/TransformsRequest.php(21): Illuminate\\Pipeline\\Pipeline->Illuminate\\Pipeline\\{closure}()
#30 /var/www/norloxsolutionscrm.com/wowcrm/vendor/laravel/framework/src/Illuminate/Foundation/Http/Middleware/TrimStrings.php(51): Illuminate\\Foundation\\Http\\Middleware\\TransformsRequest->handle()
#31 /var/www/norloxsolutionscrm.com/wowcrm/vendor/laravel/framework/src/Illuminate/Pipeline/Pipeline.php(209): Illuminate\\Foundation\\Http\\Middleware\\TrimStrings->handle()
#32 /var/www/norloxsolutionscrm.com/wowcrm/vendor/laravel/framework/src/Illuminate/Http/Middleware/ValidatePostSize.php(27): Illuminate\\Pipeline\\Pipeline->Illuminate\\Pipeline\\{closure}()
#33 /var/www/norloxsolutionscrm.com/wowcrm/vendor/laravel/framework/src/Illuminate/Pipeline/Pipeline.php(209): Illuminate\\Http\\Middleware\\ValidatePostSize->handle()
#34 /var/www/norloxsolutionscrm.com/wowcrm/vendor/laravel/framework/src/Illuminate/Foundation/Http/Middleware/PreventRequestsDuringMaintenance.php(110): Illuminate\\Pipeline\\Pipeline->Illuminate\\Pipeline\\{closure}()
#35 /var/www/norloxsolutionscrm.com/wowcrm/vendor/laravel/framework/src/Illuminate/Pipeline/Pipeline.php(209): Illuminate\\Foundation\\Http\\Middleware\\PreventRequestsDuringMaintenance->handle()
#36 /var/www/norloxsolutionscrm.com/wowcrm/vendor/laravel/framework/src/Illuminate/Http/Middleware/HandleCors.php(49): Illuminate\\Pipeline\\Pipeline->Illuminate\\Pipeline\\{closure}()
#37 /var/www/norloxsolutionscrm.com/wowcrm/vendor/laravel/framework/src/Illuminate/Pipeline/Pipeline.php(209): Illuminate\\Http\\Middleware\\HandleCors->handle()
#38 /var/www/norloxsolutionscrm.com/wowcrm/vendor/laravel/framework/src/Illuminate/Http/Middleware/TrustProxies.php(58): Illuminate\\Pipeline\\Pipeline->Illuminate\\Pipeline\\{closure}()
#39 /var/www/norloxsolutionscrm.com/wowcrm/vendor/laravel/framework/src/Illuminate/Pipeline/Pipeline.php(209): Illuminate\\Http\\Middleware\\TrustProxies->handle()
#40 /var/www/norloxsolutionscrm.com/wowcrm/vendor/laravel/framework/src/Illuminate/Foundation/Http/Middleware/InvokeDeferredCallbacks.php(22): Illuminate\\Pipeline\\Pipeline->Illuminate\\Pipeline\\{closure}()
#41 /var/www/norloxsolutionscrm.com/wowcrm/vendor/laravel/framework/src/Illuminate/Pipeline/Pipeline.php(209): Illuminate\\Foundation\\Http\\Middleware\\InvokeDeferredCallbacks->handle()
#42 /var/www/norloxsolutionscrm.com/wowcrm/vendor/laravel/framework/src/Illuminate/Pipeline/Pipeline.php(127): Illuminate\\Pipeline\\Pipeline->Illuminate\\Pipeline\\{closure}()
#43 /var/www/norloxsolutionscrm.com/wowcrm/vendor/laravel/framework/src/Illuminate/Foundation/Http/Kernel.php(176): Illuminate\\Pipeline\\Pipeline->then()
#44 /var/www/norloxsolutionscrm.com/wowcrm/vendor/laravel/framework/src/Illuminate/Foundation/Http/Kernel.php(145): Illuminate\\Foundation\\Http\\Kernel->sendRequestThroughRouter()
#45 /var/www/norloxsolutionscrm.com/wowcrm/vendor/laravel/framework/src/Illuminate/Foundation/Application.php(1220): Illuminate\\Foundation\\Http\\Kernel->handle()
#46 /var/www/norloxsolutionscrm.com/wowcrm/index.php(17): Illuminate\\Foundation\\Application->handleRequest()
#47 {main}
"} 
[2026-05-27 05:18:12] local.ERROR: SQLSTATE[42S22]: Column not found: 1054 Unknown column 'installment' in 'field list' (Connection: mysql, SQL: select HOUR(updated_at) as hour,
     SUM(CASE WHEN installment = 1 THEN 0.5 ELSE 1 END) as count from `google_sheet_data` where CONCAT(':', readytopaycount, ':') LIKE %:5|2026-05-27:% group by `hour`) {"userId":5,"exception":"[object] (Illuminate\\Database\\QueryException(code: 42S22): SQLSTATE[42S22]: Column not found: 1054 Unknown column 'installment' in 'field list' (Connection: mysql, SQL: select HOUR(updated_at) as hour,
     SUM(CASE WHEN installment = 1 THEN 0.5 ELSE 1 END) as count from `google_sheet_data` where CONCAT(':', readytopaycount, ':') LIKE %:5|2026-05-27:% group by `hour`) at /var/www/norloxsolutionscrm.com/wowcrm/vendor/laravel/framework/src/Illuminate/Database/Connection.php:825)
[stacktrace]
#0 /var/www/norloxsolutionscrm.com/wowcrm/vendor/laravel/framework/src/Illuminate/Database/Connection.php(779): Illuminate\\Database\\Connection->runQueryCallback()
#1 /var/www/norloxsolutionscrm.com/wowcrm/vendor/laravel/framework/src/Illuminate/Database/Connection.php(398): Illuminate\\Database\\Connection->run()
#2 /var/www/norloxsolutionscrm.com/wowcrm/vendor/laravel/framework/src/Illuminate/Database/Query/Builder.php(3106): Illuminate\\Database\\Connection->select()
#3 /var/www/norloxsolutionscrm.com/wowcrm/vendor/laravel/framework/src/Illuminate/Database/Query/Builder.php(3362): Illuminate\\Database\\Query\\Builder->runSelect()
#4 /var/www/norloxsolutionscrm.com/wowcrm/vendor/laravel/framework/src/Illuminate/Database/Query/Builder.php(3676): Illuminate\\Database\\Query\\Builder->Illuminate\\Database\\Query\\{closure}()
#5 /var/www/norloxsolutionscrm.com/wowcrm/vendor/laravel/framework/src/Illuminate/Database/Query/Builder.php(3358): Illuminate\\Database\\Query\\Builder->onceWithColumns()
#6 /var/www/norloxsolutionscrm.com/wowcrm/vendor/laravel/framework/src/Illuminate/Database/Eloquent/Builder.php(991): Illuminate\\Database\\Query\\Builder->pluck()
#7 /var/www/norloxsolutionscrm.com/wowcrm/app/Http/Controllers/CallReportController.php(160): Illuminate\\Database\\Eloquent\\Builder->pluck()
#8 /var/www/norloxsolutionscrm.com/wowcrm/vendor/laravel/framework/src/Illuminate/Routing/ControllerDispatcher.php(47): App\\Http\\Controllers\\CallReportController->senior()
#9 /var/www/norloxsolutionscrm.com/wowcrm/vendor/laravel/framework/src/Illuminate/Routing/Route.php(266): Illuminate\\Routing\\ControllerDispatcher->dispatch()
#10 /var/www/norloxsolutionscrm.com/wowcrm/vendor/laravel/framework/src/Illuminate/Routing/Route.php(212): Illuminate\\Routing\\Route->runController()
#11 /var/www/norloxsolutionscrm.com/wowcrm/vendor/laravel/framework/src/Illuminate/Routing/Router.php(808): Illuminate\\Routing\\Route->run()
#12 /var/www/norloxsolutionscrm.com/wowcrm/vendor/laravel/framework/src/Illuminate/Pipeline/Pipeline.php(170): Illuminate\\Routing\\Router->Illuminate\\Routing\\{closure}()
#13 /var/www/norloxsolutionscrm.com/wowcrm/vendor/laravel/framework/src/Illuminate/Routing/Middleware/SubstituteBindings.php(51): Illuminate\\Pipeline\\Pipeline->Illuminate\\Pipeline\\{closure}()
#14 /var/www/norloxsolutionscrm.com/wowcrm/vendor/laravel/framework/src/Illuminate/Pipeline/Pipeline.php(209): Illuminate\\Routing\\Middleware\\SubstituteBindings->handle()
#15 /var/www/norloxsolutionscrm.com/wowcrm/vendor/laravel/framework/src/Illuminate/Auth/Middleware/Authenticate.php(64): Illuminate\\Pipeline\\Pipeline->Illuminate\\Pipeline\\{closure}()
#16 /var/www/norloxsolutionscrm.com/wowcrm/vendor/laravel/framework/src/Illuminate/Pipeline/Pipeline.php(209): Illuminate\\Auth\\Middleware\\Authenticate->handle()
#17 /var/www/norloxsolutionscrm.com/wowcrm/vendor/laravel/framework/src/Illuminate/Foundation/Http/Middleware/VerifyCsrfToken.php(88): Illuminate\\Pipeline\\Pipeline->Illuminate\\Pipeline\\{closure}()
#18 /var/www/norloxsolutionscrm.com/wowcrm/vendor/laravel/framework/src/Illuminate/Pipeline/Pipeline.php(209): Illuminate\\Foundation\\Http\\Middleware\\VerifyCsrfToken->handle()
#19 /var/www/norloxsolutionscrm.com/wowcrm/vendor/laravel/framework/src/Illuminate/View/Middleware/ShareErrorsFromSession.php(49): Illuminate\\Pipeline\\Pipeline->Illuminate\\Pipeline\\{closure}()
#20 /var/www/norloxsolutionscrm.com/wowcrm/vendor/laravel/framework/src/Illuminate/Pipeline/Pipeline.php(209): Illuminate\\View\\Middleware\\ShareErrorsFromSession->handle()
#21 /var/www/norloxsolutionscrm.com/wowcrm/vendor/laravel/framework/src/Illuminate/Session/Middleware/StartSession.php(121): Illuminate\\Pipeline\\Pipeline->Illuminate\\Pipeline\\{closure}()
#22 /var/www/norloxsolutionscrm.com/wowcrm/vendor/laravel/framework/src/Illuminate/Session/Middleware/StartSession.php(64): Illuminate\\Session\\Middleware\\StartSession->handleStatefulRequest()
#23 /var/www/norloxsolutionscrm.com/wowcrm/vendor/laravel/framework/src/Illuminate/Pipeline/Pipeline.php(209): Illuminate\\Session\\Middleware\\StartSession->handle()
#24 /var/www/norloxsolutionscrm.com/wowcrm/vendor/laravel/framework/src/Illuminate/Cookie/Middleware/AddQueuedCookiesToResponse.php(37): Illuminate\\Pipeline\\Pipeline->Illuminate\\Pipeline\\{closure}()
#25 /var/www/norloxsolutionscrm.com/wowcrm/vendor/laravel/framework/src/Illuminate/Pipeline/Pipeline.php(209): Illuminate\\Cookie\\Middleware\\AddQueuedCookiesToResponse->handle()
#26 /var/www/norloxsolutionscrm.com/wowcrm/vendor/laravel/framework/src/Illuminate/Cookie/Middleware/EncryptCookies.php(75): Illuminate\\Pipeline\\Pipeline->Illuminate\\Pipeline\\{closure}()
#27 /var/www/norloxsolutionscrm.com/wowcrm/vendor/laravel/framework/src/Illuminate/Pipeline/Pipeline.php(209): Illuminate\\Cookie\\Middleware\\EncryptCookies->handle()
#28 /var/www/norloxsolutionscrm.com/wowcrm/vendor/laravel/framework/src/Illuminate/Pipeline/Pipeline.php(127): Illuminate\\Pipeline\\Pipeline->Illuminate\\Pipeline\\{closure}()
#29 /var/www/norloxsolutionscrm.com/wowcrm/vendor/laravel/framework/src/Illuminate/Routing/Router.php(807): Illuminate\\Pipeline\\Pipeline->then()
#30 /var/www/norloxsolutionscrm.com/wowcrm/vendor/laravel/framework/src/Illuminate/Routing/Router.php(786): Illuminate\\Routing\\Router->runRouteWithinStack()
#31 /var/www/norloxsolutionscrm.com/wowcrm/vendor/laravel/framework/src/Illuminate/Routing/Router.php(750): Illuminate\\Routing\\Router->runRoute()
#32 /var/www/norloxsolutionscrm.com/wowcrm/vendor/laravel/framework/src/Illuminate/Routing/Router.php(739): Illuminate\\Routing\\Router->dispatchToRoute()
#33 /var/www/norloxsolutionscrm.com/wowcrm/vendor/laravel/framework/src/Illuminate/Foundation/Http/Kernel.php(201): Illuminate\\Routing\\Router->dispatch()
#34 /var/www/norloxsolutionscrm.com/wowcrm/vendor/laravel/framework/src/Illuminate/Pipeline/Pipeline.php(170): Illuminate\\Foundation\\Http\\Kernel->Illuminate\\Foundation\\Http\\{closure}()
#35 /var/www/norloxsolutionscrm.com/wowcrm/vendor/laravel/framework/src/Illuminate/Foundation/Http/Middleware/TransformsRequest.php(21): Illuminate\\Pipeline\\Pipeline->Illuminate\\Pipeline\\{closure}()
#36 /var/www/norloxsolutionscrm.com/wowcrm/vendor/laravel/framework/src/Illuminate/Foundation/Http/Middleware/ConvertEmptyStringsToNull.php(31): Illuminate\\Foundation\\Http\\Middleware\\TransformsRequest->handle()
#37 /var/www/norloxsolutionscrm.com/wowcrm/vendor/laravel/framework/src/Illuminate/Pipeline/Pipeline.php(209): Illuminate\\Foundation\\Http\\Middleware\\ConvertEmptyStringsToNull->handle()
#38 /var/www/norloxsolutionscrm.com/wowcrm/vendor/laravel/framework/src/Illuminate/Foundation/Http/Middleware/TransformsRequest.php(21): Illuminate\\Pipeline\\Pipeline->Illuminate\\Pipeline\\{closure}()
#39 /var/www/norloxsolutionscrm.com/wowcrm/vendor/laravel/framework/src/Illuminate/Foundation/Http/Middleware/TrimStrings.php(51): Illuminate\\Foundation\\Http\\Middleware\\TransformsRequest->handle()
#40 /var/www/norloxsolutionscrm.com/wowcrm/vendor/laravel/framework/src/Illuminate/Pipeline/Pipeline.php(209): Illuminate\\Foundation\\Http\\Middleware\\TrimStrings->handle()
#41 /var/www/norloxsolutionscrm.com/wowcrm/vendor/laravel/framework/src/Illuminate/Http/Middleware/ValidatePostSize.php(27): Illuminate\\Pipeline\\Pipeline->Illuminate\\Pipeline\\{closure}()
#42 /var/www/norloxsolutionscrm.com/wowcrm/vendor/laravel/framework/src/Illuminate/Pipeline/Pipeline.php(209): Illuminate\\Http\\Middleware\\ValidatePostSize->handle()
#43 /var/www/norloxsolutionscrm.com/wowcrm/vendor/laravel/framework/src/Illuminate/Foundation/Http/Middleware/PreventRequestsDuringMaintenance.php(110): Illuminate\\Pipeline\\Pipeline->Illuminate\\Pipeline\\{closure}()
#44 /var/www/norloxsolutionscrm.com/wowcrm/vendor/laravel/framework/src/Illuminate/Pipeline/Pipeline.php(209): Illuminate\\Foundation\\Http\\Middleware\\PreventRequestsDuringMaintenance->handle()
#45 /var/www/norloxsolutionscrm.com/wowcrm/vendor/laravel/framework/src/Illuminate/Http/Middleware/HandleCors.php(49): Illuminate\\Pipeline\\Pipeline->Illuminate\\Pipeline\\{closure}()
#46 /var/www/norloxsolutionscrm.com/wowcrm/vendor/laravel/framework/src/Illuminate/Pipeline/Pipeline.php(209): Illuminate\\Http\\Middleware\\HandleCors->handle()
#47 /var/www/norloxsolutionscrm.com/wowcrm/vendor/laravel/framework/src/Illuminate/Http/Middleware/TrustProxies.php(58): Illuminate\\Pipeline\\Pipeline->Illuminate\\Pipeline\\{closure}()
#48 /var/www/norloxsolutionscrm.com/wowcrm/vendor/laravel/framework/src/Illuminate/Pipeline/Pipeline.php(209): Illuminate\\Http\\Middleware\\TrustProxies->handle()
#49 /var/www/norloxsolutionscrm.com/wowcrm/vendor/laravel/framework/src/Illuminate/Foundation/Http/Middleware/InvokeDeferredCallbacks.php(22): Illuminate\\Pipeline\\Pipeline->Illuminate\\Pipeline\\{closure}()
#50 /var/www/norloxsolutionscrm.com/wowcrm/vendor/laravel/framework/src/Illuminate/Pipeline/Pipeline.php(209): Illuminate\\Foundation\\Http\\Middleware\\InvokeDeferredCallbacks->handle()
#51 /var/www/norloxsolutionscrm.com/wowcrm/vendor/laravel/framework/src/Illuminate/Pipeline/Pipeline.php(127): Illuminate\\Pipeline\\Pipeline->Illuminate\\Pipeline\\{closure}()
#52 /var/www/norloxsolutionscrm.com/wowcrm/vendor/laravel/framework/src/Illuminate/Foundation/Http/Kernel.php(176): Illuminate\\Pipeline\\Pipeline->then()
#53 /var/www/norloxsolutionscrm.com/wowcrm/vendor/laravel/framework/src/Illuminate/Foundation/Http/Kernel.php(145): Illuminate\\Foundation\\Http\\Kernel->sendRequestThroughRouter()
#54 /var/www/norloxsolutionscrm.com/wowcrm/vendor/laravel/framework/src/Illuminate/Foundation/Application.php(1220): Illuminate\\Foundation\\Http\\Kernel->handle()
#55 /var/www/norloxsolutionscrm.com/wowcrm/index.php(17): Illuminate\\Foundation\\Application->handleRequest()
#56 {main}

[previous exception] [object] (PDOException(code: 42S22): SQLSTATE[42S22]: Column not found: 1054 Unknown column 'installment' in 'field list' at /var/www/norloxsolutionscrm.com/wowcrm/vendor/laravel/framework/src/Illuminate/Database/Connection.php:407)
[stacktrace]
#0 /var/www/norloxsolutionscrm.com/wowcrm/vendor/laravel/framework/src/Illuminate/Database/Connection.php(407): PDO->prepare()
#1 /var/www/norloxsolutionscrm.com/wowcrm/vendor/laravel/framework/src/Illuminate/Database/Connection.php(812): Illuminate\\Database\\Connection->Illuminate\\Database\\{closure}()
#2 /var/www/norloxsolutionscrm.com/wowcrm/vendor/laravel/framework/src/Illuminate/Database/Connection.php(779): Illuminate\\Database\\Connection->runQueryCallback()
#3 /var/www/norloxsolutionscrm.com/wowcrm/vendor/laravel/framework/src/Illuminate/Database/Connection.php(398): Illuminate\\Database\\Connection->run()
#4 /var/www/norloxsolutionscrm.com/wowcrm/vendor/laravel/framework/src/Illuminate/Database/Query/Builder.php(3106): Illuminate\\Database\\Connection->select()
#5 /var/www/norloxsolutionscrm.com/wowcrm/vendor/laravel/framework/src/Illuminate/Database/Query/Builder.php(3362): Illuminate\\Database\\Query\\Builder->runSelect()
#6 /var/www/norloxsolutionscrm.com/wowcrm/vendor/laravel/framework/src/Illuminate/Database/Query/Builder.php(3676): Illuminate\\Database\\Query\\Builder->Illuminate\\Database\\Query\\{closure}()
#7 /var/www/norloxsolutionscrm.com/wowcrm/vendor/laravel/framework/src/Illuminate/Database/Query/Builder.php(3358): Illuminate\\Database\\Query\\Builder->onceWithColumns()
#8 /var/www/norloxsolutionscrm.com/wowcrm/vendor/laravel/framework/src/Illuminate/Database/Eloquent/Builder.php(991): Illuminate\\Database\\Query\\Builder->pluck()
#9 /var/www/norloxsolutionscrm.com/wowcrm/app/Http/Controllers/CallReportController.php(160): Illuminate\\Database\\Eloquent\\Builder->pluck()
#10 /var/www/norloxsolutionscrm.com/wowcrm/vendor/laravel/framework/src/Illuminate/Routing/ControllerDispatcher.php(47): App\\Http\\Controllers\\CallReportController->senior()
#11 /var/www/norloxsolutionscrm.com/wowcrm/vendor/laravel/framework/src/Illuminate/Routing/Route.php(266): Illuminate\\Routing\\ControllerDispatcher->dispatch()
#12 /var/www/norloxsolutionscrm.com/wowcrm/vendor/laravel/framework/src/Illuminate/Routing/Route.php(212): Illuminate\\Routing\\Route->runController()
#13 /var/www/norloxsolutionscrm.com/wowcrm/vendor/laravel/framework/src/Illuminate/Routing/Router.php(808): Illuminate\\Routing\\Route->run()
#14 /var/www/norloxsolutionscrm.com/wowcrm/vendor/laravel/framework/src/Illuminate/Pipeline/Pipeline.php(170): Illuminate\\Routing\\Router->Illuminate\\Routing\\{closure}()
#15 /var/www/norloxsolutionscrm.com/wowcrm/vendor/laravel/framework/src/Illuminate/Routing/Middleware/SubstituteBindings.php(51): Illuminate\\Pipeline\\Pipeline->Illuminate\\Pipeline\\{closure}()
#16 /var/www/norloxsolutionscrm.com/wowcrm/vendor/laravel/framework/src/Illuminate/Pipeline/Pipeline.php(209): Illuminate\\Routing\\Middleware\\SubstituteBindings->handle()
#17 /var/www/norloxsolutionscrm.com/wowcrm/vendor/laravel/framework/src/Illuminate/Auth/Middleware/Authenticate.php(64): Illuminate\\Pipeline\\Pipeline->Illuminate\\Pipeline\\{closure}()
#18 /var/www/norloxsolutionscrm.com/wowcrm/vendor/laravel/framework/src/Illuminate/Pipeline/Pipeline.php(209): Illuminate\\Auth\\Middleware\\Authenticate->handle()
#19 /var/www/norloxsolutionscrm.com/wowcrm/vendor/laravel/framework/src/Illuminate/Foundation/Http/Middleware/VerifyCsrfToken.php(88): Illuminate\\Pipeline\\Pipeline->Illuminate\\Pipeline\\{closure}()
#20 /var/www/norloxsolutionscrm.com/wowcrm/vendor/laravel/framework/src/Illuminate/Pipeline/Pipeline.php(209): Illuminate\\Foundation\\Http\\Middleware\\VerifyCsrfToken->handle()
#21 /var/www/norloxsolutionscrm.com/wowcrm/vendor/laravel/framework/src/Illuminate/View/Middleware/ShareErrorsFromSession.php(49): Illuminate\\Pipeline\\Pipeline->Illuminate\\Pipeline\\{closure}()
#22 /var/www/norloxsolutionscrm.com/wowcrm/vendor/laravel/framework/src/Illuminate/Pipeline/Pipeline.php(209): Illuminate\\View\\Middleware\\ShareErrorsFromSession->handle()
#23 /var/www/norloxsolutionscrm.com/wowcrm/vendor/laravel/framework/src/Illuminate/Session/Middleware/StartSession.php(121): Illuminate\\Pipeline\\Pipeline->Illuminate\\Pipeline\\{closure}()
#24 /var/www/norloxsolutionscrm.com/wowcrm/vendor/laravel/framework/src/Illuminate/Session/Middleware/StartSession.php(64): Illuminate\\Session\\Middleware\\StartSession->handleStatefulRequest()
#25 /var/www/norloxsolutionscrm.com/wowcrm/vendor/laravel/framework/src/Illuminate/Pipeline/Pipeline.php(209): Illuminate\\Session\\Middleware\\StartSession->handle()
#26 /var/www/norloxsolutionscrm.com/wowcrm/vendor/laravel/framework/src/Illuminate/Cookie/Middleware/AddQueuedCookiesToResponse.php(37): Illuminate\\Pipeline\\Pipeline->Illuminate\\Pipeline\\{closure}()
#27 /var/www/norloxsolutionscrm.com/wowcrm/vendor/laravel/framework/src/Illuminate/Pipeline/Pipeline.php(209): Illuminate\\Cookie\\Middleware\\AddQueuedCookiesToResponse->handle()
#28 /var/www/norloxsolutionscrm.com/wowcrm/vendor/laravel/framework/src/Illuminate/Cookie/Middleware/EncryptCookies.php(75): Illuminate\\Pipeline\\Pipeline->Illuminate\\Pipeline\\{closure}()
#29 /var/www/norloxsolutionscrm.com/wowcrm/vendor/laravel/framework/src/Illuminate/Pipeline/Pipeline.php(209): Illuminate\\Cookie\\Middleware\\EncryptCookies->handle()
#30 /var/www/norloxsolutionscrm.com/wowcrm/vendor/laravel/framework/src/Illuminate/Pipeline/Pipeline.php(127): Illuminate\\Pipeline\\Pipeline->Illuminate\\Pipeline\\{closure}()
#31 /var/www/norloxsolutionscrm.com/wowcrm/vendor/laravel/framework/src/Illuminate/Routing/Router.php(807): Illuminate\\Pipeline\\Pipeline->then()
#32 /var/www/norloxsolutionscrm.com/wowcrm/vendor/laravel/framework/src/Illuminate/Routing/Router.php(786): Illuminate\\Routing\\Router->runRouteWithinStack()
#33 /var/www/norloxsolutionscrm.com/wowcrm/vendor/laravel/framework/src/Illuminate/Routing/Router.php(750): Illuminate\\Routing\\Router->runRoute()
#34 /var/www/norloxsolutionscrm.com/wowcrm/vendor/laravel/framework/src/Illuminate/Routing/Router.php(739): Illuminate\\Routing\\Router->dispatchToRoute()
#35 /var/www/norloxsolutionscrm.com/wowcrm/vendor/laravel/framework/src/Illuminate/Foundation/Http/Kernel.php(201): Illuminate\\Routing\\Router->dispatch()
#36 /var/www/norloxsolutionscrm.com/wowcrm/vendor/laravel/framework/src/Illuminate/Pipeline/Pipeline.php(170): Illuminate\\Foundation\\Http\\Kernel->Illuminate\\Foundation\\Http\\{closure}()
#37 /var/www/norloxsolutionscrm.com/wowcrm/vendor/laravel/framework/src/Illuminate/Foundation/Http/Middleware/TransformsRequest.php(21): Illuminate\\Pipeline\\Pipeline->Illuminate\\Pipeline\\{closure}()
#38 /var/www/norloxsolutionscrm.com/wowcrm/vendor/laravel/framework/src/Illuminate/Foundation/Http/Middleware/ConvertEmptyStringsToNull.php(31): Illuminate\\Foundation\\Http\\Middleware\\TransformsRequest->handle()
#39 /var/www/norloxsolutionscrm.com/wowcrm/vendor/laravel/framework/src/Illuminate/Pipeline/Pipeline.php(209): Illuminate\\Foundation\\Http\\Middleware\\ConvertEmptyStringsToNull->handle()
#40 /var/www/norloxsolutionscrm.com/wowcrm/vendor/laravel/framework/src/Illuminate/Foundation/Http/Middleware/TransformsRequest.php(21): Illuminate\\Pipeline\\Pipeline->Illuminate\\Pipeline\\{closure}()
#41 /var/www/norloxsolutionscrm.com/wowcrm/vendor/laravel/framework/src/Illuminate/Foundation/Http/Middleware/TrimStrings.php(51): Illuminate\\Foundation\\Http\\Middleware\\TransformsRequest->handle()
#42 /var/www/norloxsolutionscrm.com/wowcrm/vendor/laravel/framework/src/Illuminate/Pipeline/Pipeline.php(209): Illuminate\\Foundation\\Http\\Middleware\\TrimStrings->handle()
#43 /var/www/norloxsolutionscrm.com/wowcrm/vendor/laravel/framework/src/Illuminate/Http/Middleware/ValidatePostSize.php(27): Illuminate\\Pipeline\\Pipeline->Illuminate\\Pipeline\\{closure}()
#44 /var/www/norloxsolutionscrm.com/wowcrm/vendor/laravel/framework/src/Illuminate/Pipeline/Pipeline.php(209): Illuminate\\Http\\Middleware\\ValidatePostSize->handle()
#45 /var/www/norloxsolutionscrm.com/wowcrm/vendor/laravel/framework/src/Illuminate/Foundation/Http/Middleware/PreventRequestsDuringMaintenance.php(110): Illuminate\\Pipeline\\Pipeline->Illuminate\\Pipeline\\{closure}()
#46 /var/www/norloxsolutionscrm.com/wowcrm/vendor/laravel/framework/src/Illuminate/Pipeline/Pipeline.php(209): Illuminate\\Foundation\\Http\\Middleware\\PreventRequestsDuringMaintenance->handle()
#47 /var/www/norloxsolutionscrm.com/wowcrm/vendor/laravel/framework/src/Illuminate/Http/Middleware/HandleCors.php(49): Illuminate\\Pipeline\\Pipeline->Illuminate\\Pipeline\\{closure}()
#48 /var/www/norloxsolutionscrm.com/wowcrm/vendor/laravel/framework/src/Illuminate/Pipeline/Pipeline.php(209): Illuminate\\Http\\Middleware\\HandleCors->handle()
#49 /var/www/norloxsolutionscrm.com/wowcrm/vendor/laravel/framework/src/Illuminate/Http/Middleware/TrustProxies.php(58): Illuminate\\Pipeline\\Pipeline->Illuminate\\Pipeline\\{closure}()
#50 /var/www/norloxsolutionscrm.com/wowcrm/vendor/laravel/framework/src/Illuminate/Pipeline/Pipeline.php(209): Illuminate\\Http\\Middleware\\TrustProxies->handle()
#51 /var/www/norloxsolutionscrm.com/wowcrm/vendor/laravel/framework/src/Illuminate/Foundation/Http/Middleware/InvokeDeferredCallbacks.php(22): Illuminate\\Pipeline\\Pipeline->Illuminate\\Pipeline\\{closure}()
#52 /var/www/norloxsolutionscrm.com/wowcrm/vendor/laravel/framework/src/Illuminate/Pipeline/Pipeline.php(209): Illuminate\\Foundation\\Http\\Middleware\\InvokeDeferredCallbacks->handle()
#53 /var/www/norloxsolutionscrm.com/wowcrm/vendor/laravel/framework/src/Illuminate/Pipeline/Pipeline.php(127): Illuminate\\Pipeline\\Pipeline->Illuminate\\Pipeline\\{closure}()
#54 /var/www/norloxsolutionscrm.com/wowcrm/vendor/laravel/framework/src/Illuminate/Foundation/Http/Kernel.php(176): Illuminate\\Pipeline\\Pipeline->then()
#55 /var/www/norloxsolutionscrm.com/wowcrm/vendor/laravel/framework/src/Illuminate/Foundation/Http/Kernel.php(145): Illuminate\\Foundation\\Http\\Kernel->sendRequestThroughRouter()
#56 /var/www/norloxsolutionscrm.com/wowcrm/vendor/laravel/framework/src/Illuminate/Foundation/Application.php(1220): Illuminate\\Foundation\\Http\\Kernel->handle()
#57 /var/www/norloxsolutionscrm.com/wowcrm/index.php(17): Illuminate\\Foundation\\Application->handleRequest()
#58 {main}
"} 
[2026-05-27 14:09:05] local.ERROR: Route [seniorupdate ] not defined. {"view":{"view":"/var/www/norloxsolutionscrm.com/wowcrm/resources/views/database/partials/senior_table.blade.php","data":[]},"userId":80,"exception":"[object] (Spatie\\LaravelIgnition\\Exceptions\\ViewException(code: 0): Route [seniorupdate ] not defined. at /var/www/norloxsolutionscrm.com/wowcrm/vendor/laravel/framework/src/Illuminate/Routing/UrlGenerator.php:517)
[stacktrace]
#0 /var/www/norloxsolutionscrm.com/wowcrm/vendor/laravel/framework/src/Illuminate/Foundation/helpers.php(853): Illuminate\\Routing\\UrlGenerator->route()
#1 /var/www/norloxsolutionscrm.com/wowcrm/resources/views/database/partials/senior_table.blade.php(424): route()
#2 /var/www/norloxsolutionscrm.com/wowcrm/vendor/laravel/framework/src/Illuminate/Filesystem/Filesystem.php(123): require('...')
#3 /var/www/norloxsolutionscrm.com/wowcrm/vendor/laravel/framework/src/Illuminate/Filesystem/Filesystem.php(124): Illuminate\\Filesystem\\Filesystem::Illuminate\\Filesystem\\{closure}()
#4 /var/www/norloxsolutionscrm.com/wowcrm/vendor/laravel/framework/src/Illuminate/View/Engines/PhpEngine.php(58): Illuminate\\Filesystem\\Filesystem->getRequire()
#5 /var/www/norloxsolutionscrm.com/wowcrm/vendor/laravel/framework/src/Illuminate/View/Engines/CompilerEngine.php(75): Illuminate\\View\\Engines\\PhpEngine->evaluatePath()
#6 /var/www/norloxsolutionscrm.com/wowcrm/vendor/laravel/framework/src/Illuminate/View/View.php(209): Illuminate\\View\\Engines\\CompilerEngine->get()
#7 /var/www/norloxsolutionscrm.com/wowcrm/vendor/laravel/framework/src/Illuminate/View/View.php(192): Illuminate\\View\\View->getContents()
#8 /var/www/norloxsolutionscrm.com/wowcrm/vendor/laravel/framework/src/Illuminate/View/View.php(161): Illuminate\\View\\View->renderContents()
#9 /var/www/norloxsolutionscrm.com/wowcrm/app/Http/Controllers/GoogleSheetController.php(653): Illuminate\\View\\View->render()
#10 /var/www/norloxsolutionscrm.com/wowcrm/vendor/laravel/framework/src/Illuminate/Routing/ControllerDispatcher.php(47): App\\Http\\Controllers\\GoogleSheetController->senior()
#11 /var/www/norloxsolutionscrm.com/wowcrm/vendor/laravel/framework/src/Illuminate/Routing/Route.php(266): Illuminate\\Routing\\ControllerDispatcher->dispatch()
#12 /var/www/norloxsolutionscrm.com/wowcrm/vendor/laravel/framework/src/Illuminate/Routing/Route.php(212): Illuminate\\Routing\\Route->runController()
#13 /var/www/norloxsolutionscrm.com/wowcrm/vendor/laravel/framework/src/Illuminate/Routing/Router.php(808): Illuminate\\Routing\\Route->run()
#14 /var/www/norloxsolutionscrm.com/wowcrm/vendor/laravel/framework/src/Illuminate/Pipeline/Pipeline.php(170): Illuminate\\Routing\\Router->Illuminate\\Routing\\{closure}()
#15 /var/www/norloxsolutionscrm.com/wowcrm/vendor/laravel/framework/src/Illuminate/Routing/Middleware/SubstituteBindings.php(51): Illuminate\\Pipeline\\Pipeline->Illuminate\\Pipeline\\{closure}()
#16 /var/www/norloxsolutionscrm.com/wowcrm/vendor/laravel/framework/src/Illuminate/Pipeline/Pipeline.php(209): Illuminate\\Routing\\Middleware\\SubstituteBindings->handle()
#17 /var/www/norloxsolutionscrm.com/wowcrm/vendor/laravel/framework/src/Illuminate/Auth/Middleware/Authenticate.php(64): Illuminate\\Pipeline\\Pipeline->Illuminate\\Pipeline\\{closure}()
#18 /var/www/norloxsolutionscrm.com/wowcrm/vendor/laravel/framework/src/Illuminate/Pipeline/Pipeline.php(209): Illuminate\\Auth\\Middleware\\Authenticate->handle()
#19 /var/www/norloxsolutionscrm.com/wowcrm/vendor/laravel/framework/src/Illuminate/Foundation/Http/Middleware/VerifyCsrfToken.php(88): Illuminate\\Pipeline\\Pipeline->Illuminate\\Pipeline\\{closure}()
#20 /var/www/norloxsolutionscrm.com/wowcrm/vendor/laravel/framework/src/Illuminate/Pipeline/Pipeline.php(209): Illuminate\\Foundation\\Http\\Middleware\\VerifyCsrfToken->handle()
#21 /var/www/norloxsolutionscrm.com/wowcrm/vendor/laravel/framework/src/Illuminate/View/Middleware/ShareErrorsFromSession.php(49): Illuminate\\Pipeline\\Pipeline->Illuminate\\Pipeline\\{closure}()
#22 /var/www/norloxsolutionscrm.com/wowcrm/vendor/laravel/framework/src/Illuminate/Pipeline/Pipeline.php(209): Illuminate\\View\\Middleware\\ShareErrorsFromSession->handle()
#23 /var/www/norloxsolutionscrm.com/wowcrm/vendor/laravel/framework/src/Illuminate/Session/Middleware/StartSession.php(121): Illuminate\\Pipeline\\Pipeline->Illuminate\\Pipeline\\{closure}()
#24 /var/www/norloxsolutionscrm.com/wowcrm/vendor/laravel/framework/src/Illuminate/Session/Middleware/StartSession.php(64): Illuminate\\Session\\Middleware\\StartSession->handleStatefulRequest()
#25 /var/www/norloxsolutionscrm.com/wowcrm/vendor/laravel/framework/src/Illuminate/Pipeline/Pipeline.php(209): Illuminate\\Session\\Middleware\\StartSession->handle()
#26 /var/www/norloxsolutionscrm.com/wowcrm/vendor/laravel/framework/src/Illuminate/Cookie/Middleware/AddQueuedCookiesToResponse.php(37): Illuminate\\Pipeline\\Pipeline->Illuminate\\Pipeline\\{closure}()
#27 /var/www/norloxsolutionscrm.com/wowcrm/vendor/laravel/framework/src/Illuminate/Pipeline/Pipeline.php(209): Illuminate\\Cookie\\Middleware\\AddQueuedCookiesToResponse->handle()
#28 /var/www/norloxsolutionscrm.com/wowcrm/vendor/laravel/framework/src/Illuminate/Cookie/Middleware/EncryptCookies.php(75): Illuminate\\Pipeline\\Pipeline->Illuminate\\Pipeline\\{closure}()
#29 /var/www/norloxsolutionscrm.com/wowcrm/vendor/laravel/framework/src/Illuminate/Pipeline/Pipeline.php(209): Illuminate\\Cookie\\Middleware\\EncryptCookies->handle()
#30 /var/www/norloxsolutionscrm.com/wowcrm/vendor/laravel/framework/src/Illuminate/Pipeline/Pipeline.php(127): Illuminate\\Pipeline\\Pipeline->Illuminate\\Pipeline\\{closure}()
#31 /var/www/norloxsolutionscrm.com/wowcrm/vendor/laravel/framework/src/Illuminate/Routing/Router.php(807): Illuminate\\Pipeline\\Pipeline->then()
#32 /var/www/norloxsolutionscrm.com/wowcrm/vendor/laravel/framework/src/Illuminate/Routing/Router.php(786): Illuminate\\Routing\\Router->runRouteWithinStack()
#33 /var/www/norloxsolutionscrm.com/wowcrm/vendor/laravel/framework/src/Illuminate/Routing/Router.php(750): Illuminate\\Routing\\Router->runRoute()
#34 /var/www/norloxsolutionscrm.com/wowcrm/vendor/laravel/framework/src/Illuminate/Routing/Router.php(739): Illuminate\\Routing\\Router->dispatchToRoute()
#35 /var/www/norloxsolutionscrm.com/wowcrm/vendor/laravel/framework/src/Illuminate/Foundation/Http/Kernel.php(201): Illuminate\\Routing\\Router->dispatch()
#36 /var/www/norloxsolutionscrm.com/wowcrm/vendor/laravel/framework/src/Illuminate/Pipeline/Pipeline.php(170): Illuminate\\Foundation\\Http\\Kernel->Illuminate\\Foundation\\Http\\{closure}()
#37 /var/www/norloxsolutionscrm.com/wowcrm/vendor/laravel/framework/src/Illuminate/Foundation/Http/Middleware/TransformsRequest.php(21): Illuminate\\Pipeline\\Pipeline->Illuminate\\Pipeline\\{closure}()
#38 /var/www/norloxsolutionscrm.com/wowcrm/vendor/laravel/framework/src/Illuminate/Foundation/Http/Middleware/ConvertEmptyStringsToNull.php(31): Illuminate\\Foundation\\Http\\Middleware\\TransformsRequest->handle()
#39 /var/www/norloxsolutionscrm.com/wowcrm/vendor/laravel/framework/src/Illuminate/Pipeline/Pipeline.php(209): Illuminate\\Foundation\\Http\\Middleware\\ConvertEmptyStringsToNull->handle()
#40 /var/www/norloxsolutionscrm.com/wowcrm/vendor/laravel/framework/src/Illuminate/Foundation/Http/Middleware/TransformsRequest.php(21): Illuminate\\Pipeline\\Pipeline->Illuminate\\Pipeline\\{closure}()
#41 /var/www/norloxsolutionscrm.com/wowcrm/vendor/laravel/framework/src/Illuminate/Foundation/Http/Middleware/TrimStrings.php(51): Illuminate\\Foundation\\Http\\Middleware\\TransformsRequest->handle()
#42 /var/www/norloxsolutionscrm.com/wowcrm/vendor/laravel/framework/src/Illuminate/Pipeline/Pipeline.php(209): Illuminate\\Foundation\\Http\\Middleware\\TrimStrings->handle()
#43 /var/www/norloxsolutionscrm.com/wowcrm/vendor/laravel/framework/src/Illuminate/Http/Middleware/ValidatePostSize.php(27): Illuminate\\Pipeline\\Pipeline->Illuminate\\Pipeline\\{closure}()
#44 /var/www/norloxsolutionscrm.com/wowcrm/vendor/laravel/framework/src/Illuminate/Pipeline/Pipeline.php(209): Illuminate\\Http\\Middleware\\ValidatePostSize->handle()
#45 /var/www/norloxsolutionscrm.com/wowcrm/vendor/laravel/framework/src/Illuminate/Foundation/Http/Middleware/PreventRequestsDuringMaintenance.php(110): Illuminate\\Pipeline\\Pipeline->Illuminate\\Pipeline\\{closure}()
#46 /var/www/norloxsolutionscrm.com/wowcrm/vendor/laravel/framework/src/Illuminate/Pipeline/Pipeline.php(209): Illuminate\\Foundation\\Http\\Middleware\\PreventRequestsDuringMaintenance->handle()
#47 /var/www/norloxsolutionscrm.com/wowcrm/vendor/laravel/framework/src/Illuminate/Http/Middleware/HandleCors.php(49): Illuminate\\Pipeline\\Pipeline->Illuminate\\Pipeline\\{closure}()
#48 /var/www/norloxsolutionscrm.com/wowcrm/vendor/laravel/framework/src/Illuminate/Pipeline/Pipeline.php(209): Illuminate\\Http\\Middleware\\HandleCors->handle()
#49 /var/www/norloxsolutionscrm.com/wowcrm/vendor/laravel/framework/src/Illuminate/Http/Middleware/TrustProxies.php(58): Illuminate\\Pipeline\\Pipeline->Illuminate\\Pipeline\\{closure}()
#50 /var/www/norloxsolutionscrm.com/wowcrm/vendor/laravel/framework/src/Illuminate/Pipeline/Pipeline.php(209): Illuminate\\Http\\Middleware\\TrustProxies->handle()
#51 /var/www/norloxsolutionscrm.com/wowcrm/vendor/laravel/framework/src/Illuminate/Foundation/Http/Middleware/InvokeDeferredCallbacks.php(22): Illuminate\\Pipeline\\Pipeline->Illuminate\\Pipeline\\{closure}()
#52 /var/www/norloxsolutionscrm.com/wowcrm/vendor/laravel/framework/src/Illuminate/Pipeline/Pipeline.php(209): Illuminate\\Foundation\\Http\\Middleware\\InvokeDeferredCallbacks->handle()
#53 /var/www/norloxsolutionscrm.com/wowcrm/vendor/laravel/framework/src/Illuminate/Pipeline/Pipeline.php(127): Illuminate\\Pipeline\\Pipeline->Illuminate\\Pipeline\\{closure}()
#54 /var/www/norloxsolutionscrm.com/wowcrm/vendor/laravel/framework/src/Illuminate/Foundation/Http/Kernel.php(176): Illuminate\\Pipeline\\Pipeline->then()
#55 /var/www/norloxsolutionscrm.com/wowcrm/vendor/laravel/framework/src/Illuminate/Foundation/Http/Kernel.php(145): Illuminate\\Foundation\\Http\\Kernel->sendRequestThroughRouter()
#56 /var/www/norloxsolutionscrm.com/wowcrm/vendor/laravel/framework/src/Illuminate/Foundation/Application.php(1220): Illuminate\\Foundation\\Http\\Kernel->handle()
#57 /var/www/norloxsolutionscrm.com/wowcrm/index.php(17): Illuminate\\Foundation\\Application->handleRequest()
#58 {main}

[previous exception] [object] (Symfony\\Component\\Routing\\Exception\\RouteNotFoundException(code: 0): Route [seniorupdate ] not defined. at /var/www/norloxsolutionscrm.com/wowcrm/vendor/laravel/framework/src/Illuminate/Routing/UrlGenerator.php:517)
[stacktrace]
#0 /var/www/norloxsolutionscrm.com/wowcrm/vendor/laravel/framework/src/Illuminate/Foundation/helpers.php(853): Illuminate\\Routing\\UrlGenerator->route()
#1 /var/www/norloxsolutionscrm.com/wowcrm/storage/framework/views/b568d3b64614f3fac28acdc28d43a038.php(432): route()
#2 /var/www/norloxsolutionscrm.com/wowcrm/vendor/laravel/framework/src/Illuminate/Filesystem/Filesystem.php(123): require('...')
#3 /var/www/norloxsolutionscrm.com/wowcrm/vendor/laravel/framework/src/Illuminate/Filesystem/Filesystem.php(124): Illuminate\\Filesystem\\Filesystem::Illuminate\\Filesystem\\{closure}()
#4 /var/www/norloxsolutionscrm.com/wowcrm/vendor/laravel/framework/src/Illuminate/View/Engines/PhpEngine.php(58): Illuminate\\Filesystem\\Filesystem->getRequire()
#5 /var/www/norloxsolutionscrm.com/wowcrm/vendor/laravel/framework/src/Illuminate/View/Engines/CompilerEngine.php(75): Illuminate\\View\\Engines\\PhpEngine->evaluatePath()
#6 /var/www/norloxsolutionscrm.com/wowcrm/vendor/laravel/framework/src/Illuminate/View/View.php(209): Illuminate\\View\\Engines\\CompilerEngine->get()
#7 /var/www/norloxsolutionscrm.com/wowcrm/vendor/laravel/framework/src/Illuminate/View/View.php(192): Illuminate\\View\\View->getContents()
#8 /var/www/norloxsolutionscrm.com/wowcrm/vendor/laravel/framework/src/Illuminate/View/View.php(161): Illuminate\\View\\View->renderContents()
#9 /var/www/norloxsolutionscrm.com/wowcrm/app/Http/Controllers/GoogleSheetController.php(653): Illuminate\\View\\View->render()
#10 /var/www/norloxsolutionscrm.com/wowcrm/vendor/laravel/framework/src/Illuminate/Routing/ControllerDispatcher.php(47): App\\Http\\Controllers\\GoogleSheetController->senior()
#11 /var/www/norloxsolutionscrm.com/wowcrm/vendor/laravel/framework/src/Illuminate/Routing/Route.php(266): Illuminate\\Routing\\ControllerDispatcher->dispatch()
#12 /var/www/norloxsolutionscrm.com/wowcrm/vendor/laravel/framework/src/Illuminate/Routing/Route.php(212): Illuminate\\Routing\\Route->runController()
#13 /var/www/norloxsolutionscrm.com/wowcrm/vendor/laravel/framework/src/Illuminate/Routing/Router.php(808): Illuminate\\Routing\\Route->run()
#14 /var/www/norloxsolutionscrm.com/wowcrm/vendor/laravel/framework/src/Illuminate/Pipeline/Pipeline.php(170): Illuminate\\Routing\\Router->Illuminate\\Routing\\{closure}()
#15 /var/www/norloxsolutionscrm.com/wowcrm/vendor/laravel/framework/src/Illuminate/Routing/Middleware/SubstituteBindings.php(51): Illuminate\\Pipeline\\Pipeline->Illuminate\\Pipeline\\{closure}()
#16 /var/www/norloxsolutionscrm.com/wowcrm/vendor/laravel/framework/src/Illuminate/Pipeline/Pipeline.php(209): Illuminate\\Routing\\Middleware\\SubstituteBindings->handle()
#17 /var/www/norloxsolutionscrm.com/wowcrm/vendor/laravel/framework/src/Illuminate/Auth/Middleware/Authenticate.php(64): Illuminate\\Pipeline\\Pipeline->Illuminate\\Pipeline\\{closure}()
#18 /var/www/norloxsolutionscrm.com/wowcrm/vendor/laravel/framework/src/Illuminate/Pipeline/Pipeline.php(209): Illuminate\\Auth\\Middleware\\Authenticate->handle()
#19 /var/www/norloxsolutionscrm.com/wowcrm/vendor/laravel/framework/src/Illuminate/Foundation/Http/Middleware/VerifyCsrfToken.php(88): Illuminate\\Pipeline\\Pipeline->Illuminate\\Pipeline\\{closure}()
#20 /var/www/norloxsolutionscrm.com/wowcrm/vendor/laravel/framework/src/Illuminate/Pipeline/Pipeline.php(209): Illuminate\\Foundation\\Http\\Middleware\\VerifyCsrfToken->handle()
#21 /var/www/norloxsolutionscrm.com/wowcrm/vendor/laravel/framework/src/Illuminate/View/Middleware/ShareErrorsFromSession.php(49): Illuminate\\Pipeline\\Pipeline->Illuminate\\Pipeline\\{closure}()
#22 /var/www/norloxsolutionscrm.com/wowcrm/vendor/laravel/framework/src/Illuminate/Pipeline/Pipeline.php(209): Illuminate\\View\\Middleware\\ShareErrorsFromSession->handle()
#23 /var/www/norloxsolutionscrm.com/wowcrm/vendor/laravel/framework/src/Illuminate/Session/Middleware/StartSession.php(121): Illuminate\\Pipeline\\Pipeline->Illuminate\\Pipeline\\{closure}()
#24 /var/www/norloxsolutionscrm.com/wowcrm/vendor/laravel/framework/src/Illuminate/Session/Middleware/StartSession.php(64): Illuminate\\Session\\Middleware\\StartSession->handleStatefulRequest()
#25 /var/www/norloxsolutionscrm.com/wowcrm/vendor/laravel/framework/src/Illuminate/Pipeline/Pipeline.php(209): Illuminate\\Session\\Middleware\\StartSession->handle()
#26 /var/www/norloxsolutionscrm.com/wowcrm/vendor/laravel/framework/src/Illuminate/Cookie/Middleware/AddQueuedCookiesToResponse.php(37): Illuminate\\Pipeline\\Pipeline->Illuminate\\Pipeline\\{closure}()
#27 /var/www/norloxsolutionscrm.com/wowcrm/vendor/laravel/framework/src/Illuminate/Pipeline/Pipeline.php(209): Illuminate\\Cookie\\Middleware\\AddQueuedCookiesToResponse->handle()
#28 /var/www/norloxsolutionscrm.com/wowcrm/vendor/laravel/framework/src/Illuminate/Cookie/Middleware/EncryptCookies.php(75): Illuminate\\Pipeline\\Pipeline->Illuminate\\Pipeline\\{closure}()
#29 /var/www/norloxsolutionscrm.com/wowcrm/vendor/laravel/framework/src/Illuminate/Pipeline/Pipeline.php(209): Illuminate\\Cookie\\Middleware\\EncryptCookies->handle()
#30 /var/www/norloxsolutionscrm.com/wowcrm/vendor/laravel/framework/src/Illuminate/Pipeline/Pipeline.php(127): Illuminate\\Pipeline\\Pipeline->Illuminate\\Pipeline\\{closure}()
#31 /var/www/norloxsolutionscrm.com/wowcrm/vendor/laravel/framework/src/Illuminate/Routing/Router.php(807): Illuminate\\Pipeline\\Pipeline->then()
#32 /var/www/norloxsolutionscrm.com/wowcrm/vendor/laravel/framework/src/Illuminate/Routing/Router.php(786): Illuminate\\Routing\\Router->runRouteWithinStack()
#33 /var/www/norloxsolutionscrm.com/wowcrm/vendor/laravel/framework/src/Illuminate/Routing/Router.php(750): Illuminate\\Routing\\Router->runRoute()
#34 /var/www/norloxsolutionscrm.com/wowcrm/vendor/laravel/framework/src/Illuminate/Routing/Router.php(739): Illuminate\\Routing\\Router->dispatchToRoute()
#35 /var/www/norloxsolutionscrm.com/wowcrm/vendor/laravel/framework/src/Illuminate/Foundation/Http/Kernel.php(201): Illuminate\\Routing\\Router->dispatch()
#36 /var/www/norloxsolutionscrm.com/wowcrm/vendor/laravel/framework/src/Illuminate/Pipeline/Pipeline.php(170): Illuminate\\Foundation\\Http\\Kernel->Illuminate\\Foundation\\Http\\{closure}()
#37 /var/www/norloxsolutionscrm.com/wowcrm/vendor/laravel/framework/src/Illuminate/Foundation/Http/Middleware/TransformsRequest.php(21): Illuminate\\Pipeline\\Pipeline->Illuminate\\Pipeline\\{closure}()
#38 /var/www/norloxsolutionscrm.com/wowcrm/vendor/laravel/framework/src/Illuminate/Foundation/Http/Middleware/ConvertEmptyStringsToNull.php(31): Illuminate\\Foundation\\Http\\Middleware\\TransformsRequest->handle()
#39 /var/www/norloxsolutionscrm.com/wowcrm/vendor/laravel/framework/src/Illuminate/Pipeline/Pipeline.php(209): Illuminate\\Foundation\\Http\\Middleware\\ConvertEmptyStringsToNull->handle()
#40 /var/www/norloxsolutionscrm.com/wowcrm/vendor/laravel/framework/src/Illuminate/Foundation/Http/Middleware/TransformsRequest.php(21): Illuminate\\Pipeline\\Pipeline->Illuminate\\Pipeline\\{closure}()
#41 /var/www/norloxsolutionscrm.com/wowcrm/vendor/laravel/framework/src/Illuminate/Foundation/Http/Middleware/TrimStrings.php(51): Illuminate\\Foundation\\Http\\Middleware\\TransformsRequest->handle()
#42 /var/www/norloxsolutionscrm.com/wowcrm/vendor/laravel/framework/src/Illuminate/Pipeline/Pipeline.php(209): Illuminate\\Foundation\\Http\\Middleware\\TrimStrings->handle()
#43 /var/www/norloxsolutionscrm.com/wowcrm/vendor/laravel/framework/src/Illuminate/Http/Middleware/ValidatePostSize.php(27): Illuminate\\Pipeline\\Pipeline->Illuminate\\Pipeline\\{closure}()
#44 /var/www/norloxsolutionscrm.com/wowcrm/vendor/laravel/framework/src/Illuminate/Pipeline/Pipeline.php(209): Illuminate\\Http\\Middleware\\ValidatePostSize->handle()
#45 /var/www/norloxsolutionscrm.com/wowcrm/vendor/laravel/framework/src/Illuminate/Foundation/Http/Middleware/PreventRequestsDuringMaintenance.php(110): Illuminate\\Pipeline\\Pipeline->Illuminate\\Pipeline\\{closure}()
#46 /var/www/norloxsolutionscrm.com/wowcrm/vendor/laravel/framework/src/Illuminate/Pipeline/Pipeline.php(209): Illuminate\\Foundation\\Http\\Middleware\\PreventRequestsDuringMaintenance->handle()
#47 /var/www/norloxsolutionscrm.com/wowcrm/vendor/laravel/framework/src/Illuminate/Http/Middleware/HandleCors.php(49): Illuminate\\Pipeline\\Pipeline->Illuminate\\Pipeline\\{closure}()
#48 /var/www/norloxsolutionscrm.com/wowcrm/vendor/laravel/framework/src/Illuminate/Pipeline/Pipeline.php(209): Illuminate\\Http\\Middleware\\HandleCors->handle()
#49 /var/www/norloxsolutionscrm.com/wowcrm/vendor/laravel/framework/src/Illuminate/Http/Middleware/TrustProxies.php(58): Illuminate\\Pipeline\\Pipeline->Illuminate\\Pipeline\\{closure}()
#50 /var/www/norloxsolutionscrm.com/wowcrm/vendor/laravel/framework/src/Illuminate/Pipeline/Pipeline.php(209): Illuminate\\Http\\Middleware\\TrustProxies->handle()
#51 /var/www/norloxsolutionscrm.com/wowcrm/vendor/laravel/framework/src/Illuminate/Foundation/Http/Middleware/InvokeDeferredCallbacks.php(22): Illuminate\\Pipeline\\Pipeline->Illuminate\\Pipeline\\{closure}()
#52 /var/www/norloxsolutionscrm.com/wowcrm/vendor/laravel/framework/src/Illuminate/Pipeline/Pipeline.php(209): Illuminate\\Foundation\\Http\\Middleware\\InvokeDeferredCallbacks->handle()
#53 /var/www/norloxsolutionscrm.com/wowcrm/vendor/laravel/framework/src/Illuminate/Pipeline/Pipeline.php(127): Illuminate\\Pipeline\\Pipeline->Illuminate\\Pipeline\\{closure}()
#54 /var/www/norloxsolutionscrm.com/wowcrm/vendor/laravel/framework/src/Illuminate/Foundation/Http/Kernel.php(176): Illuminate\\Pipeline\\Pipeline->then()
#55 /var/www/norloxsolutionscrm.com/wowcrm/vendor/laravel/framework/src/Illuminate/Foundation/Http/Kernel.php(145): Illuminate\\Foundation\\Http\\Kernel->sendRequestThroughRouter()
#56 /var/www/norloxsolutionscrm.com/wowcrm/vendor/laravel/framework/src/Illuminate/Foundation/Application.php(1220): Illuminate\\Foundation\\Http\\Kernel->handle()
#57 /var/www/norloxsolutionscrm.com/wowcrm/index.php(17): Illuminate\\Foundation\\Application->handleRequest()
#58 {main}
"} 
[2026-05-27 14:18:15] local.ERROR: Route [seniorupdate ] not defined. {"view":{"view":"/var/www/norloxsolutionscrm.com/wowcrm/resources/views/database/partials/senior_table.blade.php","data":[]},"userId":59,"exception":"[object] (Spatie\\LaravelIgnition\\Exceptions\\ViewException(code: 0): Route [seniorupdate ] not defined. at /var/www/norloxsolutionscrm.com/wowcrm/vendor/laravel/framework/src/Illuminate/Routing/UrlGenerator.php:517)
[stacktrace]
#0 /var/www/norloxsolutionscrm.com/wowcrm/vendor/laravel/framework/src/Illuminate/Foundation/helpers.php(853): Illuminate\\Routing\\UrlGenerator->route()
#1 /var/www/norloxsolutionscrm.com/wowcrm/resources/views/database/partials/senior_table.blade.php(424): route()
#2 /var/www/norloxsolutionscrm.com/wowcrm/vendor/laravel/framework/src/Illuminate/Filesystem/Filesystem.php(123): require('...')
#3 /var/www/norloxsolutionscrm.com/wowcrm/vendor/laravel/framework/src/Illuminate/Filesystem/Filesystem.php(124): Illuminate\\Filesystem\\Filesystem::Illuminate\\Filesystem\\{closure}()
#4 /var/www/norloxsolutionscrm.com/wowcrm/vendor/laravel/framework/src/Illuminate/View/Engines/PhpEngine.php(58): Illuminate\\Filesystem\\Filesystem->getRequire()
#5 /var/www/norloxsolutionscrm.com/wowcrm/vendor/laravel/framework/src/Illuminate/View/Engines/CompilerEngine.php(75): Illuminate\\View\\Engines\\PhpEngine->evaluatePath()
#6 /var/www/norloxsolutionscrm.com/wowcrm/vendor/laravel/framework/src/Illuminate/View/View.php(209): Illuminate\\View\\Engines\\CompilerEngine->get()
#7 /var/www/norloxsolutionscrm.com/wowcrm/vendor/laravel/framework/src/Illuminate/View/View.php(192): Illuminate\\View\\View->getContents()
#8 /var/www/norloxsolutionscrm.com/wowcrm/vendor/laravel/framework/src/Illuminate/View/View.php(161): Illuminate\\View\\View->renderContents()
#9 /var/www/norloxsolutionscrm.com/wowcrm/app/Http/Controllers/GoogleSheetController.php(8464): Illuminate\\View\\View->render()
#10 /var/www/norloxsolutionscrm.com/wowcrm/vendor/laravel/framework/src/Illuminate/Routing/ControllerDispatcher.php(47): App\\Http\\Controllers\\GoogleSheetController->accountant()
#11 /var/www/norloxsolutionscrm.com/wowcrm/vendor/laravel/framework/src/Illuminate/Routing/Route.php(266): Illuminate\\Routing\\ControllerDispatcher->dispatch()
#12 /var/www/norloxsolutionscrm.com/wowcrm/vendor/laravel/framework/src/Illuminate/Routing/Route.php(212): Illuminate\\Routing\\Route->runController()
#13 /var/www/norloxsolutionscrm.com/wowcrm/vendor/laravel/framework/src/Illuminate/Routing/Router.php(808): Illuminate\\Routing\\Route->run()
#14 /var/www/norloxsolutionscrm.com/wowcrm/vendor/laravel/framework/src/Illuminate/Pipeline/Pipeline.php(170): Illuminate\\Routing\\Router->Illuminate\\Routing\\{closure}()
#15 /var/www/norloxsolutionscrm.com/wowcrm/vendor/laravel/framework/src/Illuminate/Routing/Middleware/SubstituteBindings.php(51): Illuminate\\Pipeline\\Pipeline->Illuminate\\Pipeline\\{closure}()
#16 /var/www/norloxsolutionscrm.com/wowcrm/vendor/laravel/framework/src/Illuminate/Pipeline/Pipeline.php(209): Illuminate\\Routing\\Middleware\\SubstituteBindings->handle()
#17 /var/www/norloxsolutionscrm.com/wowcrm/vendor/laravel/framework/src/Illuminate/Auth/Middleware/Authenticate.php(64): Illuminate\\Pipeline\\Pipeline->Illuminate\\Pipeline\\{closure}()
#18 /var/www/norloxsolutionscrm.com/wowcrm/vendor/laravel/framework/src/Illuminate/Pipeline/Pipeline.php(209): Illuminate\\Auth\\Middleware\\Authenticate->handle()
#19 /var/www/norloxsolutionscrm.com/wowcrm/vendor/laravel/framework/src/Illuminate/Foundation/Http/Middleware/VerifyCsrfToken.php(88): Illuminate\\Pipeline\\Pipeline->Illuminate\\Pipeline\\{closure}()
#20 /var/www/norloxsolutionscrm.com/wowcrm/vendor/laravel/framework/src/Illuminate/Pipeline/Pipeline.php(209): Illuminate\\Foundation\\Http\\Middleware\\VerifyCsrfToken->handle()
#21 /var/www/norloxsolutionscrm.com/wowcrm/vendor/laravel/framework/src/Illuminate/View/Middleware/ShareErrorsFromSession.php(49): Illuminate\\Pipeline\\Pipeline->Illuminate\\Pipeline\\{closure}()
#22 /var/www/norloxsolutionscrm.com/wowcrm/vendor/laravel/framework/src/Illuminate/Pipeline/Pipeline.php(209): Illuminate\\View\\Middleware\\ShareErrorsFromSession->handle()
#23 /var/www/norloxsolutionscrm.com/wowcrm/vendor/laravel/framework/src/Illuminate/Session/Middleware/StartSession.php(121): Illuminate\\Pipeline\\Pipeline->Illuminate\\Pipeline\\{closure}()
#24 /var/www/norloxsolutionscrm.com/wowcrm/vendor/laravel/framework/src/Illuminate/Session/Middleware/StartSession.php(64): Illuminate\\Session\\Middleware\\StartSession->handleStatefulRequest()
#25 /var/www/norloxsolutionscrm.com/wowcrm/vendor/laravel/framework/src/Illuminate/Pipeline/Pipeline.php(209): Illuminate\\Session\\Middleware\\StartSession->handle()
#26 /var/www/norloxsolutionscrm.com/wowcrm/vendor/laravel/framework/src/Illuminate/Cookie/Middleware/AddQueuedCookiesToResponse.php(37): Illuminate\\Pipeline\\Pipeline->Illuminate\\Pipeline\\{closure}()
#27 /var/www/norloxsolutionscrm.com/wowcrm/vendor/laravel/framework/src/Illuminate/Pipeline/Pipeline.php(209): Illuminate\\Cookie\\Middleware\\AddQueuedCookiesToResponse->handle()
#28 /var/www/norloxsolutionscrm.com/wowcrm/vendor/laravel/framework/src/Illuminate/Cookie/Middleware/EncryptCookies.php(75): Illuminate\\Pipeline\\Pipeline->Illuminate\\Pipeline\\{closure}()
#29 /var/www/norloxsolutionscrm.com/wowcrm/vendor/laravel/framework/src/Illuminate/Pipeline/Pipeline.php(209): Illuminate\\Cookie\\Middleware\\EncryptCookies->handle()
#30 /var/www/norloxsolutionscrm.com/wowcrm/vendor/laravel/framework/src/Illuminate/Pipeline/Pipeline.php(127): Illuminate\\Pipeline\\Pipeline->Illuminate\\Pipeline\\{closure}()
#31 /var/www/norloxsolutionscrm.com/wowcrm/vendor/laravel/framework/src/Illuminate/Routing/Router.php(807): Illuminate\\Pipeline\\Pipeline->then()
#32 /var/www/norloxsolutionscrm.com/wowcrm/vendor/laravel/framework/src/Illuminate/Routing/Router.php(786): Illuminate\\Routing\\Router->runRouteWithinStack()
#33 /var/www/norloxsolutionscrm.com/wowcrm/vendor/laravel/framework/src/Illuminate/Routing/Router.php(750): Illuminate\\Routing\\Router->runRoute()
#34 /var/www/norloxsolutionscrm.com/wowcrm/vendor/laravel/framework/src/Illuminate/Routing/Router.php(739): Illuminate\\Routing\\Router->dispatchToRoute()
#35 /var/www/norloxsolutionscrm.com/wowcrm/vendor/laravel/framework/src/Illuminate/Foundation/Http/Kernel.php(201): Illuminate\\Routing\\Router->dispatch()
#36 /var/www/norloxsolutionscrm.com/wowcrm/vendor/laravel/framework/src/Illuminate/Pipeline/Pipeline.php(170): Illuminate\\Foundation\\Http\\Kernel->Illuminate\\Foundation\\Http\\{closure}()
#37 /var/www/norloxsolutionscrm.com/wowcrm/vendor/laravel/framework/src/Illuminate/Foundation/Http/Middleware/TransformsRequest.php(21): Illuminate\\Pipeline\\Pipeline->Illuminate\\Pipeline\\{closure}()
#38 /var/www/norloxsolutionscrm.com/wowcrm/vendor/laravel/framework/src/Illuminate/Foundation/Http/Middleware/ConvertEmptyStringsToNull.php(31): Illuminate\\Foundation\\Http\\Middleware\\TransformsRequest->handle()
#39 /var/www/norloxsolutionscrm.com/wowcrm/vendor/laravel/framework/src/Illuminate/Pipeline/Pipeline.php(209): Illuminate\\Foundation\\Http\\Middleware\\ConvertEmptyStringsToNull->handle()
#40 /var/www/norloxsolutionscrm.com/wowcrm/vendor/laravel/framework/src/Illuminate/Foundation/Http/Middleware/TransformsRequest.php(21): Illuminate\\Pipeline\\Pipeline->Illuminate\\Pipeline\\{closure}()
#41 /var/www/norloxsolutionscrm.com/wowcrm/vendor/laravel/framework/src/Illuminate/Foundation/Http/Middleware/TrimStrings.php(51): Illuminate\\Foundation\\Http\\Middleware\\TransformsRequest->handle()
#42 /var/www/norloxsolutionscrm.com/wowcrm/vendor/laravel/framework/src/Illuminate/Pipeline/Pipeline.php(209): Illuminate\\Foundation\\Http\\Middleware\\TrimStrings->handle()
#43 /var/www/norloxsolutionscrm.com/wowcrm/vendor/laravel/framework/src/Illuminate/Http/Middleware/ValidatePostSize.php(27): Illuminate\\Pipeline\\Pipeline->Illuminate\\Pipeline\\{closure}()
#44 /var/www/norloxsolutionscrm.com/wowcrm/vendor/laravel/framework/src/Illuminate/Pipeline/Pipeline.php(209): Illuminate\\Http\\Middleware\\ValidatePostSize->handle()
#45 /var/www/norloxsolutionscrm.com/wowcrm/vendor/laravel/framework/src/Illuminate/Foundation/Http/Middleware/PreventRequestsDuringMaintenance.php(110): Illuminate\\Pipeline\\Pipeline->Illuminate\\Pipeline\\{closure}()
#46 /var/www/norloxsolutionscrm.com/wowcrm/vendor/laravel/framework/src/Illuminate/Pipeline/Pipeline.php(209): Illuminate\\Foundation\\Http\\Middleware\\PreventRequestsDuringMaintenance->handle()
#47 /var/www/norloxsolutionscrm.com/wowcrm/vendor/laravel/framework/src/Illuminate/Http/Middleware/HandleCors.php(49): Illuminate\\Pipeline\\Pipeline->Illuminate\\Pipeline\\{closure}()
#48 /var/www/norloxsolutionscrm.com/wowcrm/vendor/laravel/framework/src/Illuminate/Pipeline/Pipeline.php(209): Illuminate\\Http\\Middleware\\HandleCors->handle()
#49 /var/www/norloxsolutionscrm.com/wowcrm/vendor/laravel/framework/src/Illuminate/Http/Middleware/TrustProxies.php(58): Illuminate\\Pipeline\\Pipeline->Illuminate\\Pipeline\\{closure}()
#50 /var/www/norloxsolutionscrm.com/wowcrm/vendor/laravel/framework/src/Illuminate/Pipeline/Pipeline.php(209): Illuminate\\Http\\Middleware\\TrustProxies->handle()
#51 /var/www/norloxsolutionscrm.com/wowcrm/vendor/laravel/framework/src/Illuminate/Foundation/Http/Middleware/InvokeDeferredCallbacks.php(22): Illuminate\\Pipeline\\Pipeline->Illuminate\\Pipeline\\{closure}()
#52 /var/www/norloxsolutionscrm.com/wowcrm/vendor/laravel/framework/src/Illuminate/Pipeline/Pipeline.php(209): Illuminate\\Foundation\\Http\\Middleware\\InvokeDeferredCallbacks->handle()
#53 /var/www/norloxsolutionscrm.com/wowcrm/vendor/laravel/framework/src/Illuminate/Pipeline/Pipeline.php(127): Illuminate\\Pipeline\\Pipeline->Illuminate\\Pipeline\\{closure}()
#54 /var/www/norloxsolutionscrm.com/wowcrm/vendor/laravel/framework/src/Illuminate/Foundation/Http/Kernel.php(176): Illuminate\\Pipeline\\Pipeline->then()
#55 /var/www/norloxsolutionscrm.com/wowcrm/vendor/laravel/framework/src/Illuminate/Foundation/Http/Kernel.php(145): Illuminate\\Foundation\\Http\\Kernel->sendRequestThroughRouter()
#56 /var/www/norloxsolutionscrm.com/wowcrm/vendor/laravel/framework/src/Illuminate/Foundation/Application.php(1220): Illuminate\\Foundation\\Http\\Kernel->handle()
#57 /var/www/norloxsolutionscrm.com/wowcrm/index.php(17): Illuminate\\Foundation\\Application->handleRequest()
#58 {main}

[previous exception] [object] (Symfony\\Component\\Routing\\Exception\\RouteNotFoundException(code: 0): Route [seniorupdate ] not defined. at /var/www/norloxsolutionscrm.com/wowcrm/vendor/laravel/framework/src/Illuminate/Routing/UrlGenerator.php:517)
[stacktrace]
#0 /var/www/norloxsolutionscrm.com/wowcrm/vendor/laravel/framework/src/Illuminate/Foundation/helpers.php(853): Illuminate\\Routing\\UrlGenerator->route()
#1 /var/www/norloxsolutionscrm.com/wowcrm/storage/framework/views/b568d3b64614f3fac28acdc28d43a038.php(432): route()
#2 /var/www/norloxsolutionscrm.com/wowcrm/vendor/laravel/framework/src/Illuminate/Filesystem/Filesystem.php(123): require('...')
#3 /var/www/norloxsolutionscrm.com/wowcrm/vendor/laravel/framework/src/Illuminate/Filesystem/Filesystem.php(124): Illuminate\\Filesystem\\Filesystem::Illuminate\\Filesystem\\{closure}()
#4 /var/www/norloxsolutionscrm.com/wowcrm/vendor/laravel/framework/src/Illuminate/View/Engines/PhpEngine.php(58): Illuminate\\Filesystem\\Filesystem->getRequire()
#5 /var/www/norloxsolutionscrm.com/wowcrm/vendor/laravel/framework/src/Illuminate/View/Engines/CompilerEngine.php(75): Illuminate\\View\\Engines\\PhpEngine->evaluatePath()
#6 /var/www/norloxsolutionscrm.com/wowcrm/vendor/laravel/framework/src/Illuminate/View/View.php(209): Illuminate\\View\\Engines\\CompilerEngine->get()
#7 /var/www/norloxsolutionscrm.com/wowcrm/vendor/laravel/framework/src/Illuminate/View/View.php(192): Illuminate\\View\\View->getContents()
#8 /var/www/norloxsolutionscrm.com/wowcrm/vendor/laravel/framework/src/Illuminate/View/View.php(161): Illuminate\\View\\View->renderContents()
#9 /var/www/norloxsolutionscrm.com/wowcrm/app/Http/Controllers/GoogleSheetController.php(8464): Illuminate\\View\\View->render()
#10 /var/www/norloxsolutionscrm.com/wowcrm/vendor/laravel/framework/src/Illuminate/Routing/ControllerDispatcher.php(47): App\\Http\\Controllers\\GoogleSheetController->accountant()
#11 /var/www/norloxsolutionscrm.com/wowcrm/vendor/laravel/framework/src/Illuminate/Routing/Route.php(266): Illuminate\\Routing\\ControllerDispatcher->dispatch()
#12 /var/www/norloxsolutionscrm.com/wowcrm/vendor/laravel/framework/src/Illuminate/Routing/Route.php(212): Illuminate\\Routing\\Route->runController()
#13 /var/www/norloxsolutionscrm.com/wowcrm/vendor/laravel/framework/src/Illuminate/Routing/Router.php(808): Illuminate\\Routing\\Route->run()
#14 /var/www/norloxsolutionscrm.com/wowcrm/vendor/laravel/framework/src/Illuminate/Pipeline/Pipeline.php(170): Illuminate\\Routing\\Router->Illuminate\\Routing\\{closure}()
#15 /var/www/norloxsolutionscrm.com/wowcrm/vendor/laravel/framework/src/Illuminate/Routing/Middleware/SubstituteBindings.php(51): Illuminate\\Pipeline\\Pipeline->Illuminate\\Pipeline\\{closure}()
#16 /var/www/norloxsolutionscrm.com/wowcrm/vendor/laravel/framework/src/Illuminate/Pipeline/Pipeline.php(209): Illuminate\\Routing\\Middleware\\SubstituteBindings->handle()
#17 /var/www/norloxsolutionscrm.com/wowcrm/vendor/laravel/framework/src/Illuminate/Auth/Middleware/Authenticate.php(64): Illuminate\\Pipeline\\Pipeline->Illuminate\\Pipeline\\{closure}()
#18 /var/www/norloxsolutionscrm.com/wowcrm/vendor/laravel/framework/src/Illuminate/Pipeline/Pipeline.php(209): Illuminate\\Auth\\Middleware\\Authenticate->handle()
#19 /var/www/norloxsolutionscrm.com/wowcrm/vendor/laravel/framework/src/Illuminate/Foundation/Http/Middleware/VerifyCsrfToken.php(88): Illuminate\\Pipeline\\Pipeline->Illuminate\\Pipeline\\{closure}()
#20 /var/www/norloxsolutionscrm.com/wowcrm/vendor/laravel/framework/src/Illuminate/Pipeline/Pipeline.php(209): Illuminate\\Foundation\\Http\\Middleware\\VerifyCsrfToken->handle()
#21 /var/www/norloxsolutionscrm.com/wowcrm/vendor/laravel/framework/src/Illuminate/View/Middleware/ShareErrorsFromSession.php(49): Illuminate\\Pipeline\\Pipeline->Illuminate\\Pipeline\\{closure}()
#22 /var/www/norloxsolutionscrm.com/wowcrm/vendor/laravel/framework/src/Illuminate/Pipeline/Pipeline.php(209): Illuminate\\View\\Middleware\\ShareErrorsFromSession->handle()
#23 /var/www/norloxsolutionscrm.com/wowcrm/vendor/laravel/framework/src/Illuminate/Session/Middleware/StartSession.php(121): Illuminate\\Pipeline\\Pipeline->Illuminate\\Pipeline\\{closure}()
#24 /var/www/norloxsolutionscrm.com/wowcrm/vendor/laravel/framework/src/Illuminate/Session/Middleware/StartSession.php(64): Illuminate\\Session\\Middleware\\StartSession->handleStatefulRequest()
#25 /var/www/norloxsolutionscrm.com/wowcrm/vendor/laravel/framework/src/Illuminate/Pipeline/Pipeline.php(209): Illuminate\\Session\\Middleware\\StartSession->handle()
#26 /var/www/norloxsolutionscrm.com/wowcrm/vendor/laravel/framework/src/Illuminate/Cookie/Middleware/AddQueuedCookiesToResponse.php(37): Illuminate\\Pipeline\\Pipeline->Illuminate\\Pipeline\\{closure}()
#27 /var/www/norloxsolutionscrm.com/wowcrm/vendor/laravel/framework/src/Illuminate/Pipeline/Pipeline.php(209): Illuminate\\Cookie\\Middleware\\AddQueuedCookiesToResponse->handle()
#28 /var/www/norloxsolutionscrm.com/wowcrm/vendor/laravel/framework/src/Illuminate/Cookie/Middleware/EncryptCookies.php(75): Illuminate\\Pipeline\\Pipeline->Illuminate\\Pipeline\\{closure}()
#29 /var/www/norloxsolutionscrm.com/wowcrm/vendor/laravel/framework/src/Illuminate/Pipeline/Pipeline.php(209): Illuminate\\Cookie\\Middleware\\EncryptCookies->handle()
#30 /var/www/norloxsolutionscrm.com/wowcrm/vendor/laravel/framework/src/Illuminate/Pipeline/Pipeline.php(127): Illuminate\\Pipeline\\Pipeline->Illuminate\\Pipeline\\{closure}()
#31 /var/www/norloxsolutionscrm.com/wowcrm/vendor/laravel/framework/src/Illuminate/Routing/Router.php(807): Illuminate\\Pipeline\\Pipeline->then()
#32 /var/www/norloxsolutionscrm.com/wowcrm/vendor/laravel/framework/src/Illuminate/Routing/Router.php(786): Illuminate\\Routing\\Router->runRouteWithinStack()
#33 /var/www/norloxsolutionscrm.com/wowcrm/vendor/laravel/framework/src/Illuminate/Routing/Router.php(750): Illuminate\\Routing\\Router->runRoute()
#34 /var/www/norloxsolutionscrm.com/wowcrm/vendor/laravel/framework/src/Illuminate/Routing/Router.php(739): Illuminate\\Routing\\Router->dispatchToRoute()
#35 /var/www/norloxsolutionscrm.com/wowcrm/vendor/laravel/framework/src/Illuminate/Foundation/Http/Kernel.php(201): Illuminate\\Routing\\Router->dispatch()
#36 /var/www/norloxsolutionscrm.com/wowcrm/vendor/laravel/framework/src/Illuminate/Pipeline/Pipeline.php(170): Illuminate\\Foundation\\Http\\Kernel->Illuminate\\Foundation\\Http\\{closure}()
#37 /var/www/norloxsolutionscrm.com/wowcrm/vendor/laravel/framework/src/Illuminate/Foundation/Http/Middleware/TransformsRequest.php(21): Illuminate\\Pipeline\\Pipeline->Illuminate\\Pipeline\\{closure}()
#38 /var/www/norloxsolutionscrm.com/wowcrm/vendor/laravel/framework/src/Illuminate/Foundation/Http/Middleware/ConvertEmptyStringsToNull.php(31): Illuminate\\Foundation\\Http\\Middleware\\TransformsRequest->handle()
#39 /var/www/norloxsolutionscrm.com/wowcrm/vendor/laravel/framework/src/Illuminate/Pipeline/Pipeline.php(209): Illuminate\\Foundation\\Http\\Middleware\\ConvertEmptyStringsToNull->handle()
#40 /var/www/norloxsolutionscrm.com/wowcrm/vendor/laravel/framework/src/Illuminate/Foundation/Http/Middleware/TransformsRequest.php(21): Illuminate\\Pipeline\\Pipeline->Illuminate\\Pipeline\\{closure}()
#41 /var/www/norloxsolutionscrm.com/wowcrm/vendor/laravel/framework/src/Illuminate/Foundation/Http/Middleware/TrimStrings.php(51): Illuminate\\Foundation\\Http\\Middleware\\TransformsRequest->handle()
#42 /var/www/norloxsolutionscrm.com/wowcrm/vendor/laravel/framework/src/Illuminate/Pipeline/Pipeline.php(209): Illuminate\\Foundation\\Http\\Middleware\\TrimStrings->handle()
#43 /var/www/norloxsolutionscrm.com/wowcrm/vendor/laravel/framework/src/Illuminate/Http/Middleware/ValidatePostSize.php(27): Illuminate\\Pipeline\\Pipeline->Illuminate\\Pipeline\\{closure}()
#44 /var/www/norloxsolutionscrm.com/wowcrm/vendor/laravel/framework/src/Illuminate/Pipeline/Pipeline.php(209): Illuminate\\Http\\Middleware\\ValidatePostSize->handle()
#45 /var/www/norloxsolutionscrm.com/wowcrm/vendor/laravel/framework/src/Illuminate/Foundation/Http/Middleware/PreventRequestsDuringMaintenance.php(110): Illuminate\\Pipeline\\Pipeline->Illuminate\\Pipeline\\{closure}()
#46 /var/www/norloxsolutionscrm.com/wowcrm/vendor/laravel/framework/src/Illuminate/Pipeline/Pipeline.php(209): Illuminate\\Foundation\\Http\\Middleware\\PreventRequestsDuringMaintenance->handle()
#47 /var/www/norloxsolutionscrm.com/wowcrm/vendor/laravel/framework/src/Illuminate/Http/Middleware/HandleCors.php(49): Illuminate\\Pipeline\\Pipeline->Illuminate\\Pipeline\\{closure}()
#48 /var/www/norloxsolutionscrm.com/wowcrm/vendor/laravel/framework/src/Illuminate/Pipeline/Pipeline.php(209): Illuminate\\Http\\Middleware\\HandleCors->handle()
#49 /var/www/norloxsolutionscrm.com/wowcrm/vendor/laravel/framework/src/Illuminate/Http/Middleware/TrustProxies.php(58): Illuminate\\Pipeline\\Pipeline->Illuminate\\Pipeline\\{closure}()
#50 /var/www/norloxsolutionscrm.com/wowcrm/vendor/laravel/framework/src/Illuminate/Pipeline/Pipeline.php(209): Illuminate\\Http\\Middleware\\TrustProxies->handle()
#51 /var/www/norloxsolutionscrm.com/wowcrm/vendor/laravel/framework/src/Illuminate/Foundation/Http/Middleware/InvokeDeferredCallbacks.php(22): Illuminate\\Pipeline\\Pipeline->Illuminate\\Pipeline\\{closure}()
#52 /var/www/norloxsolutionscrm.com/wowcrm/vendor/laravel/framework/src/Illuminate/Pipeline/Pipeline.php(209): Illuminate\\Foundation\\Http\\Middleware\\InvokeDeferredCallbacks->handle()
#53 /var/www/norloxsolutionscrm.com/wowcrm/vendor/laravel/framework/src/Illuminate/Pipeline/Pipeline.php(127): Illuminate\\Pipeline\\Pipeline->Illuminate\\Pipeline\\{closure}()
#54 /var/www/norloxsolutionscrm.com/wowcrm/vendor/laravel/framework/src/Illuminate/Foundation/Http/Kernel.php(176): Illuminate\\Pipeline\\Pipeline->then()
#55 /var/www/norloxsolutionscrm.com/wowcrm/vendor/laravel/framework/src/Illuminate/Foundation/Http/Kernel.php(145): Illuminate\\Foundation\\Http\\Kernel->sendRequestThroughRouter()
#56 /var/www/norloxsolutionscrm.com/wowcrm/vendor/laravel/framework/src/Illuminate/Foundation/Application.php(1220): Illuminate\\Foundation\\Http\\Kernel->handle()
#57 /var/www/norloxsolutionscrm.com/wowcrm/index.php(17): Illuminate\\Foundation\\Application->handleRequest()
#58 {main}
"} 
[2026-05-27 14:18:21] local.ERROR: Route [seniorupdate ] not defined. {"view":{"view":"/var/www/norloxsolutionscrm.com/wowcrm/resources/views/database/partials/senior_table.blade.php","data":[]},"userId":59,"exception":"[object] (Spatie\\LaravelIgnition\\Exceptions\\ViewException(code: 0): Route [seniorupdate ] not defined. at /var/www/norloxsolutionscrm.com/wowcrm/vendor/laravel/framework/src/Illuminate/Routing/UrlGenerator.php:517)
[stacktrace]
#0 /var/www/norloxsolutionscrm.com/wowcrm/vendor/laravel/framework/src/Illuminate/Foundation/helpers.php(853): Illuminate\\Routing\\UrlGenerator->route()
#1 /var/www/norloxsolutionscrm.com/wowcrm/resources/views/database/partials/senior_table.blade.php(424): route()
#2 /var/www/norloxsolutionscrm.com/wowcrm/vendor/laravel/framework/src/Illuminate/Filesystem/Filesystem.php(123): require('...')
#3 /var/www/norloxsolutionscrm.com/wowcrm/vendor/laravel/framework/src/Illuminate/Filesystem/Filesystem.php(124): Illuminate\\Filesystem\\Filesystem::Illuminate\\Filesystem\\{closure}()
#4 /var/www/norloxsolutionscrm.com/wowcrm/vendor/laravel/framework/src/Illuminate/View/Engines/PhpEngine.php(58): Illuminate\\Filesystem\\Filesystem->getRequire()
#5 /var/www/norloxsolutionscrm.com/wowcrm/vendor/laravel/framework/src/Illuminate/View/Engines/CompilerEngine.php(75): Illuminate\\View\\Engines\\PhpEngine->evaluatePath()
#6 /var/www/norloxsolutionscrm.com/wowcrm/vendor/laravel/framework/src/Illuminate/View/View.php(209): Illuminate\\View\\Engines\\CompilerEngine->get()
#7 /var/www/norloxsolutionscrm.com/wowcrm/vendor/laravel/framework/src/Illuminate/View/View.php(192): Illuminate\\View\\View->getContents()
#8 /var/www/norloxsolutionscrm.com/wowcrm/vendor/laravel/framework/src/Illuminate/View/View.php(161): Illuminate\\View\\View->renderContents()
#9 /var/www/norloxsolutionscrm.com/wowcrm/app/Http/Controllers/GoogleSheetController.php(8464): Illuminate\\View\\View->render()
#10 /var/www/norloxsolutionscrm.com/wowcrm/vendor/laravel/framework/src/Illuminate/Routing/ControllerDispatcher.php(47): App\\Http\\Controllers\\GoogleSheetController->accountant()
#11 /var/www/norloxsolutionscrm.com/wowcrm/vendor/laravel/framework/src/Illuminate/Routing/Route.php(266): Illuminate\\Routing\\ControllerDispatcher->dispatch()
#12 /var/www/norloxsolutionscrm.com/wowcrm/vendor/laravel/framework/src/Illuminate/Routing/Route.php(212): Illuminate\\Routing\\Route->runController()
#13 /var/www/norloxsolutionscrm.com/wowcrm/vendor/laravel/framework/src/Illuminate/Routing/Router.php(808): Illuminate\\Routing\\Route->run()
#14 /var/www/norloxsolutionscrm.com/wowcrm/vendor/laravel/framework/src/Illuminate/Pipeline/Pipeline.php(170): Illuminate\\Routing\\Router->Illuminate\\Routing\\{closure}()
#15 /var/www/norloxsolutionscrm.com/wowcrm/vendor/laravel/framework/src/Illuminate/Routing/Middleware/SubstituteBindings.php(51): Illuminate\\Pipeline\\Pipeline->Illuminate\\Pipeline\\{closure}()
#16 /var/www/norloxsolutionscrm.com/wowcrm/vendor/laravel/framework/src/Illuminate/Pipeline/Pipeline.php(209): Illuminate\\Routing\\Middleware\\SubstituteBindings->handle()
#17 /var/www/norloxsolutionscrm.com/wowcrm/vendor/laravel/framework/src/Illuminate/Auth/Middleware/Authenticate.php(64): Illuminate\\Pipeline\\Pipeline->Illuminate\\Pipeline\\{closure}()
#18 /var/www/norloxsolutionscrm.com/wowcrm/vendor/laravel/framework/src/Illuminate/Pipeline/Pipeline.php(209): Illuminate\\Auth\\Middleware\\Authenticate->handle()
#19 /var/www/norloxsolutionscrm.com/wowcrm/vendor/laravel/framework/src/Illuminate/Foundation/Http/Middleware/VerifyCsrfToken.php(88): Illuminate\\Pipeline\\Pipeline->Illuminate\\Pipeline\\{closure}()
#20 /var/www/norloxsolutionscrm.com/wowcrm/vendor/laravel/framework/src/Illuminate/Pipeline/Pipeline.php(209): Illuminate\\Foundation\\Http\\Middleware\\VerifyCsrfToken->handle()
#21 /var/www/norloxsolutionscrm.com/wowcrm/vendor/laravel/framework/src/Illuminate/View/Middleware/ShareErrorsFromSession.php(49): Illuminate\\Pipeline\\Pipeline->Illuminate\\Pipeline\\{closure}()
#22 /var/www/norloxsolutionscrm.com/wowcrm/vendor/laravel/framework/src/Illuminate/Pipeline/Pipeline.php(209): Illuminate\\View\\Middleware\\ShareErrorsFromSession->handle()
#23 /var/www/norloxsolutionscrm.com/wowcrm/vendor/laravel/framework/src/Illuminate/Session/Middleware/StartSession.php(121): Illuminate\\Pipeline\\Pipeline->Illuminate\\Pipeline\\{closure}()
#24 /var/www/norloxsolutionscrm.com/wowcrm/vendor/laravel/framework/src/Illuminate/Session/Middleware/StartSession.php(64): Illuminate\\Session\\Middleware\\StartSession->handleStatefulRequest()
#25 /var/www/norloxsolutionscrm.com/wowcrm/vendor/laravel/framework/src/Illuminate/Pipeline/Pipeline.php(209): Illuminate\\Session\\Middleware\\StartSession->handle()
#26 /var/www/norloxsolutionscrm.com/wowcrm/vendor/laravel/framework/src/Illuminate/Cookie/Middleware/AddQueuedCookiesToResponse.php(37): Illuminate\\Pipeline\\Pipeline->Illuminate\\Pipeline\\{closure}()
#27 /var/www/norloxsolutionscrm.com/wowcrm/vendor/laravel/framework/src/Illuminate/Pipeline/Pipeline.php(209): Illuminate\\Cookie\\Middleware\\AddQueuedCookiesToResponse->handle()
#28 /var/www/norloxsolutionscrm.com/wowcrm/vendor/laravel/framework/src/Illuminate/Cookie/Middleware/EncryptCookies.php(75): Illuminate\\Pipeline\\Pipeline->Illuminate\\Pipeline\\{closure}()
#29 /var/www/norloxsolutionscrm.com/wowcrm/vendor/laravel/framework/src/Illuminate/Pipeline/Pipeline.php(209): Illuminate\\Cookie\\Middleware\\EncryptCookies->handle()
#30 /var/www/norloxsolutionscrm.com/wowcrm/vendor/laravel/framework/src/Illuminate/Pipeline/Pipeline.php(127): Illuminate\\Pipeline\\Pipeline->Illuminate\\Pipeline\\{closure}()
#31 /var/www/norloxsolutionscrm.com/wowcrm/vendor/laravel/framework/src/Illuminate/Routing/Router.php(807): Illuminate\\Pipeline\\Pipeline->then()
#32 /var/www/norloxsolutionscrm.com/wowcrm/vendor/laravel/framework/src/Illuminate/Routing/Router.php(786): Illuminate\\Routing\\Router->runRouteWithinStack()
#33 /var/www/norloxsolutionscrm.com/wowcrm/vendor/laravel/framework/src/Illuminate/Routing/Router.php(750): Illuminate\\Routing\\Router->runRoute()
#34 /var/www/norloxsolutionscrm.com/wowcrm/vendor/laravel/framework/src/Illuminate/Routing/Router.php(739): Illuminate\\Routing\\Router->dispatchToRoute()
#35 /var/www/norloxsolutionscrm.com/wowcrm/vendor/laravel/framework/src/Illuminate/Foundation/Http/Kernel.php(201): Illuminate\\Routing\\Router->dispatch()
#36 /var/www/norloxsolutionscrm.com/wowcrm/vendor/laravel/framework/src/Illuminate/Pipeline/Pipeline.php(170): Illuminate\\Foundation\\Http\\Kernel->Illuminate\\Foundation\\Http\\{closure}()
#37 /var/www/norloxsolutionscrm.com/wowcrm/vendor/laravel/framework/src/Illuminate/Foundation/Http/Middleware/TransformsRequest.php(21): Illuminate\\Pipeline\\Pipeline->Illuminate\\Pipeline\\{closure}()
#38 /var/www/norloxsolutionscrm.com/wowcrm/vendor/laravel/framework/src/Illuminate/Foundation/Http/Middleware/ConvertEmptyStringsToNull.php(31): Illuminate\\Foundation\\Http\\Middleware\\TransformsRequest->handle()
#39 /var/www/norloxsolutionscrm.com/wowcrm/vendor/laravel/framework/src/Illuminate/Pipeline/Pipeline.php(209): Illuminate\\Foundation\\Http\\Middleware\\ConvertEmptyStringsToNull->handle()
#40 /var/www/norloxsolutionscrm.com/wowcrm/vendor/laravel/framework/src/Illuminate/Foundation/Http/Middleware/TransformsRequest.php(21): Illuminate\\Pipeline\\Pipeline->Illuminate\\Pipeline\\{closure}()
#41 /var/www/norloxsolutionscrm.com/wowcrm/vendor/laravel/framework/src/Illuminate/Foundation/Http/Middleware/TrimStrings.php(51): Illuminate\\Foundation\\Http\\Middleware\\TransformsRequest->handle()
#42 /var/www/norloxsolutionscrm.com/wowcrm/vendor/laravel/framework/src/Illuminate/Pipeline/Pipeline.php(209): Illuminate\\Foundation\\Http\\Middleware\\TrimStrings->handle()
#43 /var/www/norloxsolutionscrm.com/wowcrm/vendor/laravel/framework/src/Illuminate/Http/Middleware/ValidatePostSize.php(27): Illuminate\\Pipeline\\Pipeline->Illuminate\\Pipeline\\{closure}()
#44 /var/www/norloxsolutionscrm.com/wowcrm/vendor/laravel/framework/src/Illuminate/Pipeline/Pipeline.php(209): Illuminate\\Http\\Middleware\\ValidatePostSize->handle()
#45 /var/www/norloxsolutionscrm.com/wowcrm/vendor/laravel/framework/src/Illuminate/Foundation/Http/Middleware/PreventRequestsDuringMaintenance.php(110): Illuminate\\Pipeline\\Pipeline->Illuminate\\Pipeline\\{closure}()
#46 /var/www/norloxsolutionscrm.com/wowcrm/vendor/laravel/framework/src/Illuminate/Pipeline/Pipeline.php(209): Illuminate\\Foundation\\Http\\Middleware\\PreventRequestsDuringMaintenance->handle()
#47 /var/www/norloxsolutionscrm.com/wowcrm/vendor/laravel/framework/src/Illuminate/Http/Middleware/HandleCors.php(49): Illuminate\\Pipeline\\Pipeline->Illuminate\\Pipeline\\{closure}()
#48 /var/www/norloxsolutionscrm.com/wowcrm/vendor/laravel/framework/src/Illuminate/Pipeline/Pipeline.php(209): Illuminate\\Http\\Middleware\\HandleCors->handle()
#49 /var/www/norloxsolutionscrm.com/wowcrm/vendor/laravel/framework/src/Illuminate/Http/Middleware/TrustProxies.php(58): Illuminate\\Pipeline\\Pipeline->Illuminate\\Pipeline\\{closure}()
#50 /var/www/norloxsolutionscrm.com/wowcrm/vendor/laravel/framework/src/Illuminate/Pipeline/Pipeline.php(209): Illuminate\\Http\\Middleware\\TrustProxies->handle()
#51 /var/www/norloxsolutionscrm.com/wowcrm/vendor/laravel/framework/src/Illuminate/Foundation/Http/Middleware/InvokeDeferredCallbacks.php(22): Illuminate\\Pipeline\\Pipeline->Illuminate\\Pipeline\\{closure}()
#52 /var/www/norloxsolutionscrm.com/wowcrm/vendor/laravel/framework/src/Illuminate/Pipeline/Pipeline.php(209): Illuminate\\Foundation\\Http\\Middleware\\InvokeDeferredCallbacks->handle()
#53 /var/www/norloxsolutionscrm.com/wowcrm/vendor/laravel/framework/src/Illuminate/Pipeline/Pipeline.php(127): Illuminate\\Pipeline\\Pipeline->Illuminate\\Pipeline\\{closure}()
#54 /var/www/norloxsolutionscrm.com/wowcrm/vendor/laravel/framework/src/Illuminate/Foundation/Http/Kernel.php(176): Illuminate\\Pipeline\\Pipeline->then()
#55 /var/www/norloxsolutionscrm.com/wowcrm/vendor/laravel/framework/src/Illuminate/Foundation/Http/Kernel.php(145): Illuminate\\Foundation\\Http\\Kernel->sendRequestThroughRouter()
#56 /var/www/norloxsolutionscrm.com/wowcrm/vendor/laravel/framework/src/Illuminate/Foundation/Application.php(1220): Illuminate\\Foundation\\Http\\Kernel->handle()
#57 /var/www/norloxsolutionscrm.com/wowcrm/index.php(17): Illuminate\\Foundation\\Application->handleRequest()
#58 {main}

[previous exception] [object] (Symfony\\Component\\Routing\\Exception\\RouteNotFoundException(code: 0): Route [seniorupdate ] not defined. at /var/www/norloxsolutionscrm.com/wowcrm/vendor/laravel/framework/src/Illuminate/Routing/UrlGenerator.php:517)
[stacktrace]
#0 /var/www/norloxsolutionscrm.com/wowcrm/vendor/laravel/framework/src/Illuminate/Foundation/helpers.php(853): Illuminate\\Routing\\UrlGenerator->route()
#1 /var/www/norloxsolutionscrm.com/wowcrm/storage/framework/views/b568d3b64614f3fac28acdc28d43a038.php(432): route()
#2 /var/www/norloxsolutionscrm.com/wowcrm/vendor/laravel/framework/src/Illuminate/Filesystem/Filesystem.php(123): require('...')
#3 /var/www/norloxsolutionscrm.com/wowcrm/vendor/laravel/framework/src/Illuminate/Filesystem/Filesystem.php(124): Illuminate\\Filesystem\\Filesystem::Illuminate\\Filesystem\\{closure}()
#4 /var/www/norloxsolutionscrm.com/wowcrm/vendor/laravel/framework/src/Illuminate/View/Engines/PhpEngine.php(58): Illuminate\\Filesystem\\Filesystem->getRequire()
#5 /var/www/norloxsolutionscrm.com/wowcrm/vendor/laravel/framework/src/Illuminate/View/Engines/CompilerEngine.php(75): Illuminate\\View\\Engines\\PhpEngine->evaluatePath()
#6 /var/www/norloxsolutionscrm.com/wowcrm/vendor/laravel/framework/src/Illuminate/View/View.php(209): Illuminate\\View\\Engines\\CompilerEngine->get()
#7 /var/www/norloxsolutionscrm.com/wowcrm/vendor/laravel/framework/src/Illuminate/View/View.php(192): Illuminate\\View\\View->getContents()
#8 /var/www/norloxsolutionscrm.com/wowcrm/vendor/laravel/framework/src/Illuminate/View/View.php(161): Illuminate\\View\\View->renderContents()
#9 /var/www/norloxsolutionscrm.com/wowcrm/app/Http/Controllers/GoogleSheetController.php(8464): Illuminate\\View\\View->render()
#10 /var/www/norloxsolutionscrm.com/wowcrm/vendor/laravel/framework/src/Illuminate/Routing/ControllerDispatcher.php(47): App\\Http\\Controllers\\GoogleSheetController->accountant()
#11 /var/www/norloxsolutionscrm.com/wowcrm/vendor/laravel/framework/src/Illuminate/Routing/Route.php(266): Illuminate\\Routing\\ControllerDispatcher->dispatch()
#12 /var/www/norloxsolutionscrm.com/wowcrm/vendor/laravel/framework/src/Illuminate/Routing/Route.php(212): Illuminate\\Routing\\Route->runController()
#13 /var/www/norloxsolutionscrm.com/wowcrm/vendor/laravel/framework/src/Illuminate/Routing/Router.php(808): Illuminate\\Routing\\Route->run()
#14 /var/www/norloxsolutionscrm.com/wowcrm/vendor/laravel/framework/src/Illuminate/Pipeline/Pipeline.php(170): Illuminate\\Routing\\Router->Illuminate\\Routing\\{closure}()
#15 /var/www/norloxsolutionscrm.com/wowcrm/vendor/laravel/framework/src/Illuminate/Routing/Middleware/SubstituteBindings.php(51): Illuminate\\Pipeline\\Pipeline->Illuminate\\Pipeline\\{closure}()
#16 /var/www/norloxsolutionscrm.com/wowcrm/vendor/laravel/framework/src/Illuminate/Pipeline/Pipeline.php(209): Illuminate\\Routing\\Middleware\\SubstituteBindings->handle()
#17 /var/www/norloxsolutionscrm.com/wowcrm/vendor/laravel/framework/src/Illuminate/Auth/Middleware/Authenticate.php(64): Illuminate\\Pipeline\\Pipeline->Illuminate\\Pipeline\\{closure}()
#18 /var/www/norloxsolutionscrm.com/wowcrm/vendor/laravel/framework/src/Illuminate/Pipeline/Pipeline.php(209): Illuminate\\Auth\\Middleware\\Authenticate->handle()
#19 /var/www/norloxsolutionscrm.com/wowcrm/vendor/laravel/framework/src/Illuminate/Foundation/Http/Middleware/VerifyCsrfToken.php(88): Illuminate\\Pipeline\\Pipeline->Illuminate\\Pipeline\\{closure}()
#20 /var/www/norloxsolutionscrm.com/wowcrm/vendor/laravel/framework/src/Illuminate/Pipeline/Pipeline.php(209): Illuminate\\Foundation\\Http\\Middleware\\VerifyCsrfToken->handle()
#21 /var/www/norloxsolutionscrm.com/wowcrm/vendor/laravel/framework/src/Illuminate/View/Middleware/ShareErrorsFromSession.php(49): Illuminate\\Pipeline\\Pipeline->Illuminate\\Pipeline\\{closure}()
#22 /var/www/norloxsolutionscrm.com/wowcrm/vendor/laravel/framework/src/Illuminate/Pipeline/Pipeline.php(209): Illuminate\\View\\Middleware\\ShareErrorsFromSession->handle()
#23 /var/www/norloxsolutionscrm.com/wowcrm/vendor/laravel/framework/src/Illuminate/Session/Middleware/StartSession.php(121): Illuminate\\Pipeline\\Pipeline->Illuminate\\Pipeline\\{closure}()
#24 /var/www/norloxsolutionscrm.com/wowcrm/vendor/laravel/framework/src/Illuminate/Session/Middleware/StartSession.php(64): Illuminate\\Session\\Middleware\\StartSession->handleStatefulRequest()
#25 /var/www/norloxsolutionscrm.com/wowcrm/vendor/laravel/framework/src/Illuminate/Pipeline/Pipeline.php(209): Illuminate\\Session\\Middleware\\StartSession->handle()
#26 /var/www/norloxsolutionscrm.com/wowcrm/vendor/laravel/framework/src/Illuminate/Cookie/Middleware/AddQueuedCookiesToResponse.php(37): Illuminate\\Pipeline\\Pipeline->Illuminate\\Pipeline\\{closure}()
#27 /var/www/norloxsolutionscrm.com/wowcrm/vendor/laravel/framework/src/Illuminate/Pipeline/Pipeline.php(209): Illuminate\\Cookie\\Middleware\\AddQueuedCookiesToResponse->handle()
#28 /var/www/norloxsolutionscrm.com/wowcrm/vendor/laravel/framework/src/Illuminate/Cookie/Middleware/EncryptCookies.php(75): Illuminate\\Pipeline\\Pipeline->Illuminate\\Pipeline\\{closure}()
#29 /var/www/norloxsolutionscrm.com/wowcrm/vendor/laravel/framework/src/Illuminate/Pipeline/Pipeline.php(209): Illuminate\\Cookie\\Middleware\\EncryptCookies->handle()
#30 /var/www/norloxsolutionscrm.com/wowcrm/vendor/laravel/framework/src/Illuminate/Pipeline/Pipeline.php(127): Illuminate\\Pipeline\\Pipeline->Illuminate\\Pipeline\\{closure}()
#31 /var/www/norloxsolutionscrm.com/wowcrm/vendor/laravel/framework/src/Illuminate/Routing/Router.php(807): Illuminate\\Pipeline\\Pipeline->then()
#32 /var/www/norloxsolutionscrm.com/wowcrm/vendor/laravel/framework/src/Illuminate/Routing/Router.php(786): Illuminate\\Routing\\Router->runRouteWithinStack()
#33 /var/www/norloxsolutionscrm.com/wowcrm/vendor/laravel/framework/src/Illuminate/Routing/Router.php(750): Illuminate\\Routing\\Router->runRoute()
#34 /var/www/norloxsolutionscrm.com/wowcrm/vendor/laravel/framework/src/Illuminate/Routing/Router.php(739): Illuminate\\Routing\\Router->dispatchToRoute()
#35 /var/www/norloxsolutionscrm.com/wowcrm/vendor/laravel/framework/src/Illuminate/Foundation/Http/Kernel.php(201): Illuminate\\Routing\\Router->dispatch()
#36 /var/www/norloxsolutionscrm.com/wowcrm/vendor/laravel/framework/src/Illuminate/Pipeline/Pipeline.php(170): Illuminate\\Foundation\\Http\\Kernel->Illuminate\\Foundation\\Http\\{closure}()
#37 /var/www/norloxsolutionscrm.com/wowcrm/vendor/laravel/framework/src/Illuminate/Foundation/Http/Middleware/TransformsRequest.php(21): Illuminate\\Pipeline\\Pipeline->Illuminate\\Pipeline\\{closure}()
#38 /var/www/norloxsolutionscrm.com/wowcrm/vendor/laravel/framework/src/Illuminate/Foundation/Http/Middleware/ConvertEmptyStringsToNull.php(31): Illuminate\\Foundation\\Http\\Middleware\\TransformsRequest->handle()
#39 /var/www/norloxsolutionscrm.com/wowcrm/vendor/laravel/framework/src/Illuminate/Pipeline/Pipeline.php(209): Illuminate\\Foundation\\Http\\Middleware\\ConvertEmptyStringsToNull->handle()
#40 /var/www/norloxsolutionscrm.com/wowcrm/vendor/laravel/framework/src/Illuminate/Foundation/Http/Middleware/TransformsRequest.php(21): Illuminate\\Pipeline\\Pipeline->Illuminate\\Pipeline\\{closure}()
#41 /var/www/norloxsolutionscrm.com/wowcrm/vendor/laravel/framework/src/Illuminate/Foundation/Http/Middleware/TrimStrings.php(51): Illuminate\\Foundation\\Http\\Middleware\\TransformsRequest->handle()
#42 /var/www/norloxsolutionscrm.com/wowcrm/vendor/laravel/framework/src/Illuminate/Pipeline/Pipeline.php(209): Illuminate\\Foundation\\Http\\Middleware\\TrimStrings->handle()
#43 /var/www/norloxsolutionscrm.com/wowcrm/vendor/laravel/framework/src/Illuminate/Http/Middleware/ValidatePostSize.php(27): Illuminate\\Pipeline\\Pipeline->Illuminate\\Pipeline\\{closure}()
#44 /var/www/norloxsolutionscrm.com/wowcrm/vendor/laravel/framework/src/Illuminate/Pipeline/Pipeline.php(209): Illuminate\\Http\\Middleware\\ValidatePostSize->handle()
#45 /var/www/norloxsolutionscrm.com/wowcrm/vendor/laravel/framework/src/Illuminate/Foundation/Http/Middleware/PreventRequestsDuringMaintenance.php(110): Illuminate\\Pipeline\\Pipeline->Illuminate\\Pipeline\\{closure}()
#46 /var/www/norloxsolutionscrm.com/wowcrm/vendor/laravel/framework/src/Illuminate/Pipeline/Pipeline.php(209): Illuminate\\Foundation\\Http\\Middleware\\PreventRequestsDuringMaintenance->handle()
#47 /var/www/norloxsolutionscrm.com/wowcrm/vendor/laravel/framework/src/Illuminate/Http/Middleware/HandleCors.php(49): Illuminate\\Pipeline\\Pipeline->Illuminate\\Pipeline\\{closure}()
#48 /var/www/norloxsolutionscrm.com/wowcrm/vendor/laravel/framework/src/Illuminate/Pipeline/Pipeline.php(209): Illuminate\\Http\\Middleware\\HandleCors->handle()
#49 /var/www/norloxsolutionscrm.com/wowcrm/vendor/laravel/framework/src/Illuminate/Http/Middleware/TrustProxies.php(58): Illuminate\\Pipeline\\Pipeline->Illuminate\\Pipeline\\{closure}()
#50 /var/www/norloxsolutionscrm.com/wowcrm/vendor/laravel/framework/src/Illuminate/Pipeline/Pipeline.php(209): Illuminate\\Http\\Middleware\\TrustProxies->handle()
#51 /var/www/norloxsolutionscrm.com/wowcrm/vendor/laravel/framework/src/Illuminate/Foundation/Http/Middleware/InvokeDeferredCallbacks.php(22): Illuminate\\Pipeline\\Pipeline->Illuminate\\Pipeline\\{closure}()
#52 /var/www/norloxsolutionscrm.com/wowcrm/vendor/laravel/framework/src/Illuminate/Pipeline/Pipeline.php(209): Illuminate\\Foundation\\Http\\Middleware\\InvokeDeferredCallbacks->handle()
#53 /var/www/norloxsolutionscrm.com/wowcrm/vendor/laravel/framework/src/Illuminate/Pipeline/Pipeline.php(127): Illuminate\\Pipeline\\Pipeline->Illuminate\\Pipeline\\{closure}()
#54 /var/www/norloxsolutionscrm.com/wowcrm/vendor/laravel/framework/src/Illuminate/Foundation/Http/Kernel.php(176): Illuminate\\Pipeline\\Pipeline->then()
#55 /var/www/norloxsolutionscrm.com/wowcrm/vendor/laravel/framework/src/Illuminate/Foundation/Http/Kernel.php(145): Illuminate\\Foundation\\Http\\Kernel->sendRequestThroughRouter()
#56 /var/www/norloxsolutionscrm.com/wowcrm/vendor/laravel/framework/src/Illuminate/Foundation/Application.php(1220): Illuminate\\Foundation\\Http\\Kernel->handle()
#57 /var/www/norloxsolutionscrm.com/wowcrm/index.php(17): Illuminate\\Foundation\\Application->handleRequest()
#58 {main}
"} 
[2026-06-03 05:42:49] local.ERROR: SQLSTATE[40001]: Serialization failure: 1213 Deadlock found when trying to get lock; try restarting transaction (Connection: mysql, SQL: delete from `sessions` where `last_activity` <= 1780472569) {"userId":1,"exception":"[object] (Illuminate\\Database\\QueryException(code: 40001): SQLSTATE[40001]: Serialization failure: 1213 Deadlock found when trying to get lock; try restarting transaction (Connection: mysql, SQL: delete from `sessions` where `last_activity` <= 1780472569) at /var/www/norloxsolutionscrm.com/wowcrm/vendor/laravel/framework/src/Illuminate/Database/Connection.php:825)
[stacktrace]
#0 /var/www/norloxsolutionscrm.com/wowcrm/vendor/laravel/framework/src/Illuminate/Database/Connection.php(779): Illuminate\\Database\\Connection->runQueryCallback()
#1 /var/www/norloxsolutionscrm.com/wowcrm/vendor/laravel/framework/src/Illuminate/Database/Connection.php(584): Illuminate\\Database\\Connection->run()
#2 /var/www/norloxsolutionscrm.com/wowcrm/vendor/laravel/framework/src/Illuminate/Database/Connection.php(548): Illuminate\\Database\\Connection->affectingStatement()
#3 /var/www/norloxsolutionscrm.com/wowcrm/vendor/laravel/framework/src/Illuminate/Database/Query/Builder.php(4024): Illuminate\\Database\\Connection->delete()
#4 /var/www/norloxsolutionscrm.com/wowcrm/vendor/laravel/framework/src/Illuminate/Session/DatabaseSessionHandler.php(281): Illuminate\\Database\\Query\\Builder->delete()
#5 /var/www/norloxsolutionscrm.com/wowcrm/vendor/laravel/framework/src/Illuminate/Session/Middleware/StartSession.php(178): Illuminate\\Session\\DatabaseSessionHandler->gc()
#6 /var/www/norloxsolutionscrm.com/wowcrm/vendor/laravel/framework/src/Illuminate/Session/Middleware/StartSession.php(119): Illuminate\\Session\\Middleware\\StartSession->collectGarbage()
#7 /var/www/norloxsolutionscrm.com/wowcrm/vendor/laravel/framework/src/Illuminate/Session/Middleware/StartSession.php(64): Illuminate\\Session\\Middleware\\StartSession->handleStatefulRequest()
#8 /var/www/norloxsolutionscrm.com/wowcrm/vendor/laravel/framework/src/Illuminate/Pipeline/Pipeline.php(209): Illuminate\\Session\\Middleware\\StartSession->handle()
#9 /var/www/norloxsolutionscrm.com/wowcrm/vendor/laravel/framework/src/Illuminate/Cookie/Middleware/AddQueuedCookiesToResponse.php(37): Illuminate\\Pipeline\\Pipeline->Illuminate\\Pipeline\\{closure}()
#10 /var/www/norloxsolutionscrm.com/wowcrm/vendor/laravel/framework/src/Illuminate/Pipeline/Pipeline.php(209): Illuminate\\Cookie\\Middleware\\AddQueuedCookiesToResponse->handle()
#11 /var/www/norloxsolutionscrm.com/wowcrm/vendor/laravel/framework/src/Illuminate/Cookie/Middleware/EncryptCookies.php(75): Illuminate\\Pipeline\\Pipeline->Illuminate\\Pipeline\\{closure}()
#12 /var/www/norloxsolutionscrm.com/wowcrm/vendor/laravel/framework/src/Illuminate/Pipeline/Pipeline.php(209): Illuminate\\Cookie\\Middleware\\EncryptCookies->handle()
#13 /var/www/norloxsolutionscrm.com/wowcrm/vendor/laravel/framework/src/Illuminate/Pipeline/Pipeline.php(127): Illuminate\\Pipeline\\Pipeline->Illuminate\\Pipeline\\{closure}()
#14 /var/www/norloxsolutionscrm.com/wowcrm/vendor/laravel/framework/src/Illuminate/Routing/Router.php(807): Illuminate\\Pipeline\\Pipeline->then()
#15 /var/www/norloxsolutionscrm.com/wowcrm/vendor/laravel/framework/src/Illuminate/Routing/Router.php(786): Illuminate\\Routing\\Router->runRouteWithinStack()
#16 /var/www/norloxsolutionscrm.com/wowcrm/vendor/laravel/framework/src/Illuminate/Routing/Router.php(750): Illuminate\\Routing\\Router->runRoute()
#17 /var/www/norloxsolutionscrm.com/wowcrm/vendor/laravel/framework/src/Illuminate/Routing/Router.php(739): Illuminate\\Routing\\Router->dispatchToRoute()
#18 /var/www/norloxsolutionscrm.com/wowcrm/vendor/laravel/framework/src/Illuminate/Foundation/Http/Kernel.php(201): Illuminate\\Routing\\Router->dispatch()
#19 /var/www/norloxsolutionscrm.com/wowcrm/vendor/laravel/framework/src/Illuminate/Pipeline/Pipeline.php(170): Illuminate\\Foundation\\Http\\Kernel->Illuminate\\Foundation\\Http\\{closure}()
#20 /var/www/norloxsolutionscrm.com/wowcrm/vendor/laravel/framework/src/Illuminate/Foundation/Http/Middleware/TransformsRequest.php(21): Illuminate\\Pipeline\\Pipeline->Illuminate\\Pipeline\\{closure}()
#21 /var/www/norloxsolutionscrm.com/wowcrm/vendor/laravel/framework/src/Illuminate/Foundation/Http/Middleware/ConvertEmptyStringsToNull.php(31): Illuminate\\Foundation\\Http\\Middleware\\TransformsRequest->handle()
#22 /var/www/norloxsolutionscrm.com/wowcrm/vendor/laravel/framework/src/Illuminate/Pipeline/Pipeline.php(209): Illuminate\\Foundation\\Http\\Middleware\\ConvertEmptyStringsToNull->handle()
#23 /var/www/norloxsolutionscrm.com/wowcrm/vendor/laravel/framework/src/Illuminate/Foundation/Http/Middleware/TransformsRequest.php(21): Illuminate\\Pipeline\\Pipeline->Illuminate\\Pipeline\\{closure}()
#24 /var/www/norloxsolutionscrm.com/wowcrm/vendor/laravel/framework/src/Illuminate/Foundation/Http/Middleware/TrimStrings.php(51): Illuminate\\Foundation\\Http\\Middleware\\TransformsRequest->handle()
#25 /var/www/norloxsolutionscrm.com/wowcrm/vendor/laravel/framework/src/Illuminate/Pipeline/Pipeline.php(209): Illuminate\\Foundation\\Http\\Middleware\\TrimStrings->handle()
#26 /var/www/norloxsolutionscrm.com/wowcrm/vendor/laravel/framework/src/Illuminate/Http/Middleware/ValidatePostSize.php(27): Illuminate\\Pipeline\\Pipeline->Illuminate\\Pipeline\\{closure}()
#27 /var/www/norloxsolutionscrm.com/wowcrm/vendor/laravel/framework/src/Illuminate/Pipeline/Pipeline.php(209): Illuminate\\Http\\Middleware\\ValidatePostSize->handle()
#28 /var/www/norloxsolutionscrm.com/wowcrm/vendor/laravel/framework/src/Illuminate/Foundation/Http/Middleware/PreventRequestsDuringMaintenance.php(110): Illuminate\\Pipeline\\Pipeline->Illuminate\\Pipeline\\{closure}()
#29 /var/www/norloxsolutionscrm.com/wowcrm/vendor/laravel/framework/src/Illuminate/Pipeline/Pipeline.php(209): Illuminate\\Foundation\\Http\\Middleware\\PreventRequestsDuringMaintenance->handle()
#30 /var/www/norloxsolutionscrm.com/wowcrm/vendor/laravel/framework/src/Illuminate/Http/Middleware/HandleCors.php(49): Illuminate\\Pipeline\\Pipeline->Illuminate\\Pipeline\\{closure}()
#31 /var/www/norloxsolutionscrm.com/wowcrm/vendor/laravel/framework/src/Illuminate/Pipeline/Pipeline.php(209): Illuminate\\Http\\Middleware\\HandleCors->handle()
#32 /var/www/norloxsolutionscrm.com/wowcrm/vendor/laravel/framework/src/Illuminate/Http/Middleware/TrustProxies.php(58): Illuminate\\Pipeline\\Pipeline->Illuminate\\Pipeline\\{closure}()
#33 /var/www/norloxsolutionscrm.com/wowcrm/vendor/laravel/framework/src/Illuminate/Pipeline/Pipeline.php(209): Illuminate\\Http\\Middleware\\TrustProxies->handle()
#34 /var/www/norloxsolutionscrm.com/wowcrm/vendor/laravel/framework/src/Illuminate/Foundation/Http/Middleware/InvokeDeferredCallbacks.php(22): Illuminate\\Pipeline\\Pipeline->Illuminate\\Pipeline\\{closure}()
#35 /var/www/norloxsolutionscrm.com/wowcrm/vendor/laravel/framework/src/Illuminate/Pipeline/Pipeline.php(209): Illuminate\\Foundation\\Http\\Middleware\\InvokeDeferredCallbacks->handle()
#36 /var/www/norloxsolutionscrm.com/wowcrm/vendor/laravel/framework/src/Illuminate/Pipeline/Pipeline.php(127): Illuminate\\Pipeline\\Pipeline->Illuminate\\Pipeline\\{closure}()
#37 /var/www/norloxsolutionscrm.com/wowcrm/vendor/laravel/framework/src/Illuminate/Foundation/Http/Kernel.php(176): Illuminate\\Pipeline\\Pipeline->then()
#38 /var/www/norloxsolutionscrm.com/wowcrm/vendor/laravel/framework/src/Illuminate/Foundation/Http/Kernel.php(145): Illuminate\\Foundation\\Http\\Kernel->sendRequestThroughRouter()
#39 /var/www/norloxsolutionscrm.com/wowcrm/vendor/laravel/framework/src/Illuminate/Foundation/Application.php(1220): Illuminate\\Foundation\\Http\\Kernel->handle()
#40 /var/www/norloxsolutionscrm.com/wowcrm/index.php(17): Illuminate\\Foundation\\Application->handleRequest()
#41 {main}

[previous exception] [object] (PDOException(code: 40001): SQLSTATE[40001]: Serialization failure: 1213 Deadlock found when trying to get lock; try restarting transaction at /var/www/norloxsolutionscrm.com/wowcrm/vendor/laravel/framework/src/Illuminate/Database/Connection.php:596)
[stacktrace]
#0 /var/www/norloxsolutionscrm.com/wowcrm/vendor/laravel/framework/src/Illuminate/Database/Connection.php(596): PDOStatement->execute()
#1 /var/www/norloxsolutionscrm.com/wowcrm/vendor/laravel/framework/src/Illuminate/Database/Connection.php(812): Illuminate\\Database\\Connection->Illuminate\\Database\\{closure}()
#2 /var/www/norloxsolutionscrm.com/wowcrm/vendor/laravel/framework/src/Illuminate/Database/Connection.php(779): Illuminate\\Database\\Connection->runQueryCallback()
#3 /var/www/norloxsolutionscrm.com/wowcrm/vendor/laravel/framework/src/Illuminate/Database/Connection.php(584): Illuminate\\Database\\Connection->run()
#4 /var/www/norloxsolutionscrm.com/wowcrm/vendor/laravel/framework/src/Illuminate/Database/Connection.php(548): Illuminate\\Database\\Connection->affectingStatement()
#5 /var/www/norloxsolutionscrm.com/wowcrm/vendor/laravel/framework/src/Illuminate/Database/Query/Builder.php(4024): Illuminate\\Database\\Connection->delete()
#6 /var/www/norloxsolutionscrm.com/wowcrm/vendor/laravel/framework/src/Illuminate/Session/DatabaseSessionHandler.php(281): Illuminate\\Database\\Query\\Builder->delete()
#7 /var/www/norloxsolutionscrm.com/wowcrm/vendor/laravel/framework/src/Illuminate/Session/Middleware/StartSession.php(178): Illuminate\\Session\\DatabaseSessionHandler->gc()
#8 /var/www/norloxsolutionscrm.com/wowcrm/vendor/laravel/framework/src/Illuminate/Session/Middleware/StartSession.php(119): Illuminate\\Session\\Middleware\\StartSession->collectGarbage()
#9 /var/www/norloxsolutionscrm.com/wowcrm/vendor/laravel/framework/src/Illuminate/Session/Middleware/StartSession.php(64): Illuminate\\Session\\Middleware\\StartSession->handleStatefulRequest()
#10 /var/www/norloxsolutionscrm.com/wowcrm/vendor/laravel/framework/src/Illuminate/Pipeline/Pipeline.php(209): Illuminate\\Session\\Middleware\\StartSession->handle()
#11 /var/www/norloxsolutionscrm.com/wowcrm/vendor/laravel/framework/src/Illuminate/Cookie/Middleware/AddQueuedCookiesToResponse.php(37): Illuminate\\Pipeline\\Pipeline->Illuminate\\Pipeline\\{closure}()
#12 /var/www/norloxsolutionscrm.com/wowcrm/vendor/laravel/framework/src/Illuminate/Pipeline/Pipeline.php(209): Illuminate\\Cookie\\Middleware\\AddQueuedCookiesToResponse->handle()
#13 /var/www/norloxsolutionscrm.com/wowcrm/vendor/laravel/framework/src/Illuminate/Cookie/Middleware/EncryptCookies.php(75): Illuminate\\Pipeline\\Pipeline->Illuminate\\Pipeline\\{closure}()
#14 /var/www/norloxsolutionscrm.com/wowcrm/vendor/laravel/framework/src/Illuminate/Pipeline/Pipeline.php(209): Illuminate\\Cookie\\Middleware\\EncryptCookies->handle()
#15 /var/www/norloxsolutionscrm.com/wowcrm/vendor/laravel/framework/src/Illuminate/Pipeline/Pipeline.php(127): Illuminate\\Pipeline\\Pipeline->Illuminate\\Pipeline\\{closure}()
#16 /var/www/norloxsolutionscrm.com/wowcrm/vendor/laravel/framework/src/Illuminate/Routing/Router.php(807): Illuminate\\Pipeline\\Pipeline->then()
#17 /var/www/norloxsolutionscrm.com/wowcrm/vendor/laravel/framework/src/Illuminate/Routing/Router.php(786): Illuminate\\Routing\\Router->runRouteWithinStack()
#18 /var/www/norloxsolutionscrm.com/wowcrm/vendor/laravel/framework/src/Illuminate/Routing/Router.php(750): Illuminate\\Routing\\Router->runRoute()
#19 /var/www/norloxsolutionscrm.com/wowcrm/vendor/laravel/framework/src/Illuminate/Routing/Router.php(739): Illuminate\\Routing\\Router->dispatchToRoute()
#20 /var/www/norloxsolutionscrm.com/wowcrm/vendor/laravel/framework/src/Illuminate/Foundation/Http/Kernel.php(201): Illuminate\\Routing\\Router->dispatch()
#21 /var/www/norloxsolutionscrm.com/wowcrm/vendor/laravel/framework/src/Illuminate/Pipeline/Pipeline.php(170): Illuminate\\Foundation\\Http\\Kernel->Illuminate\\Foundation\\Http\\{closure}()
#22 /var/www/norloxsolutionscrm.com/wowcrm/vendor/laravel/framework/src/Illuminate/Foundation/Http/Middleware/TransformsRequest.php(21): Illuminate\\Pipeline\\Pipeline->Illuminate\\Pipeline\\{closure}()
#23 /var/www/norloxsolutionscrm.com/wowcrm/vendor/laravel/framework/src/Illuminate/Foundation/Http/Middleware/ConvertEmptyStringsToNull.php(31): Illuminate\\Foundation\\Http\\Middleware\\TransformsRequest->handle()
#24 /var/www/norloxsolutionscrm.com/wowcrm/vendor/laravel/framework/src/Illuminate/Pipeline/Pipeline.php(209): Illuminate\\Foundation\\Http\\Middleware\\ConvertEmptyStringsToNull->handle()
#25 /var/www/norloxsolutionscrm.com/wowcrm/vendor/laravel/framework/src/Illuminate/Foundation/Http/Middleware/TransformsRequest.php(21): Illuminate\\Pipeline\\Pipeline->Illuminate\\Pipeline\\{closure}()
#26 /var/www/norloxsolutionscrm.com/wowcrm/vendor/laravel/framework/src/Illuminate/Foundation/Http/Middleware/TrimStrings.php(51): Illuminate\\Foundation\\Http\\Middleware\\TransformsRequest->handle()
#27 /var/www/norloxsolutionscrm.com/wowcrm/vendor/laravel/framework/src/Illuminate/Pipeline/Pipeline.php(209): Illuminate\\Foundation\\Http\\Middleware\\TrimStrings->handle()
#28 /var/www/norloxsolutionscrm.com/wowcrm/vendor/laravel/framework/src/Illuminate/Http/Middleware/ValidatePostSize.php(27): Illuminate\\Pipeline\\Pipeline->Illuminate\\Pipeline\\{closure}()
#29 /var/www/norloxsolutionscrm.com/wowcrm/vendor/laravel/framework/src/Illuminate/Pipeline/Pipeline.php(209): Illuminate\\Http\\Middleware\\ValidatePostSize->handle()
#30 /var/www/norloxsolutionscrm.com/wowcrm/vendor/laravel/framework/src/Illuminate/Foundation/Http/Middleware/PreventRequestsDuringMaintenance.php(110): Illuminate\\Pipeline\\Pipeline->Illuminate\\Pipeline\\{closure}()
#31 /var/www/norloxsolutionscrm.com/wowcrm/vendor/laravel/framework/src/Illuminate/Pipeline/Pipeline.php(209): Illuminate\\Foundation\\Http\\Middleware\\PreventRequestsDuringMaintenance->handle()
#32 /var/www/norloxsolutionscrm.com/wowcrm/vendor/laravel/framework/src/Illuminate/Http/Middleware/HandleCors.php(49): Illuminate\\Pipeline\\Pipeline->Illuminate\\Pipeline\\{closure}()
#33 /var/www/norloxsolutionscrm.com/wowcrm/vendor/laravel/framework/src/Illuminate/Pipeline/Pipeline.php(209): Illuminate\\Http\\Middleware\\HandleCors->handle()
#34 /var/www/norloxsolutionscrm.com/wowcrm/vendor/laravel/framework/src/Illuminate/Http/Middleware/TrustProxies.php(58): Illuminate\\Pipeline\\Pipeline->Illuminate\\Pipeline\\{closure}()
#35 /var/www/norloxsolutionscrm.com/wowcrm/vendor/laravel/framework/src/Illuminate/Pipeline/Pipeline.php(209): Illuminate\\Http\\Middleware\\TrustProxies->handle()
#36 /var/www/norloxsolutionscrm.com/wowcrm/vendor/laravel/framework/src/Illuminate/Foundation/Http/Middleware/InvokeDeferredCallbacks.php(22): Illuminate\\Pipeline\\Pipeline->Illuminate\\Pipeline\\{closure}()
#37 /var/www/norloxsolutionscrm.com/wowcrm/vendor/laravel/framework/src/Illuminate/Pipeline/Pipeline.php(209): Illuminate\\Foundation\\Http\\Middleware\\InvokeDeferredCallbacks->handle()
#38 /var/www/norloxsolutionscrm.com/wowcrm/vendor/laravel/framework/src/Illuminate/Pipeline/Pipeline.php(127): Illuminate\\Pipeline\\Pipeline->Illuminate\\Pipeline\\{closure}()
#39 /var/www/norloxsolutionscrm.com/wowcrm/vendor/laravel/framework/src/Illuminate/Foundation/Http/Kernel.php(176): Illuminate\\Pipeline\\Pipeline->then()
#40 /var/www/norloxsolutionscrm.com/wowcrm/vendor/laravel/framework/src/Illuminate/Foundation/Http/Kernel.php(145): Illuminate\\Foundation\\Http\\Kernel->sendRequestThroughRouter()
#41 /var/www/norloxsolutionscrm.com/wowcrm/vendor/laravel/framework/src/Illuminate/Foundation/Application.php(1220): Illuminate\\Foundation\\Http\\Kernel->handle()
#42 /var/www/norloxsolutionscrm.com/wowcrm/index.php(17): Illuminate\\Foundation\\Application->handleRequest()
#43 {main}
"} 
[2026-06-15 09:07:43] local.ERROR: SQLSTATE[01000]: Warning: 1265 Data truncated for column 'gender' at row 1 (Connection: mysql, SQL: update `users` set `gender` = Senior, `password` = $2y$12$CSU1DnKLCVLWhWfwhbPe9u/fFZzlJGKiTX5Y7jB6x.B5YlblNEs2S, `users`.`updated_at` = 2026-06-15 09:07:43 where `id` = 32) {"userId":1,"exception":"[object] (Illuminate\\Database\\QueryException(code: 01000): SQLSTATE[01000]: Warning: 1265 Data truncated for column 'gender' at row 1 (Connection: mysql, SQL: update `users` set `gender` = Senior, `password` = $2y$12$CSU1DnKLCVLWhWfwhbPe9u/fFZzlJGKiTX5Y7jB6x.B5YlblNEs2S, `users`.`updated_at` = 2026-06-15 09:07:43 where `id` = 32) at /var/www/norloxsolutionscrm.com/wowcrm/vendor/laravel/framework/src/Illuminate/Database/Connection.php:825)
[stacktrace]
#0 /var/www/norloxsolutionscrm.com/wowcrm/vendor/laravel/framework/src/Illuminate/Database/Connection.php(779): Illuminate\\Database\\Connection->runQueryCallback()
#1 /var/www/norloxsolutionscrm.com/wowcrm/vendor/laravel/framework/src/Illuminate/Database/Connection.php(584): Illuminate\\Database\\Connection->run()
#2 /var/www/norloxsolutionscrm.com/wowcrm/vendor/laravel/framework/src/Illuminate/Database/Connection.php(536): Illuminate\\Database\\Connection->affectingStatement()
#3 /var/www/norloxsolutionscrm.com/wowcrm/vendor/laravel/framework/src/Illuminate/Database/Query/Builder.php(3830): Illuminate\\Database\\Connection->update()
#4 /var/www/norloxsolutionscrm.com/wowcrm/vendor/laravel/framework/src/Illuminate/Database/Eloquent/Builder.php(1175): Illuminate\\Database\\Query\\Builder->update()
#5 /var/www/norloxsolutionscrm.com/wowcrm/vendor/laravel/framework/src/Illuminate/Database/Eloquent/Model.php(1239): Illuminate\\Database\\Eloquent\\Builder->update()
#6 /var/www/norloxsolutionscrm.com/wowcrm/vendor/laravel/framework/src/Illuminate/Database/Eloquent/Model.php(1156): Illuminate\\Database\\Eloquent\\Model->performUpdate()
#7 /var/www/norloxsolutionscrm.com/wowcrm/vendor/laravel/framework/src/Illuminate/Database/Eloquent/Model.php(1014): Illuminate\\Database\\Eloquent\\Model->save()
#8 /var/www/norloxsolutionscrm.com/wowcrm/app/Http/Controllers/UserController.php(407): Illuminate\\Database\\Eloquent\\Model->update()
#9 /var/www/norloxsolutionscrm.com/wowcrm/vendor/laravel/framework/src/Illuminate/Routing/ControllerDispatcher.php(47): App\\Http\\Controllers\\UserController->seniorupdate()
#10 /var/www/norloxsolutionscrm.com/wowcrm/vendor/laravel/framework/src/Illuminate/Routing/Route.php(266): Illuminate\\Routing\\ControllerDispatcher->dispatch()
#11 /var/www/norloxsolutionscrm.com/wowcrm/vendor/laravel/framework/src/Illuminate/Routing/Route.php(212): Illuminate\\Routing\\Route->runController()
#12 /var/www/norloxsolutionscrm.com/wowcrm/vendor/laravel/framework/src/Illuminate/Routing/Router.php(808): Illuminate\\Routing\\Route->run()
#13 /var/www/norloxsolutionscrm.com/wowcrm/vendor/laravel/framework/src/Illuminate/Pipeline/Pipeline.php(170): Illuminate\\Routing\\Router->Illuminate\\Routing\\{closure}()
#14 /var/www/norloxsolutionscrm.com/wowcrm/vendor/laravel/framework/src/Illuminate/Routing/Middleware/SubstituteBindings.php(51): Illuminate\\Pipeline\\Pipeline->Illuminate\\Pipeline\\{closure}()
#15 /var/www/norloxsolutionscrm.com/wowcrm/vendor/laravel/framework/src/Illuminate/Pipeline/Pipeline.php(209): Illuminate\\Routing\\Middleware\\SubstituteBindings->handle()
#16 /var/www/norloxsolutionscrm.com/wowcrm/vendor/laravel/framework/src/Illuminate/Auth/Middleware/Authenticate.php(64): Illuminate\\Pipeline\\Pipeline->Illuminate\\Pipeline\\{closure}()
#17 /var/www/norloxsolutionscrm.com/wowcrm/vendor/laravel/framework/src/Illuminate/Pipeline/Pipeline.php(209): Illuminate\\Auth\\Middleware\\Authenticate->handle()
#18 /var/www/norloxsolutionscrm.com/wowcrm/vendor/laravel/framework/src/Illuminate/Foundation/Http/Middleware/VerifyCsrfToken.php(88): Illuminate\\Pipeline\\Pipeline->Illuminate\\Pipeline\\{closure}()
#19 /var/www/norloxsolutionscrm.com/wowcrm/vendor/laravel/framework/src/Illuminate/Pipeline/Pipeline.php(209): Illuminate\\Foundation\\Http\\Middleware\\VerifyCsrfToken->handle()
#20 /var/www/norloxsolutionscrm.com/wowcrm/vendor/laravel/framework/src/Illuminate/View/Middleware/ShareErrorsFromSession.php(49): Illuminate\\Pipeline\\Pipeline->Illuminate\\Pipeline\\{closure}()
#21 /var/www/norloxsolutionscrm.com/wowcrm/vendor/laravel/framework/src/Illuminate/Pipeline/Pipeline.php(209): Illuminate\\View\\Middleware\\ShareErrorsFromSession->handle()
#22 /var/www/norloxsolutionscrm.com/wowcrm/vendor/laravel/framework/src/Illuminate/Session/Middleware/StartSession.php(121): Illuminate\\Pipeline\\Pipeline->Illuminate\\Pipeline\\{closure}()
#23 /var/www/norloxsolutionscrm.com/wowcrm/vendor/laravel/framework/src/Illuminate/Session/Middleware/StartSession.php(64): Illuminate\\Session\\Middleware\\StartSession->handleStatefulRequest()
#24 /var/www/norloxsolutionscrm.com/wowcrm/vendor/laravel/framework/src/Illuminate/Pipeline/Pipeline.php(209): Illuminate\\Session\\Middleware\\StartSession->handle()
#25 /var/www/norloxsolutionscrm.com/wowcrm/vendor/laravel/framework/src/Illuminate/Cookie/Middleware/AddQueuedCookiesToResponse.php(37): Illuminate\\Pipeline\\Pipeline->Illuminate\\Pipeline\\{closure}()
#26 /var/www/norloxsolutionscrm.com/wowcrm/vendor/laravel/framework/src/Illuminate/Pipeline/Pipeline.php(209): Illuminate\\Cookie\\Middleware\\AddQueuedCookiesToResponse->handle()
#27 /var/www/norloxsolutionscrm.com/wowcrm/vendor/laravel/framework/src/Illuminate/Cookie/Middleware/EncryptCookies.php(75): Illuminate\\Pipeline\\Pipeline->Illuminate\\Pipeline\\{closure}()
#28 /var/www/norloxsolutionscrm.com/wowcrm/vendor/laravel/framework/src/Illuminate/Pipeline/Pipeline.php(209): Illuminate\\Cookie\\Middleware\\EncryptCookies->handle()
#29 /var/www/norloxsolutionscrm.com/wowcrm/vendor/laravel/framework/src/Illuminate/Pipeline/Pipeline.php(127): Illuminate\\Pipeline\\Pipeline->Illuminate\\Pipeline\\{closure}()
#30 /var/www/norloxsolutionscrm.com/wowcrm/vendor/laravel/framework/src/Illuminate/Routing/Router.php(807): Illuminate\\Pipeline\\Pipeline->then()
#31 /var/www/norloxsolutionscrm.com/wowcrm/vendor/laravel/framework/src/Illuminate/Routing/Router.php(786): Illuminate\\Routing\\Router->runRouteWithinStack()
#32 /var/www/norloxsolutionscrm.com/wowcrm/vendor/laravel/framework/src/Illuminate/Routing/Router.php(750): Illuminate\\Routing\\Router->runRoute()
#33 /var/www/norloxsolutionscrm.com/wowcrm/vendor/laravel/framework/src/Illuminate/Routing/Router.php(739): Illuminate\\Routing\\Router->dispatchToRoute()
#34 /var/www/norloxsolutionscrm.com/wowcrm/vendor/laravel/framework/src/Illuminate/Foundation/Http/Kernel.php(201): Illuminate\\Routing\\Router->dispatch()
#35 /var/www/norloxsolutionscrm.com/wowcrm/vendor/laravel/framework/src/Illuminate/Pipeline/Pipeline.php(170): Illuminate\\Foundation\\Http\\Kernel->Illuminate\\Foundation\\Http\\{closure}()
#36 /var/www/norloxsolutionscrm.com/wowcrm/vendor/laravel/framework/src/Illuminate/Foundation/Http/Middleware/TransformsRequest.php(21): Illuminate\\Pipeline\\Pipeline->Illuminate\\Pipeline\\{closure}()
#37 /var/www/norloxsolutionscrm.com/wowcrm/vendor/laravel/framework/src/Illuminate/Foundation/Http/Middleware/ConvertEmptyStringsToNull.php(31): Illuminate\\Foundation\\Http\\Middleware\\TransformsRequest->handle()
#38 /var/www/norloxsolutionscrm.com/wowcrm/vendor/laravel/framework/src/Illuminate/Pipeline/Pipeline.php(209): Illuminate\\Foundation\\Http\\Middleware\\ConvertEmptyStringsToNull->handle()
#39 /var/www/norloxsolutionscrm.com/wowcrm/vendor/laravel/framework/src/Illuminate/Foundation/Http/Middleware/TransformsRequest.php(21): Illuminate\\Pipeline\\Pipeline->Illuminate\\Pipeline\\{closure}()
#40 /var/www/norloxsolutionscrm.com/wowcrm/vendor/laravel/framework/src/Illuminate/Foundation/Http/Middleware/TrimStrings.php(51): Illuminate\\Foundation\\Http\\Middleware\\TransformsRequest->handle()
#41 /var/www/norloxsolutionscrm.com/wowcrm/vendor/laravel/framework/src/Illuminate/Pipeline/Pipeline.php(209): Illuminate\\Foundation\\Http\\Middleware\\TrimStrings->handle()
#42 /var/www/norloxsolutionscrm.com/wowcrm/vendor/laravel/framework/src/Illuminate/Http/Middleware/ValidatePostSize.php(27): Illuminate\\Pipeline\\Pipeline->Illuminate\\Pipeline\\{closure}()
#43 /var/www/norloxsolutionscrm.com/wowcrm/vendor/laravel/framework/src/Illuminate/Pipeline/Pipeline.php(209): Illuminate\\Http\\Middleware\\ValidatePostSize->handle()
#44 /var/www/norloxsolutionscrm.com/wowcrm/vendor/laravel/framework/src/Illuminate/Foundation/Http/Middleware/PreventRequestsDuringMaintenance.php(110): Illuminate\\Pipeline\\Pipeline->Illuminate\\Pipeline\\{closure}()
#45 /var/www/norloxsolutionscrm.com/wowcrm/vendor/laravel/framework/src/Illuminate/Pipeline/Pipeline.php(209): Illuminate\\Foundation\\Http\\Middleware\\PreventRequestsDuringMaintenance->handle()
#46 /var/www/norloxsolutionscrm.com/wowcrm/vendor/laravel/framework/src/Illuminate/Http/Middleware/HandleCors.php(49): Illuminate\\Pipeline\\Pipeline->Illuminate\\Pipeline\\{closure}()
#47 /var/www/norloxsolutionscrm.com/wowcrm/vendor/laravel/framework/src/Illuminate/Pipeline/Pipeline.php(209): Illuminate\\Http\\Middleware\\HandleCors->handle()
#48 /var/www/norloxsolutionscrm.com/wowcrm/vendor/laravel/framework/src/Illuminate/Http/Middleware/TrustProxies.php(58): Illuminate\\Pipeline\\Pipeline->Illuminate\\Pipeline\\{closure}()
#49 /var/www/norloxsolutionscrm.com/wowcrm/vendor/laravel/framework/src/Illuminate/Pipeline/Pipeline.php(209): Illuminate\\Http\\Middleware\\TrustProxies->handle()
#50 /var/www/norloxsolutionscrm.com/wowcrm/vendor/laravel/framework/src/Illuminate/Foundation/Http/Middleware/InvokeDeferredCallbacks.php(22): Illuminate\\Pipeline\\Pipeline->Illuminate\\Pipeline\\{closure}()
#51 /var/www/norloxsolutionscrm.com/wowcrm/vendor/laravel/framework/src/Illuminate/Pipeline/Pipeline.php(209): Illuminate\\Foundation\\Http\\Middleware\\InvokeDeferredCallbacks->handle()
#52 /var/www/norloxsolutionscrm.com/wowcrm/vendor/laravel/framework/src/Illuminate/Pipeline/Pipeline.php(127): Illuminate\\Pipeline\\Pipeline->Illuminate\\Pipeline\\{closure}()
#53 /var/www/norloxsolutionscrm.com/wowcrm/vendor/laravel/framework/src/Illuminate/Foundation/Http/Kernel.php(176): Illuminate\\Pipeline\\Pipeline->then()
#54 /var/www/norloxsolutionscrm.com/wowcrm/vendor/laravel/framework/src/Illuminate/Foundation/Http/Kernel.php(145): Illuminate\\Foundation\\Http\\Kernel->sendRequestThroughRouter()
#55 /var/www/norloxsolutionscrm.com/wowcrm/vendor/laravel/framework/src/Illuminate/Foundation/Application.php(1220): Illuminate\\Foundation\\Http\\Kernel->handle()
#56 /var/www/norloxsolutionscrm.com/wowcrm/index.php(17): Illuminate\\Foundation\\Application->handleRequest()
#57 {main}

[previous exception] [object] (PDOException(code: 01000): SQLSTATE[01000]: Warning: 1265 Data truncated for column 'gender' at row 1 at /var/www/norloxsolutionscrm.com/wowcrm/vendor/laravel/framework/src/Illuminate/Database/Connection.php:596)
[stacktrace]
#0 /var/www/norloxsolutionscrm.com/wowcrm/vendor/laravel/framework/src/Illuminate/Database/Connection.php(596): PDOStatement->execute()
#1 /var/www/norloxsolutionscrm.com/wowcrm/vendor/laravel/framework/src/Illuminate/Database/Connection.php(812): Illuminate\\Database\\Connection->Illuminate\\Database\\{closure}()
#2 /var/www/norloxsolutionscrm.com/wowcrm/vendor/laravel/framework/src/Illuminate/Database/Connection.php(779): Illuminate\\Database\\Connection->runQueryCallback()
#3 /var/www/norloxsolutionscrm.com/wowcrm/vendor/laravel/framework/src/Illuminate/Database/Connection.php(584): Illuminate\\Database\\Connection->run()
#4 /var/www/norloxsolutionscrm.com/wowcrm/vendor/laravel/framework/src/Illuminate/Database/Connection.php(536): Illuminate\\Database\\Connection->affectingStatement()
#5 /var/www/norloxsolutionscrm.com/wowcrm/vendor/laravel/framework/src/Illuminate/Database/Query/Builder.php(3830): Illuminate\\Database\\Connection->update()
#6 /var/www/norloxsolutionscrm.com/wowcrm/vendor/laravel/framework/src/Illuminate/Database/Eloquent/Builder.php(1175): Illuminate\\Database\\Query\\Builder->update()
#7 /var/www/norloxsolutionscrm.com/wowcrm/vendor/laravel/framework/src/Illuminate/Database/Eloquent/Model.php(1239): Illuminate\\Database\\Eloquent\\Builder->update()
#8 /var/www/norloxsolutionscrm.com/wowcrm/vendor/laravel/framework/src/Illuminate/Database/Eloquent/Model.php(1156): Illuminate\\Database\\Eloquent\\Model->performUpdate()
#9 /var/www/norloxsolutionscrm.com/wowcrm/vendor/laravel/framework/src/Illuminate/Database/Eloquent/Model.php(1014): Illuminate\\Database\\Eloquent\\Model->save()
#10 /var/www/norloxsolutionscrm.com/wowcrm/app/Http/Controllers/UserController.php(407): Illuminate\\Database\\Eloquent\\Model->update()
#11 /var/www/norloxsolutionscrm.com/wowcrm/vendor/laravel/framework/src/Illuminate/Routing/ControllerDispatcher.php(47): App\\Http\\Controllers\\UserController->seniorupdate()
#12 /var/www/norloxsolutionscrm.com/wowcrm/vendor/laravel/framework/src/Illuminate/Routing/Route.php(266): Illuminate\\Routing\\ControllerDispatcher->dispatch()
#13 /var/www/norloxsolutionscrm.com/wowcrm/vendor/laravel/framework/src/Illuminate/Routing/Route.php(212): Illuminate\\Routing\\Route->runController()
#14 /var/www/norloxsolutionscrm.com/wowcrm/vendor/laravel/framework/src/Illuminate/Routing/Router.php(808): Illuminate\\Routing\\Route->run()
#15 /var/www/norloxsolutionscrm.com/wowcrm/vendor/laravel/framework/src/Illuminate/Pipeline/Pipeline.php(170): Illuminate\\Routing\\Router->Illuminate\\Routing\\{closure}()
#16 /var/www/norloxsolutionscrm.com/wowcrm/vendor/laravel/framework/src/Illuminate/Routing/Middleware/SubstituteBindings.php(51): Illuminate\\Pipeline\\Pipeline->Illuminate\\Pipeline\\{closure}()
#17 /var/www/norloxsolutionscrm.com/wowcrm/vendor/laravel/framework/src/Illuminate/Pipeline/Pipeline.php(209): Illuminate\\Routing\\Middleware\\SubstituteBindings->handle()
#18 /var/www/norloxsolutionscrm.com/wowcrm/vendor/laravel/framework/src/Illuminate/Auth/Middleware/Authenticate.php(64): Illuminate\\Pipeline\\Pipeline->Illuminate\\Pipeline\\{closure}()
#19 /var/www/norloxsolutionscrm.com/wowcrm/vendor/laravel/framework/src/Illuminate/Pipeline/Pipeline.php(209): Illuminate\\Auth\\Middleware\\Authenticate->handle()
#20 /var/www/norloxsolutionscrm.com/wowcrm/vendor/laravel/framework/src/Illuminate/Foundation/Http/Middleware/VerifyCsrfToken.php(88): Illuminate\\Pipeline\\Pipeline->Illuminate\\Pipeline\\{closure}()
#21 /var/www/norloxsolutionscrm.com/wowcrm/vendor/laravel/framework/src/Illuminate/Pipeline/Pipeline.php(209): Illuminate\\Foundation\\Http\\Middleware\\VerifyCsrfToken->handle()
#22 /var/www/norloxsolutionscrm.com/wowcrm/vendor/laravel/framework/src/Illuminate/View/Middleware/ShareErrorsFromSession.php(49): Illuminate\\Pipeline\\Pipeline->Illuminate\\Pipeline\\{closure}()
#23 /var/www/norloxsolutionscrm.com/wowcrm/vendor/laravel/framework/src/Illuminate/Pipeline/Pipeline.php(209): Illuminate\\View\\Middleware\\ShareErrorsFromSession->handle()
#24 /var/www/norloxsolutionscrm.com/wowcrm/vendor/laravel/framework/src/Illuminate/Session/Middleware/StartSession.php(121): Illuminate\\Pipeline\\Pipeline->Illuminate\\Pipeline\\{closure}()
#25 /var/www/norloxsolutionscrm.com/wowcrm/vendor/laravel/framework/src/Illuminate/Session/Middleware/StartSession.php(64): Illuminate\\Session\\Middleware\\StartSession->handleStatefulRequest()
#26 /var/www/norloxsolutionscrm.com/wowcrm/vendor/laravel/framework/src/Illuminate/Pipeline/Pipeline.php(209): Illuminate\\Session\\Middleware\\StartSession->handle()
#27 /var/www/norloxsolutionscrm.com/wowcrm/vendor/laravel/framework/src/Illuminate/Cookie/Middleware/AddQueuedCookiesToResponse.php(37): Illuminate\\Pipeline\\Pipeline->Illuminate\\Pipeline\\{closure}()
#28 /var/www/norloxsolutionscrm.com/wowcrm/vendor/laravel/framework/src/Illuminate/Pipeline/Pipeline.php(209): Illuminate\\Cookie\\Middleware\\AddQueuedCookiesToResponse->handle()
#29 /var/www/norloxsolutionscrm.com/wowcrm/vendor/laravel/framework/src/Illuminate/Cookie/Middleware/EncryptCookies.php(75): Illuminate\\Pipeline\\Pipeline->Illuminate\\Pipeline\\{closure}()
#30 /var/www/norloxsolutionscrm.com/wowcrm/vendor/laravel/framework/src/Illuminate/Pipeline/Pipeline.php(209): Illuminate\\Cookie\\Middleware\\EncryptCookies->handle()
#31 /var/www/norloxsolutionscrm.com/wowcrm/vendor/laravel/framework/src/Illuminate/Pipeline/Pipeline.php(127): Illuminate\\Pipeline\\Pipeline->Illuminate\\Pipeline\\{closure}()
#32 /var/www/norloxsolutionscrm.com/wowcrm/vendor/laravel/framework/src/Illuminate/Routing/Router.php(807): Illuminate\\Pipeline\\Pipeline->then()
#33 /var/www/norloxsolutionscrm.com/wowcrm/vendor/laravel/framework/src/Illuminate/Routing/Router.php(786): Illuminate\\Routing\\Router->runRouteWithinStack()
#34 /var/www/norloxsolutionscrm.com/wowcrm/vendor/laravel/framework/src/Illuminate/Routing/Router.php(750): Illuminate\\Routing\\Router->runRoute()
#35 /var/www/norloxsolutionscrm.com/wowcrm/vendor/laravel/framework/src/Illuminate/Routing/Router.php(739): Illuminate\\Routing\\Router->dispatchToRoute()
#36 /var/www/norloxsolutionscrm.com/wowcrm/vendor/laravel/framework/src/Illuminate/Foundation/Http/Kernel.php(201): Illuminate\\Routing\\Router->dispatch()
#37 /var/www/norloxsolutionscrm.com/wowcrm/vendor/laravel/framework/src/Illuminate/Pipeline/Pipeline.php(170): Illuminate\\Foundation\\Http\\Kernel->Illuminate\\Foundation\\Http\\{closure}()
#38 /var/www/norloxsolutionscrm.com/wowcrm/vendor/laravel/framework/src/Illuminate/Foundation/Http/Middleware/TransformsRequest.php(21): Illuminate\\Pipeline\\Pipeline->Illuminate\\Pipeline\\{closure}()
#39 /var/www/norloxsolutionscrm.com/wowcrm/vendor/laravel/framework/src/Illuminate/Foundation/Http/Middleware/ConvertEmptyStringsToNull.php(31): Illuminate\\Foundation\\Http\\Middleware\\TransformsRequest->handle()
#40 /var/www/norloxsolutionscrm.com/wowcrm/vendor/laravel/framework/src/Illuminate/Pipeline/Pipeline.php(209): Illuminate\\Foundation\\Http\\Middleware\\ConvertEmptyStringsToNull->handle()
#41 /var/www/norloxsolutionscrm.com/wowcrm/vendor/laravel/framework/src/Illuminate/Foundation/Http/Middleware/TransformsRequest.php(21): Illuminate\\Pipeline\\Pipeline->Illuminate\\Pipeline\\{closure}()
#42 /var/www/norloxsolutionscrm.com/wowcrm/vendor/laravel/framework/src/Illuminate/Foundation/Http/Middleware/TrimStrings.php(51): Illuminate\\Foundation\\Http\\Middleware\\TransformsRequest->handle()
#43 /var/www/norloxsolutionscrm.com/wowcrm/vendor/laravel/framework/src/Illuminate/Pipeline/Pipeline.php(209): Illuminate\\Foundation\\Http\\Middleware\\TrimStrings->handle()
#44 /var/www/norloxsolutionscrm.com/wowcrm/vendor/laravel/framework/src/Illuminate/Http/Middleware/ValidatePostSize.php(27): Illuminate\\Pipeline\\Pipeline->Illuminate\\Pipeline\\{closure}()
#45 /var/www/norloxsolutionscrm.com/wowcrm/vendor/laravel/framework/src/Illuminate/Pipeline/Pipeline.php(209): Illuminate\\Http\\Middleware\\ValidatePostSize->handle()
#46 /var/www/norloxsolutionscrm.com/wowcrm/vendor/laravel/framework/src/Illuminate/Foundation/Http/Middleware/PreventRequestsDuringMaintenance.php(110): Illuminate\\Pipeline\\Pipeline->Illuminate\\Pipeline\\{closure}()
#47 /var/www/norloxsolutionscrm.com/wowcrm/vendor/laravel/framework/src/Illuminate/Pipeline/Pipeline.php(209): Illuminate\\Foundation\\Http\\Middleware\\PreventRequestsDuringMaintenance->handle()
#48 /var/www/norloxsolutionscrm.com/wowcrm/vendor/laravel/framework/src/Illuminate/Http/Middleware/HandleCors.php(49): Illuminate\\Pipeline\\Pipeline->Illuminate\\Pipeline\\{closure}()
#49 /var/www/norloxsolutionscrm.com/wowcrm/vendor/laravel/framework/src/Illuminate/Pipeline/Pipeline.php(209): Illuminate\\Http\\Middleware\\HandleCors->handle()
#50 /var/www/norloxsolutionscrm.com/wowcrm/vendor/laravel/framework/src/Illuminate/Http/Middleware/TrustProxies.php(58): Illuminate\\Pipeline\\Pipeline->Illuminate\\Pipeline\\{closure}()
#51 /var/www/norloxsolutionscrm.com/wowcrm/vendor/laravel/framework/src/Illuminate/Pipeline/Pipeline.php(209): Illuminate\\Http\\Middleware\\TrustProxies->handle()
#52 /var/www/norloxsolutionscrm.com/wowcrm/vendor/laravel/framework/src/Illuminate/Foundation/Http/Middleware/InvokeDeferredCallbacks.php(22): Illuminate\\Pipeline\\Pipeline->Illuminate\\Pipeline\\{closure}()
#53 /var/www/norloxsolutionscrm.com/wowcrm/vendor/laravel/framework/src/Illuminate/Pipeline/Pipeline.php(209): Illuminate\\Foundation\\Http\\Middleware\\InvokeDeferredCallbacks->handle()
#54 /var/www/norloxsolutionscrm.com/wowcrm/vendor/laravel/framework/src/Illuminate/Pipeline/Pipeline.php(127): Illuminate\\Pipeline\\Pipeline->Illuminate\\Pipeline\\{closure}()
#55 /var/www/norloxsolutionscrm.com/wowcrm/vendor/laravel/framework/src/Illuminate/Foundation/Http/Kernel.php(176): Illuminate\\Pipeline\\Pipeline->then()
#56 /var/www/norloxsolutionscrm.com/wowcrm/vendor/laravel/framework/src/Illuminate/Foundation/Http/Kernel.php(145): Illuminate\\Foundation\\Http\\Kernel->sendRequestThroughRouter()
#57 /var/www/norloxsolutionscrm.com/wowcrm/vendor/laravel/framework/src/Illuminate/Foundation/Application.php(1220): Illuminate\\Foundation\\Http\\Kernel->handle()
#58 /var/www/norloxsolutionscrm.com/wowcrm/index.php(17): Illuminate\\Foundation\\Application->handleRequest()
#59 {main}
"} 
[2026-06-15 14:51:59] local.ERROR: The archive failed to load with the following error code: 19 {"userId":105,"exception":"[object] (Exception(code: 0): The archive failed to load with the following error code: 19 at /var/www/norloxsolutionscrm.com/wowcrm/vendor/phpoffice/phpword/src/PhpWord/Shared/XMLReader.php:71)
[stacktrace]
#0 /var/www/norloxsolutionscrm.com/wowcrm/vendor/phpoffice/phpword/src/PhpWord/Reader/Word2007.php(169): PhpOffice\\PhpWord\\Shared\\XMLReader->getDomFromZip()
#1 /var/www/norloxsolutionscrm.com/wowcrm/vendor/phpoffice/phpword/src/PhpWord/Reader/Word2007.php(133): PhpOffice\\PhpWord\\Reader\\Word2007->getRels()
#2 /var/www/norloxsolutionscrm.com/wowcrm/vendor/phpoffice/phpword/src/PhpWord/Reader/Word2007.php(48): PhpOffice\\PhpWord\\Reader\\Word2007->readRelationships()
#3 /var/www/norloxsolutionscrm.com/wowcrm/vendor/phpoffice/phpword/src/PhpWord/IOFactory.php(92): PhpOffice\\PhpWord\\Reader\\Word2007->load()
#4 /var/www/norloxsolutionscrm.com/wowcrm/app/Http/Controllers/GoogleSheetController.php(8310): PhpOffice\\PhpWord\\IOFactory::load()
#5 /var/www/norloxsolutionscrm.com/wowcrm/vendor/laravel/framework/src/Illuminate/Routing/ControllerDispatcher.php(47): App\\Http\\Controllers\\GoogleSheetController->viewJuniorResume()
#6 /var/www/norloxsolutionscrm.com/wowcrm/vendor/laravel/framework/src/Illuminate/Routing/Route.php(266): Illuminate\\Routing\\ControllerDispatcher->dispatch()
#7 /var/www/norloxsolutionscrm.com/wowcrm/vendor/laravel/framework/src/Illuminate/Routing/Route.php(212): Illuminate\\Routing\\Route->runController()
#8 /var/www/norloxsolutionscrm.com/wowcrm/vendor/laravel/framework/src/Illuminate/Routing/Router.php(808): Illuminate\\Routing\\Route->run()
#9 /var/www/norloxsolutionscrm.com/wowcrm/vendor/laravel/framework/src/Illuminate/Pipeline/Pipeline.php(170): Illuminate\\Routing\\Router->Illuminate\\Routing\\{closure}()
#10 /var/www/norloxsolutionscrm.com/wowcrm/vendor/laravel/framework/src/Illuminate/Routing/Middleware/SubstituteBindings.php(51): Illuminate\\Pipeline\\Pipeline->Illuminate\\Pipeline\\{closure}()
#11 /var/www/norloxsolutionscrm.com/wowcrm/vendor/laravel/framework/src/Illuminate/Pipeline/Pipeline.php(209): Illuminate\\Routing\\Middleware\\SubstituteBindings->handle()
#12 /var/www/norloxsolutionscrm.com/wowcrm/vendor/laravel/framework/src/Illuminate/Auth/Middleware/Authenticate.php(64): Illuminate\\Pipeline\\Pipeline->Illuminate\\Pipeline\\{closure}()
#13 /var/www/norloxsolutionscrm.com/wowcrm/vendor/laravel/framework/src/Illuminate/Pipeline/Pipeline.php(209): Illuminate\\Auth\\Middleware\\Authenticate->handle()
#14 /var/www/norloxsolutionscrm.com/wowcrm/vendor/laravel/framework/src/Illuminate/Foundation/Http/Middleware/VerifyCsrfToken.php(88): Illuminate\\Pipeline\\Pipeline->Illuminate\\Pipeline\\{closure}()
#15 /var/www/norloxsolutionscrm.com/wowcrm/vendor/laravel/framework/src/Illuminate/Pipeline/Pipeline.php(209): Illuminate\\Foundation\\Http\\Middleware\\VerifyCsrfToken->handle()
#16 /var/www/norloxsolutionscrm.com/wowcrm/vendor/laravel/framework/src/Illuminate/View/Middleware/ShareErrorsFromSession.php(49): Illuminate\\Pipeline\\Pipeline->Illuminate\\Pipeline\\{closure}()
#17 /var/www/norloxsolutionscrm.com/wowcrm/vendor/laravel/framework/src/Illuminate/Pipeline/Pipeline.php(209): Illuminate\\View\\Middleware\\ShareErrorsFromSession->handle()
#18 /var/www/norloxsolutionscrm.com/wowcrm/vendor/laravel/framework/src/Illuminate/Session/Middleware/StartSession.php(121): Illuminate\\Pipeline\\Pipeline->Illuminate\\Pipeline\\{closure}()
#19 /var/www/norloxsolutionscrm.com/wowcrm/vendor/laravel/framework/src/Illuminate/Session/Middleware/StartSession.php(64): Illuminate\\Session\\Middleware\\StartSession->handleStatefulRequest()
#20 /var/www/norloxsolutionscrm.com/wowcrm/vendor/laravel/framework/src/Illuminate/Pipeline/Pipeline.php(209): Illuminate\\Session\\Middleware\\StartSession->handle()
#21 /var/www/norloxsolutionscrm.com/wowcrm/vendor/laravel/framework/src/Illuminate/Cookie/Middleware/AddQueuedCookiesToResponse.php(37): Illuminate\\Pipeline\\Pipeline->Illuminate\\Pipeline\\{closure}()
#22 /var/www/norloxsolutionscrm.com/wowcrm/vendor/laravel/framework/src/Illuminate/Pipeline/Pipeline.php(209): Illuminate\\Cookie\\Middleware\\AddQueuedCookiesToResponse->handle()
#23 /var/www/norloxsolutionscrm.com/wowcrm/vendor/laravel/framework/src/Illuminate/Cookie/Middleware/EncryptCookies.php(75): Illuminate\\Pipeline\\Pipeline->Illuminate\\Pipeline\\{closure}()
#24 /var/www/norloxsolutionscrm.com/wowcrm/vendor/laravel/framework/src/Illuminate/Pipeline/Pipeline.php(209): Illuminate\\Cookie\\Middleware\\EncryptCookies->handle()
#25 /var/www/norloxsolutionscrm.com/wowcrm/vendor/laravel/framework/src/Illuminate/Pipeline/Pipeline.php(127): Illuminate\\Pipeline\\Pipeline->Illuminate\\Pipeline\\{closure}()
#26 /var/www/norloxsolutionscrm.com/wowcrm/vendor/laravel/framework/src/Illuminate/Routing/Router.php(807): Illuminate\\Pipeline\\Pipeline->then()
#27 /var/www/norloxsolutionscrm.com/wowcrm/vendor/laravel/framework/src/Illuminate/Routing/Router.php(786): Illuminate\\Routing\\Router->runRouteWithinStack()
#28 /var/www/norloxsolutionscrm.com/wowcrm/vendor/laravel/framework/src/Illuminate/Routing/Router.php(750): Illuminate\\Routing\\Router->runRoute()
#29 /var/www/norloxsolutionscrm.com/wowcrm/vendor/laravel/framework/src/Illuminate/Routing/Router.php(739): Illuminate\\Routing\\Router->dispatchToRoute()
#30 /var/www/norloxsolutionscrm.com/wowcrm/vendor/laravel/framework/src/Illuminate/Foundation/Http/Kernel.php(201): Illuminate\\Routing\\Router->dispatch()
#31 /var/www/norloxsolutionscrm.com/wowcrm/vendor/laravel/framework/src/Illuminate/Pipeline/Pipeline.php(170): Illuminate\\Foundation\\Http\\Kernel->Illuminate\\Foundation\\Http\\{closure}()
#32 /var/www/norloxsolutionscrm.com/wowcrm/vendor/laravel/framework/src/Illuminate/Foundation/Http/Middleware/TransformsRequest.php(21): Illuminate\\Pipeline\\Pipeline->Illuminate\\Pipeline\\{closure}()
#33 /var/www/norloxsolutionscrm.com/wowcrm/vendor/laravel/framework/src/Illuminate/Foundation/Http/Middleware/ConvertEmptyStringsToNull.php(31): Illuminate\\Foundation\\Http\\Middleware\\TransformsRequest->handle()
#34 /var/www/norloxsolutionscrm.com/wowcrm/vendor/laravel/framework/src/Illuminate/Pipeline/Pipeline.php(209): Illuminate\\Foundation\\Http\\Middleware\\ConvertEmptyStringsToNull->handle()
#35 /var/www/norloxsolutionscrm.com/wowcrm/vendor/laravel/framework/src/Illuminate/Foundation/Http/Middleware/TransformsRequest.php(21): Illuminate\\Pipeline\\Pipeline->Illuminate\\Pipeline\\{closure}()
#36 /var/www/norloxsolutionscrm.com/wowcrm/vendor/laravel/framework/src/Illuminate/Foundation/Http/Middleware/TrimStrings.php(51): Illuminate\\Foundation\\Http\\Middleware\\TransformsRequest->handle()
#37 /var/www/norloxsolutionscrm.com/wowcrm/vendor/laravel/framework/src/Illuminate/Pipeline/Pipeline.php(209): Illuminate\\Foundation\\Http\\Middleware\\TrimStrings->handle()
#38 /var/www/norloxsolutionscrm.com/wowcrm/vendor/laravel/framework/src/Illuminate/Http/Middleware/ValidatePostSize.php(27): Illuminate\\Pipeline\\Pipeline->Illuminate\\Pipeline\\{closure}()
#39 /var/www/norloxsolutionscrm.com/wowcrm/vendor/laravel/framework/src/Illuminate/Pipeline/Pipeline.php(209): Illuminate\\Http\\Middleware\\ValidatePostSize->handle()
#40 /var/www/norloxsolutionscrm.com/wowcrm/vendor/laravel/framework/src/Illuminate/Foundation/Http/Middleware/PreventRequestsDuringMaintenance.php(110): Illuminate\\Pipeline\\Pipeline->Illuminate\\Pipeline\\{closure}()
#41 /var/www/norloxsolutionscrm.com/wowcrm/vendor/laravel/framework/src/Illuminate/Pipeline/Pipeline.php(209): Illuminate\\Foundation\\Http\\Middleware\\PreventRequestsDuringMaintenance->handle()
#42 /var/www/norloxsolutionscrm.com/wowcrm/vendor/laravel/framework/src/Illuminate/Http/Middleware/HandleCors.php(49): Illuminate\\Pipeline\\Pipeline->Illuminate\\Pipeline\\{closure}()
#43 /var/www/norloxsolutionscrm.com/wowcrm/vendor/laravel/framework/src/Illuminate/Pipeline/Pipeline.php(209): Illuminate\\Http\\Middleware\\HandleCors->handle()
#44 /var/www/norloxsolutionscrm.com/wowcrm/vendor/laravel/framework/src/Illuminate/Http/Middleware/TrustProxies.php(58): Illuminate\\Pipeline\\Pipeline->Illuminate\\Pipeline\\{closure}()
#45 /var/www/norloxsolutionscrm.com/wowcrm/vendor/laravel/framework/src/Illuminate/Pipeline/Pipeline.php(209): Illuminate\\Http\\Middleware\\TrustProxies->handle()
#46 /var/www/norloxsolutionscrm.com/wowcrm/vendor/laravel/framework/src/Illuminate/Foundation/Http/Middleware/InvokeDeferredCallbacks.php(22): Illuminate\\Pipeline\\Pipeline->Illuminate\\Pipeline\\{closure}()
#47 /var/www/norloxsolutionscrm.com/wowcrm/vendor/laravel/framework/src/Illuminate/Pipeline/Pipeline.php(209): Illuminate\\Foundation\\Http\\Middleware\\InvokeDeferredCallbacks->handle()
#48 /var/www/norloxsolutionscrm.com/wowcrm/vendor/laravel/framework/src/Illuminate/Pipeline/Pipeline.php(127): Illuminate\\Pipeline\\Pipeline->Illuminate\\Pipeline\\{closure}()
#49 /var/www/norloxsolutionscrm.com/wowcrm/vendor/laravel/framework/src/Illuminate/Foundation/Http/Kernel.php(176): Illuminate\\Pipeline\\Pipeline->then()
#50 /var/www/norloxsolutionscrm.com/wowcrm/vendor/laravel/framework/src/Illuminate/Foundation/Http/Kernel.php(145): Illuminate\\Foundation\\Http\\Kernel->sendRequestThroughRouter()
#51 /var/www/norloxsolutionscrm.com/wowcrm/vendor/laravel/framework/src/Illuminate/Foundation/Application.php(1220): Illuminate\\Foundation\\Http\\Kernel->handle()
#52 /var/www/norloxsolutionscrm.com/wowcrm/index.php(17): Illuminate\\Foundation\\Application->handleRequest()
#53 {main}
"} 
[2026-06-15 15:10:35] local.ERROR: Invalid image: zip:///var/www/norloxsolutionscrm.com/wowcrm/storage/app/public/resumes/pavani-jb-qvedls-p9pq5e_20260611_165127.docx#word/media/image1.emf {"userId":105,"exception":"[object] (PhpOffice\\PhpWord\\Exception\\InvalidImageException(code: 0): Invalid image: zip:///var/www/norloxsolutionscrm.com/wowcrm/storage/app/public/resumes/pavani-jb-qvedls-p9pq5e_20260611_165127.docx#word/media/image1.emf at /var/www/norloxsolutionscrm.com/wowcrm/vendor/phpoffice/phpword/src/PhpWord/Element/Image.php:444)
[stacktrace]
#0 /var/www/norloxsolutionscrm.com/wowcrm/vendor/phpoffice/phpword/src/PhpWord/Element/Image.php(157): PhpOffice\\PhpWord\\Element\\Image->checkImage()
#1 [internal function]: PhpOffice\\PhpWord\\Element\\Image->__construct()
#2 /var/www/norloxsolutionscrm.com/wowcrm/vendor/phpoffice/phpword/src/PhpWord/Element/AbstractContainer.php(155): ReflectionClass->newInstanceArgs()
#3 [internal function]: PhpOffice\\PhpWord\\Element\\AbstractContainer->addElement()
#4 /var/www/norloxsolutionscrm.com/wowcrm/vendor/phpoffice/phpword/src/PhpWord/Element/AbstractContainer.php(121): call_user_func_array()
#5 /var/www/norloxsolutionscrm.com/wowcrm/vendor/phpoffice/phpword/src/PhpWord/Reader/Word2007/AbstractPart.php(539): PhpOffice\\PhpWord\\Element\\AbstractContainer->__call()
#6 /var/www/norloxsolutionscrm.com/wowcrm/vendor/phpoffice/phpword/src/PhpWord/Reader/Word2007/AbstractPart.php(475): PhpOffice\\PhpWord\\Reader\\Word2007\\AbstractPart->readRunChild()
#7 /var/www/norloxsolutionscrm.com/wowcrm/vendor/phpoffice/phpword/src/PhpWord/Reader/Word2007/AbstractPart.php(325): PhpOffice\\PhpWord\\Reader\\Word2007\\AbstractPart->readRun()
#8 /var/www/norloxsolutionscrm.com/wowcrm/vendor/phpoffice/phpword/src/PhpWord/Reader/Word2007/Document.php(151): PhpOffice\\PhpWord\\Reader\\Word2007\\AbstractPart->readParagraph()
#9 /var/www/norloxsolutionscrm.com/wowcrm/vendor/phpoffice/phpword/src/PhpWord/Reader/Word2007/Document.php(58): PhpOffice\\PhpWord\\Reader\\Word2007\\Document->readWPNode()
#10 /var/www/norloxsolutionscrm.com/wowcrm/vendor/phpoffice/phpword/src/PhpWord/Reader/Word2007.php(116): PhpOffice\\PhpWord\\Reader\\Word2007\\Document->read()
#11 /var/www/norloxsolutionscrm.com/wowcrm/vendor/phpoffice/phpword/src/PhpWord/Reader/Word2007.php(90): PhpOffice\\PhpWord\\Reader\\Word2007->readPart()
#12 /var/www/norloxsolutionscrm.com/wowcrm/vendor/phpoffice/phpword/src/PhpWord/IOFactory.php(92): PhpOffice\\PhpWord\\Reader\\Word2007->load()
#13 /var/www/norloxsolutionscrm.com/wowcrm/app/Http/Controllers/GoogleSheetController.php(8310): PhpOffice\\PhpWord\\IOFactory::load()
#14 /var/www/norloxsolutionscrm.com/wowcrm/vendor/laravel/framework/src/Illuminate/Routing/ControllerDispatcher.php(47): App\\Http\\Controllers\\GoogleSheetController->viewJuniorResume()
#15 /var/www/norloxsolutionscrm.com/wowcrm/vendor/laravel/framework/src/Illuminate/Routing/Route.php(266): Illuminate\\Routing\\ControllerDispatcher->dispatch()
#16 /var/www/norloxsolutionscrm.com/wowcrm/vendor/laravel/framework/src/Illuminate/Routing/Route.php(212): Illuminate\\Routing\\Route->runController()
#17 /var/www/norloxsolutionscrm.com/wowcrm/vendor/laravel/framework/src/Illuminate/Routing/Router.php(808): Illuminate\\Routing\\Route->run()
#18 /var/www/norloxsolutionscrm.com/wowcrm/vendor/laravel/framework/src/Illuminate/Pipeline/Pipeline.php(170): Illuminate\\Routing\\Router->Illuminate\\Routing\\{closure}()
#19 /var/www/norloxsolutionscrm.com/wowcrm/vendor/laravel/framework/src/Illuminate/Routing/Middleware/SubstituteBindings.php(51): Illuminate\\Pipeline\\Pipeline->Illuminate\\Pipeline\\{closure}()
#20 /var/www/norloxsolutionscrm.com/wowcrm/vendor/laravel/framework/src/Illuminate/Pipeline/Pipeline.php(209): Illuminate\\Routing\\Middleware\\SubstituteBindings->handle()
#21 /var/www/norloxsolutionscrm.com/wowcrm/vendor/laravel/framework/src/Illuminate/Auth/Middleware/Authenticate.php(64): Illuminate\\Pipeline\\Pipeline->Illuminate\\Pipeline\\{closure}()
#22 /var/www/norloxsolutionscrm.com/wowcrm/vendor/laravel/framework/src/Illuminate/Pipeline/Pipeline.php(209): Illuminate\\Auth\\Middleware\\Authenticate->handle()
#23 /var/www/norloxsolutionscrm.com/wowcrm/vendor/laravel/framework/src/Illuminate/Foundation/Http/Middleware/VerifyCsrfToken.php(88): Illuminate\\Pipeline\\Pipeline->Illuminate\\Pipeline\\{closure}()
#24 /var/www/norloxsolutionscrm.com/wowcrm/vendor/laravel/framework/src/Illuminate/Pipeline/Pipeline.php(209): Illuminate\\Foundation\\Http\\Middleware\\VerifyCsrfToken->handle()
#25 /var/www/norloxsolutionscrm.com/wowcrm/vendor/laravel/framework/src/Illuminate/View/Middleware/ShareErrorsFromSession.php(49): Illuminate\\Pipeline\\Pipeline->Illuminate\\Pipeline\\{closure}()
#26 /var/www/norloxsolutionscrm.com/wowcrm/vendor/laravel/framework/src/Illuminate/Pipeline/Pipeline.php(209): Illuminate\\View\\Middleware\\ShareErrorsFromSession->handle()
#27 /var/www/norloxsolutionscrm.com/wowcrm/vendor/laravel/framework/src/Illuminate/Session/Middleware/StartSession.php(121): Illuminate\\Pipeline\\Pipeline->Illuminate\\Pipeline\\{closure}()
#28 /var/www/norloxsolutionscrm.com/wowcrm/vendor/laravel/framework/src/Illuminate/Session/Middleware/StartSession.php(64): Illuminate\\Session\\Middleware\\StartSession->handleStatefulRequest()
#29 /var/www/norloxsolutionscrm.com/wowcrm/vendor/laravel/framework/src/Illuminate/Pipeline/Pipeline.php(209): Illuminate\\Session\\Middleware\\StartSession->handle()
#30 /var/www/norloxsolutionscrm.com/wowcrm/vendor/laravel/framework/src/Illuminate/Cookie/Middleware/AddQueuedCookiesToResponse.php(37): Illuminate\\Pipeline\\Pipeline->Illuminate\\Pipeline\\{closure}()
#31 /var/www/norloxsolutionscrm.com/wowcrm/vendor/laravel/framework/src/Illuminate/Pipeline/Pipeline.php(209): Illuminate\\Cookie\\Middleware\\AddQueuedCookiesToResponse->handle()
#32 /var/www/norloxsolutionscrm.com/wowcrm/vendor/laravel/framework/src/Illuminate/Cookie/Middleware/EncryptCookies.php(75): Illuminate\\Pipeline\\Pipeline->Illuminate\\Pipeline\\{closure}()
#33 /var/www/norloxsolutionscrm.com/wowcrm/vendor/laravel/framework/src/Illuminate/Pipeline/Pipeline.php(209): Illuminate\\Cookie\\Middleware\\EncryptCookies->handle()
#34 /var/www/norloxsolutionscrm.com/wowcrm/vendor/laravel/framework/src/Illuminate/Pipeline/Pipeline.php(127): Illuminate\\Pipeline\\Pipeline->Illuminate\\Pipeline\\{closure}()
#35 /var/www/norloxsolutionscrm.com/wowcrm/vendor/laravel/framework/src/Illuminate/Routing/Router.php(807): Illuminate\\Pipeline\\Pipeline->then()
#36 /var/www/norloxsolutionscrm.com/wowcrm/vendor/laravel/framework/src/Illuminate/Routing/Router.php(786): Illuminate\\Routing\\Router->runRouteWithinStack()
#37 /var/www/norloxsolutionscrm.com/wowcrm/vendor/laravel/framework/src/Illuminate/Routing/Router.php(750): Illuminate\\Routing\\Router->runRoute()
#38 /var/www/norloxsolutionscrm.com/wowcrm/vendor/laravel/framework/src/Illuminate/Routing/Router.php(739): Illuminate\\Routing\\Router->dispatchToRoute()
#39 /var/www/norloxsolutionscrm.com/wowcrm/vendor/laravel/framework/src/Illuminate/Foundation/Http/Kernel.php(201): Illuminate\\Routing\\Router->dispatch()
#40 /var/www/norloxsolutionscrm.com/wowcrm/vendor/laravel/framework/src/Illuminate/Pipeline/Pipeline.php(170): Illuminate\\Foundation\\Http\\Kernel->Illuminate\\Foundation\\Http\\{closure}()
#41 /var/www/norloxsolutionscrm.com/wowcrm/vendor/laravel/framework/src/Illuminate/Foundation/Http/Middleware/TransformsRequest.php(21): Illuminate\\Pipeline\\Pipeline->Illuminate\\Pipeline\\{closure}()
#42 /var/www/norloxsolutionscrm.com/wowcrm/vendor/laravel/framework/src/Illuminate/Foundation/Http/Middleware/ConvertEmptyStringsToNull.php(31): Illuminate\\Foundation\\Http\\Middleware\\TransformsRequest->handle()
#43 /var/www/norloxsolutionscrm.com/wowcrm/vendor/laravel/framework/src/Illuminate/Pipeline/Pipeline.php(209): Illuminate\\Foundation\\Http\\Middleware\\ConvertEmptyStringsToNull->handle()
#44 /var/www/norloxsolutionscrm.com/wowcrm/vendor/laravel/framework/src/Illuminate/Foundation/Http/Middleware/TransformsRequest.php(21): Illuminate\\Pipeline\\Pipeline->Illuminate\\Pipeline\\{closure}()
#45 /var/www/norloxsolutionscrm.com/wowcrm/vendor/laravel/framework/src/Illuminate/Foundation/Http/Middleware/TrimStrings.php(51): Illuminate\\Foundation\\Http\\Middleware\\TransformsRequest->handle()
#46 /var/www/norloxsolutionscrm.com/wowcrm/vendor/laravel/framework/src/Illuminate/Pipeline/Pipeline.php(209): Illuminate\\Foundation\\Http\\Middleware\\TrimStrings->handle()
#47 /var/www/norloxsolutionscrm.com/wowcrm/vendor/laravel/framework/src/Illuminate/Http/Middleware/ValidatePostSize.php(27): Illuminate\\Pipeline\\Pipeline->Illuminate\\Pipeline\\{closure}()
#48 /var/www/norloxsolutionscrm.com/wowcrm/vendor/laravel/framework/src/Illuminate/Pipeline/Pipeline.php(209): Illuminate\\Http\\Middleware\\ValidatePostSize->handle()
#49 /var/www/norloxsolutionscrm.com/wowcrm/vendor/laravel/framework/src/Illuminate/Foundation/Http/Middleware/PreventRequestsDuringMaintenance.php(110): Illuminate\\Pipeline\\Pipeline->Illuminate\\Pipeline\\{closure}()
#50 /var/www/norloxsolutionscrm.com/wowcrm/vendor/laravel/framework/src/Illuminate/Pipeline/Pipeline.php(209): Illuminate\\Foundation\\Http\\Middleware\\PreventRequestsDuringMaintenance->handle()
#51 /var/www/norloxsolutionscrm.com/wowcrm/vendor/laravel/framework/src/Illuminate/Http/Middleware/HandleCors.php(49): Illuminate\\Pipeline\\Pipeline->Illuminate\\Pipeline\\{closure}()
#52 /var/www/norloxsolutionscrm.com/wowcrm/vendor/laravel/framework/src/Illuminate/Pipeline/Pipeline.php(209): Illuminate\\Http\\Middleware\\HandleCors->handle()
#53 /var/www/norloxsolutionscrm.com/wowcrm/vendor/laravel/framework/src/Illuminate/Http/Middleware/TrustProxies.php(58): Illuminate\\Pipeline\\Pipeline->Illuminate\\Pipeline\\{closure}()
#54 /var/www/norloxsolutionscrm.com/wowcrm/vendor/laravel/framework/src/Illuminate/Pipeline/Pipeline.php(209): Illuminate\\Http\\Middleware\\TrustProxies->handle()
#55 /var/www/norloxsolutionscrm.com/wowcrm/vendor/laravel/framework/src/Illuminate/Foundation/Http/Middleware/InvokeDeferredCallbacks.php(22): Illuminate\\Pipeline\\Pipeline->Illuminate\\Pipeline\\{closure}()
#56 /var/www/norloxsolutionscrm.com/wowcrm/vendor/laravel/framework/src/Illuminate/Pipeline/Pipeline.php(209): Illuminate\\Foundation\\Http\\Middleware\\InvokeDeferredCallbacks->handle()
#57 /var/www/norloxsolutionscrm.com/wowcrm/vendor/laravel/framework/src/Illuminate/Pipeline/Pipeline.php(127): Illuminate\\Pipeline\\Pipeline->Illuminate\\Pipeline\\{closure}()
#58 /var/www/norloxsolutionscrm.com/wowcrm/vendor/laravel/framework/src/Illuminate/Foundation/Http/Kernel.php(176): Illuminate\\Pipeline\\Pipeline->then()
#59 /var/www/norloxsolutionscrm.com/wowcrm/vendor/laravel/framework/src/Illuminate/Foundation/Http/Kernel.php(145): Illuminate\\Foundation\\Http\\Kernel->sendRequestThroughRouter()
#60 /var/www/norloxsolutionscrm.com/wowcrm/vendor/laravel/framework/src/Illuminate/Foundation/Application.php(1220): Illuminate\\Foundation\\Http\\Kernel->handle()
#61 /var/www/norloxsolutionscrm.com/wowcrm/index.php(17): Illuminate\\Foundation\\Application->handleRequest()
#62 {main}
"} 
[2026-06-15 17:24:55] local.ERROR: Invalid image: zip:///var/www/norloxsolutionscrm.com/wowcrm/storage/app/public/resumes/pavani-jb-qvedls-p9pq5e_20260611_165127.docx#word/media/image1.emf {"userId":105,"exception":"[object] (PhpOffice\\PhpWord\\Exception\\InvalidImageException(code: 0): Invalid image: zip:///var/www/norloxsolutionscrm.com/wowcrm/storage/app/public/resumes/pavani-jb-qvedls-p9pq5e_20260611_165127.docx#word/media/image1.emf at /var/www/norloxsolutionscrm.com/wowcrm/vendor/phpoffice/phpword/src/PhpWord/Element/Image.php:444)
[stacktrace]
#0 /var/www/norloxsolutionscrm.com/wowcrm/vendor/phpoffice/phpword/src/PhpWord/Element/Image.php(157): PhpOffice\\PhpWord\\Element\\Image->checkImage()
#1 [internal function]: PhpOffice\\PhpWord\\Element\\Image->__construct()
#2 /var/www/norloxsolutionscrm.com/wowcrm/vendor/phpoffice/phpword/src/PhpWord/Element/AbstractContainer.php(155): ReflectionClass->newInstanceArgs()
#3 [internal function]: PhpOffice\\PhpWord\\Element\\AbstractContainer->addElement()
#4 /var/www/norloxsolutionscrm.com/wowcrm/vendor/phpoffice/phpword/src/PhpWord/Element/AbstractContainer.php(121): call_user_func_array()
#5 /var/www/norloxsolutionscrm.com/wowcrm/vendor/phpoffice/phpword/src/PhpWord/Reader/Word2007/AbstractPart.php(539): PhpOffice\\PhpWord\\Element\\AbstractContainer->__call()
#6 /var/www/norloxsolutionscrm.com/wowcrm/vendor/phpoffice/phpword/src/PhpWord/Reader/Word2007/AbstractPart.php(475): PhpOffice\\PhpWord\\Reader\\Word2007\\AbstractPart->readRunChild()
#7 /var/www/norloxsolutionscrm.com/wowcrm/vendor/phpoffice/phpword/src/PhpWord/Reader/Word2007/AbstractPart.php(325): PhpOffice\\PhpWord\\Reader\\Word2007\\AbstractPart->readRun()
#8 /var/www/norloxsolutionscrm.com/wowcrm/vendor/phpoffice/phpword/src/PhpWord/Reader/Word2007/Document.php(151): PhpOffice\\PhpWord\\Reader\\Word2007\\AbstractPart->readParagraph()
#9 /var/www/norloxsolutionscrm.com/wowcrm/vendor/phpoffice/phpword/src/PhpWord/Reader/Word2007/Document.php(58): PhpOffice\\PhpWord\\Reader\\Word2007\\Document->readWPNode()
#10 /var/www/norloxsolutionscrm.com/wowcrm/vendor/phpoffice/phpword/src/PhpWord/Reader/Word2007.php(116): PhpOffice\\PhpWord\\Reader\\Word2007\\Document->read()
#11 /var/www/norloxsolutionscrm.com/wowcrm/vendor/phpoffice/phpword/src/PhpWord/Reader/Word2007.php(90): PhpOffice\\PhpWord\\Reader\\Word2007->readPart()
#12 /var/www/norloxsolutionscrm.com/wowcrm/vendor/phpoffice/phpword/src/PhpWord/IOFactory.php(92): PhpOffice\\PhpWord\\Reader\\Word2007->load()
#13 /var/www/norloxsolutionscrm.com/wowcrm/app/Http/Controllers/GoogleSheetController.php(8310): PhpOffice\\PhpWord\\IOFactory::load()
#14 /var/www/norloxsolutionscrm.com/wowcrm/vendor/laravel/framework/src/Illuminate/Routing/ControllerDispatcher.php(47): App\\Http\\Controllers\\GoogleSheetController->viewJuniorResume()
#15 /var/www/norloxsolutionscrm.com/wowcrm/vendor/laravel/framework/src/Illuminate/Routing/Route.php(266): Illuminate\\Routing\\ControllerDispatcher->dispatch()
#16 /var/www/norloxsolutionscrm.com/wowcrm/vendor/laravel/framework/src/Illuminate/Routing/Route.php(212): Illuminate\\Routing\\Route->runController()
#17 /var/www/norloxsolutionscrm.com/wowcrm/vendor/laravel/framework/src/Illuminate/Routing/Router.php(808): Illuminate\\Routing\\Route->run()
#18 /var/www/norloxsolutionscrm.com/wowcrm/vendor/laravel/framework/src/Illuminate/Pipeline/Pipeline.php(170): Illuminate\\Routing\\Router->Illuminate\\Routing\\{closure}()
#19 /var/www/norloxsolutionscrm.com/wowcrm/vendor/laravel/framework/src/Illuminate/Routing/Middleware/SubstituteBindings.php(51): Illuminate\\Pipeline\\Pipeline->Illuminate\\Pipeline\\{closure}()
#20 /var/www/norloxsolutionscrm.com/wowcrm/vendor/laravel/framework/src/Illuminate/Pipeline/Pipeline.php(209): Illuminate\\Routing\\Middleware\\SubstituteBindings->handle()
#21 /var/www/norloxsolutionscrm.com/wowcrm/vendor/laravel/framework/src/Illuminate/Auth/Middleware/Authenticate.php(64): Illuminate\\Pipeline\\Pipeline->Illuminate\\Pipeline\\{closure}()
#22 /var/www/norloxsolutionscrm.com/wowcrm/vendor/laravel/framework/src/Illuminate/Pipeline/Pipeline.php(209): Illuminate\\Auth\\Middleware\\Authenticate->handle()
#23 /var/www/norloxsolutionscrm.com/wowcrm/vendor/laravel/framework/src/Illuminate/Foundation/Http/Middleware/VerifyCsrfToken.php(88): Illuminate\\Pipeline\\Pipeline->Illuminate\\Pipeline\\{closure}()
#24 /var/www/norloxsolutionscrm.com/wowcrm/vendor/laravel/framework/src/Illuminate/Pipeline/Pipeline.php(209): Illuminate\\Foundation\\Http\\Middleware\\VerifyCsrfToken->handle()
#25 /var/www/norloxsolutionscrm.com/wowcrm/vendor/laravel/framework/src/Illuminate/View/Middleware/ShareErrorsFromSession.php(49): Illuminate\\Pipeline\\Pipeline->Illuminate\\Pipeline\\{closure}()
#26 /var/www/norloxsolutionscrm.com/wowcrm/vendor/laravel/framework/src/Illuminate/Pipeline/Pipeline.php(209): Illuminate\\View\\Middleware\\ShareErrorsFromSession->handle()
#27 /var/www/norloxsolutionscrm.com/wowcrm/vendor/laravel/framework/src/Illuminate/Session/Middleware/StartSession.php(121): Illuminate\\Pipeline\\Pipeline->Illuminate\\Pipeline\\{closure}()
#28 /var/www/norloxsolutionscrm.com/wowcrm/vendor/laravel/framework/src/Illuminate/Session/Middleware/StartSession.php(64): Illuminate\\Session\\Middleware\\StartSession->handleStatefulRequest()
#29 /var/www/norloxsolutionscrm.com/wowcrm/vendor/laravel/framework/src/Illuminate/Pipeline/Pipeline.php(209): Illuminate\\Session\\Middleware\\StartSession->handle()
#30 /var/www/norloxsolutionscrm.com/wowcrm/vendor/laravel/framework/src/Illuminate/Cookie/Middleware/AddQueuedCookiesToResponse.php(37): Illuminate\\Pipeline\\Pipeline->Illuminate\\Pipeline\\{closure}()
#31 /var/www/norloxsolutionscrm.com/wowcrm/vendor/laravel/framework/src/Illuminate/Pipeline/Pipeline.php(209): Illuminate\\Cookie\\Middleware\\AddQueuedCookiesToResponse->handle()
#32 /var/www/norloxsolutionscrm.com/wowcrm/vendor/laravel/framework/src/Illuminate/Cookie/Middleware/EncryptCookies.php(75): Illuminate\\Pipeline\\Pipeline->Illuminate\\Pipeline\\{closure}()
#33 /var/www/norloxsolutionscrm.com/wowcrm/vendor/laravel/framework/src/Illuminate/Pipeline/Pipeline.php(209): Illuminate\\Cookie\\Middleware\\EncryptCookies->handle()
#34 /var/www/norloxsolutionscrm.com/wowcrm/vendor/laravel/framework/src/Illuminate/Pipeline/Pipeline.php(127): Illuminate\\Pipeline\\Pipeline->Illuminate\\Pipeline\\{closure}()
#35 /var/www/norloxsolutionscrm.com/wowcrm/vendor/laravel/framework/src/Illuminate/Routing/Router.php(807): Illuminate\\Pipeline\\Pipeline->then()
#36 /var/www/norloxsolutionscrm.com/wowcrm/vendor/laravel/framework/src/Illuminate/Routing/Router.php(786): Illuminate\\Routing\\Router->runRouteWithinStack()
#37 /var/www/norloxsolutionscrm.com/wowcrm/vendor/laravel/framework/src/Illuminate/Routing/Router.php(750): Illuminate\\Routing\\Router->runRoute()
#38 /var/www/norloxsolutionscrm.com/wowcrm/vendor/laravel/framework/src/Illuminate/Routing/Router.php(739): Illuminate\\Routing\\Router->dispatchToRoute()
#39 /var/www/norloxsolutionscrm.com/wowcrm/vendor/laravel/framework/src/Illuminate/Foundation/Http/Kernel.php(201): Illuminate\\Routing\\Router->dispatch()
#40 /var/www/norloxsolutionscrm.com/wowcrm/vendor/laravel/framework/src/Illuminate/Pipeline/Pipeline.php(170): Illuminate\\Foundation\\Http\\Kernel->Illuminate\\Foundation\\Http\\{closure}()
#41 /var/www/norloxsolutionscrm.com/wowcrm/vendor/laravel/framework/src/Illuminate/Foundation/Http/Middleware/TransformsRequest.php(21): Illuminate\\Pipeline\\Pipeline->Illuminate\\Pipeline\\{closure}()
#42 /var/www/norloxsolutionscrm.com/wowcrm/vendor/laravel/framework/src/Illuminate/Foundation/Http/Middleware/ConvertEmptyStringsToNull.php(31): Illuminate\\Foundation\\Http\\Middleware\\TransformsRequest->handle()
#43 /var/www/norloxsolutionscrm.com/wowcrm/vendor/laravel/framework/src/Illuminate/Pipeline/Pipeline.php(209): Illuminate\\Foundation\\Http\\Middleware\\ConvertEmptyStringsToNull->handle()
#44 /var/www/norloxsolutionscrm.com/wowcrm/vendor/laravel/framework/src/Illuminate/Foundation/Http/Middleware/TransformsRequest.php(21): Illuminate\\Pipeline\\Pipeline->Illuminate\\Pipeline\\{closure}()
#45 /var/www/norloxsolutionscrm.com/wowcrm/vendor/laravel/framework/src/Illuminate/Foundation/Http/Middleware/TrimStrings.php(51): Illuminate\\Foundation\\Http\\Middleware\\TransformsRequest->handle()
#46 /var/www/norloxsolutionscrm.com/wowcrm/vendor/laravel/framework/src/Illuminate/Pipeline/Pipeline.php(209): Illuminate\\Foundation\\Http\\Middleware\\TrimStrings->handle()
#47 /var/www/norloxsolutionscrm.com/wowcrm/vendor/laravel/framework/src/Illuminate/Http/Middleware/ValidatePostSize.php(27): Illuminate\\Pipeline\\Pipeline->Illuminate\\Pipeline\\{closure}()
#48 /var/www/norloxsolutionscrm.com/wowcrm/vendor/laravel/framework/src/Illuminate/Pipeline/Pipeline.php(209): Illuminate\\Http\\Middleware\\ValidatePostSize->handle()
#49 /var/www/norloxsolutionscrm.com/wowcrm/vendor/laravel/framework/src/Illuminate/Foundation/Http/Middleware/PreventRequestsDuringMaintenance.php(110): Illuminate\\Pipeline\\Pipeline->Illuminate\\Pipeline\\{closure}()
#50 /var/www/norloxsolutionscrm.com/wowcrm/vendor/laravel/framework/src/Illuminate/Pipeline/Pipeline.php(209): Illuminate\\Foundation\\Http\\Middleware\\PreventRequestsDuringMaintenance->handle()
#51 /var/www/norloxsolutionscrm.com/wowcrm/vendor/laravel/framework/src/Illuminate/Http/Middleware/HandleCors.php(49): Illuminate\\Pipeline\\Pipeline->Illuminate\\Pipeline\\{closure}()
#52 /var/www/norloxsolutionscrm.com/wowcrm/vendor/laravel/framework/src/Illuminate/Pipeline/Pipeline.php(209): Illuminate\\Http\\Middleware\\HandleCors->handle()
#53 /var/www/norloxsolutionscrm.com/wowcrm/vendor/laravel/framework/src/Illuminate/Http/Middleware/TrustProxies.php(58): Illuminate\\Pipeline\\Pipeline->Illuminate\\Pipeline\\{closure}()
#54 /var/www/norloxsolutionscrm.com/wowcrm/vendor/laravel/framework/src/Illuminate/Pipeline/Pipeline.php(209): Illuminate\\Http\\Middleware\\TrustProxies->handle()
#55 /var/www/norloxsolutionscrm.com/wowcrm/vendor/laravel/framework/src/Illuminate/Foundation/Http/Middleware/InvokeDeferredCallbacks.php(22): Illuminate\\Pipeline\\Pipeline->Illuminate\\Pipeline\\{closure}()
#56 /var/www/norloxsolutionscrm.com/wowcrm/vendor/laravel/framework/src/Illuminate/Pipeline/Pipeline.php(209): Illuminate\\Foundation\\Http\\Middleware\\InvokeDeferredCallbacks->handle()
#57 /var/www/norloxsolutionscrm.com/wowcrm/vendor/laravel/framework/src/Illuminate/Pipeline/Pipeline.php(127): Illuminate\\Pipeline\\Pipeline->Illuminate\\Pipeline\\{closure}()
#58 /var/www/norloxsolutionscrm.com/wowcrm/vendor/laravel/framework/src/Illuminate/Foundation/Http/Kernel.php(176): Illuminate\\Pipeline\\Pipeline->then()
#59 /var/www/norloxsolutionscrm.com/wowcrm/vendor/laravel/framework/src/Illuminate/Foundation/Http/Kernel.php(145): Illuminate\\Foundation\\Http\\Kernel->sendRequestThroughRouter()
#60 /var/www/norloxsolutionscrm.com/wowcrm/vendor/laravel/framework/src/Illuminate/Foundation/Application.php(1220): Illuminate\\Foundation\\Http\\Kernel->handle()
#61 /var/www/norloxsolutionscrm.com/wowcrm/index.php(17): Illuminate\\Foundation\\Application->handleRequest()
#62 {main}
"} 
[2026-06-15 18:17:31] local.ERROR: The archive failed to load with the following error code: 19 {"userId":105,"exception":"[object] (Exception(code: 0): The archive failed to load with the following error code: 19 at /var/www/norloxsolutionscrm.com/wowcrm/vendor/phpoffice/phpword/src/PhpWord/Shared/XMLReader.php:71)
[stacktrace]
#0 /var/www/norloxsolutionscrm.com/wowcrm/vendor/phpoffice/phpword/src/PhpWord/Reader/Word2007.php(169): PhpOffice\\PhpWord\\Shared\\XMLReader->getDomFromZip()
#1 /var/www/norloxsolutionscrm.com/wowcrm/vendor/phpoffice/phpword/src/PhpWord/Reader/Word2007.php(133): PhpOffice\\PhpWord\\Reader\\Word2007->getRels()
#2 /var/www/norloxsolutionscrm.com/wowcrm/vendor/phpoffice/phpword/src/PhpWord/Reader/Word2007.php(48): PhpOffice\\PhpWord\\Reader\\Word2007->readRelationships()
#3 /var/www/norloxsolutionscrm.com/wowcrm/vendor/phpoffice/phpword/src/PhpWord/IOFactory.php(92): PhpOffice\\PhpWord\\Reader\\Word2007->load()
#4 /var/www/norloxsolutionscrm.com/wowcrm/app/Http/Controllers/GoogleSheetController.php(8310): PhpOffice\\PhpWord\\IOFactory::load()
#5 /var/www/norloxsolutionscrm.com/wowcrm/vendor/laravel/framework/src/Illuminate/Routing/ControllerDispatcher.php(47): App\\Http\\Controllers\\GoogleSheetController->viewJuniorResume()
#6 /var/www/norloxsolutionscrm.com/wowcrm/vendor/laravel/framework/src/Illuminate/Routing/Route.php(266): Illuminate\\Routing\\ControllerDispatcher->dispatch()
#7 /var/www/norloxsolutionscrm.com/wowcrm/vendor/laravel/framework/src/Illuminate/Routing/Route.php(212): Illuminate\\Routing\\Route->runController()
#8 /var/www/norloxsolutionscrm.com/wowcrm/vendor/laravel/framework/src/Illuminate/Routing/Router.php(808): Illuminate\\Routing\\Route->run()
#9 /var/www/norloxsolutionscrm.com/wowcrm/vendor/laravel/framework/src/Illuminate/Pipeline/Pipeline.php(170): Illuminate\\Routing\\Router->Illuminate\\Routing\\{closure}()
#10 /var/www/norloxsolutionscrm.com/wowcrm/vendor/laravel/framework/src/Illuminate/Routing/Middleware/SubstituteBindings.php(51): Illuminate\\Pipeline\\Pipeline->Illuminate\\Pipeline\\{closure}()
#11 /var/www/norloxsolutionscrm.com/wowcrm/vendor/laravel/framework/src/Illuminate/Pipeline/Pipeline.php(209): Illuminate\\Routing\\Middleware\\SubstituteBindings->handle()
#12 /var/www/norloxsolutionscrm.com/wowcrm/vendor/laravel/framework/src/Illuminate/Auth/Middleware/Authenticate.php(64): Illuminate\\Pipeline\\Pipeline->Illuminate\\Pipeline\\{closure}()
#13 /var/www/norloxsolutionscrm.com/wowcrm/vendor/laravel/framework/src/Illuminate/Pipeline/Pipeline.php(209): Illuminate\\Auth\\Middleware\\Authenticate->handle()
#14 /var/www/norloxsolutionscrm.com/wowcrm/vendor/laravel/framework/src/Illuminate/Foundation/Http/Middleware/VerifyCsrfToken.php(88): Illuminate\\Pipeline\\Pipeline->Illuminate\\Pipeline\\{closure}()
#15 /var/www/norloxsolutionscrm.com/wowcrm/vendor/laravel/framework/src/Illuminate/Pipeline/Pipeline.php(209): Illuminate\\Foundation\\Http\\Middleware\\VerifyCsrfToken->handle()
#16 /var/www/norloxsolutionscrm.com/wowcrm/vendor/laravel/framework/src/Illuminate/View/Middleware/ShareErrorsFromSession.php(49): Illuminate\\Pipeline\\Pipeline->Illuminate\\Pipeline\\{closure}()
#17 /var/www/norloxsolutionscrm.com/wowcrm/vendor/laravel/framework/src/Illuminate/Pipeline/Pipeline.php(209): Illuminate\\View\\Middleware\\ShareErrorsFromSession->handle()
#18 /var/www/norloxsolutionscrm.com/wowcrm/vendor/laravel/framework/src/Illuminate/Session/Middleware/StartSession.php(121): Illuminate\\Pipeline\\Pipeline->Illuminate\\Pipeline\\{closure}()
#19 /var/www/norloxsolutionscrm.com/wowcrm/vendor/laravel/framework/src/Illuminate/Session/Middleware/StartSession.php(64): Illuminate\\Session\\Middleware\\StartSession->handleStatefulRequest()
#20 /var/www/norloxsolutionscrm.com/wowcrm/vendor/laravel/framework/src/Illuminate/Pipeline/Pipeline.php(209): Illuminate\\Session\\Middleware\\StartSession->handle()
#21 /var/www/norloxsolutionscrm.com/wowcrm/vendor/laravel/framework/src/Illuminate/Cookie/Middleware/AddQueuedCookiesToResponse.php(37): Illuminate\\Pipeline\\Pipeline->Illuminate\\Pipeline\\{closure}()
#22 /var/www/norloxsolutionscrm.com/wowcrm/vendor/laravel/framework/src/Illuminate/Pipeline/Pipeline.php(209): Illuminate\\Cookie\\Middleware\\AddQueuedCookiesToResponse->handle()
#23 /var/www/norloxsolutionscrm.com/wowcrm/vendor/laravel/framework/src/Illuminate/Cookie/Middleware/EncryptCookies.php(75): Illuminate\\Pipeline\\Pipeline->Illuminate\\Pipeline\\{closure}()
#24 /var/www/norloxsolutionscrm.com/wowcrm/vendor/laravel/framework/src/Illuminate/Pipeline/Pipeline.php(209): Illuminate\\Cookie\\Middleware\\EncryptCookies->handle()
#25 /var/www/norloxsolutionscrm.com/wowcrm/vendor/laravel/framework/src/Illuminate/Pipeline/Pipeline.php(127): Illuminate\\Pipeline\\Pipeline->Illuminate\\Pipeline\\{closure}()
#26 /var/www/norloxsolutionscrm.com/wowcrm/vendor/laravel/framework/src/Illuminate/Routing/Router.php(807): Illuminate\\Pipeline\\Pipeline->then()
#27 /var/www/norloxsolutionscrm.com/wowcrm/vendor/laravel/framework/src/Illuminate/Routing/Router.php(786): Illuminate\\Routing\\Router->runRouteWithinStack()
#28 /var/www/norloxsolutionscrm.com/wowcrm/vendor/laravel/framework/src/Illuminate/Routing/Router.php(750): Illuminate\\Routing\\Router->runRoute()
#29 /var/www/norloxsolutionscrm.com/wowcrm/vendor/laravel/framework/src/Illuminate/Routing/Router.php(739): Illuminate\\Routing\\Router->dispatchToRoute()
#30 /var/www/norloxsolutionscrm.com/wowcrm/vendor/laravel/framework/src/Illuminate/Foundation/Http/Kernel.php(201): Illuminate\\Routing\\Router->dispatch()
#31 /var/www/norloxsolutionscrm.com/wowcrm/vendor/laravel/framework/src/Illuminate/Pipeline/Pipeline.php(170): Illuminate\\Foundation\\Http\\Kernel->Illuminate\\Foundation\\Http\\{closure}()
#32 /var/www/norloxsolutionscrm.com/wowcrm/vendor/laravel/framework/src/Illuminate/Foundation/Http/Middleware/TransformsRequest.php(21): Illuminate\\Pipeline\\Pipeline->Illuminate\\Pipeline\\{closure}()
#33 /var/www/norloxsolutionscrm.com/wowcrm/vendor/laravel/framework/src/Illuminate/Foundation/Http/Middleware/ConvertEmptyStringsToNull.php(31): Illuminate\\Foundation\\Http\\Middleware\\TransformsRequest->handle()
#34 /var/www/norloxsolutionscrm.com/wowcrm/vendor/laravel/framework/src/Illuminate/Pipeline/Pipeline.php(209): Illuminate\\Foundation\\Http\\Middleware\\ConvertEmptyStringsToNull->handle()
#35 /var/www/norloxsolutionscrm.com/wowcrm/vendor/laravel/framework/src/Illuminate/Foundation/Http/Middleware/TransformsRequest.php(21): Illuminate\\Pipeline\\Pipeline->Illuminate\\Pipeline\\{closure}()
#36 /var/www/norloxsolutionscrm.com/wowcrm/vendor/laravel/framework/src/Illuminate/Foundation/Http/Middleware/TrimStrings.php(51): Illuminate\\Foundation\\Http\\Middleware\\TransformsRequest->handle()
#37 /var/www/norloxsolutionscrm.com/wowcrm/vendor/laravel/framework/src/Illuminate/Pipeline/Pipeline.php(209): Illuminate\\Foundation\\Http\\Middleware\\TrimStrings->handle()
#38 /var/www/norloxsolutionscrm.com/wowcrm/vendor/laravel/framework/src/Illuminate/Http/Middleware/ValidatePostSize.php(27): Illuminate\\Pipeline\\Pipeline->Illuminate\\Pipeline\\{closure}()
#39 /var/www/norloxsolutionscrm.com/wowcrm/vendor/laravel/framework/src/Illuminate/Pipeline/Pipeline.php(209): Illuminate\\Http\\Middleware\\ValidatePostSize->handle()
#40 /var/www/norloxsolutionscrm.com/wowcrm/vendor/laravel/framework/src/Illuminate/Foundation/Http/Middleware/PreventRequestsDuringMaintenance.php(110): Illuminate\\Pipeline\\Pipeline->Illuminate\\Pipeline\\{closure}()
#41 /var/www/norloxsolutionscrm.com/wowcrm/vendor/laravel/framework/src/Illuminate/Pipeline/Pipeline.php(209): Illuminate\\Foundation\\Http\\Middleware\\PreventRequestsDuringMaintenance->handle()
#42 /var/www/norloxsolutionscrm.com/wowcrm/vendor/laravel/framework/src/Illuminate/Http/Middleware/HandleCors.php(49): Illuminate\\Pipeline\\Pipeline->Illuminate\\Pipeline\\{closure}()
#43 /var/www/norloxsolutionscrm.com/wowcrm/vendor/laravel/framework/src/Illuminate/Pipeline/Pipeline.php(209): Illuminate\\Http\\Middleware\\HandleCors->handle()
#44 /var/www/norloxsolutionscrm.com/wowcrm/vendor/laravel/framework/src/Illuminate/Http/Middleware/TrustProxies.php(58): Illuminate\\Pipeline\\Pipeline->Illuminate\\Pipeline\\{closure}()
#45 /var/www/norloxsolutionscrm.com/wowcrm/vendor/laravel/framework/src/Illuminate/Pipeline/Pipeline.php(209): Illuminate\\Http\\Middleware\\TrustProxies->handle()
#46 /var/www/norloxsolutionscrm.com/wowcrm/vendor/laravel/framework/src/Illuminate/Foundation/Http/Middleware/InvokeDeferredCallbacks.php(22): Illuminate\\Pipeline\\Pipeline->Illuminate\\Pipeline\\{closure}()
#47 /var/www/norloxsolutionscrm.com/wowcrm/vendor/laravel/framework/src/Illuminate/Pipeline/Pipeline.php(209): Illuminate\\Foundation\\Http\\Middleware\\InvokeDeferredCallbacks->handle()
#48 /var/www/norloxsolutionscrm.com/wowcrm/vendor/laravel/framework/src/Illuminate/Pipeline/Pipeline.php(127): Illuminate\\Pipeline\\Pipeline->Illuminate\\Pipeline\\{closure}()
#49 /var/www/norloxsolutionscrm.com/wowcrm/vendor/laravel/framework/src/Illuminate/Foundation/Http/Kernel.php(176): Illuminate\\Pipeline\\Pipeline->then()
#50 /var/www/norloxsolutionscrm.com/wowcrm/vendor/laravel/framework/src/Illuminate/Foundation/Http/Kernel.php(145): Illuminate\\Foundation\\Http\\Kernel->sendRequestThroughRouter()
#51 /var/www/norloxsolutionscrm.com/wowcrm/vendor/laravel/framework/src/Illuminate/Foundation/Application.php(1220): Illuminate\\Foundation\\Http\\Kernel->handle()
#52 /var/www/norloxsolutionscrm.com/wowcrm/index.php(17): Illuminate\\Foundation\\Application->handleRequest()
#53 {main}
"} 
[2026-06-15 18:37:46] local.ERROR: Invalid image: zip:///var/www/norloxsolutionscrm.com/wowcrm/storage/app/public/resumes/pavani-jb-qvedls-p9pq5e_20260611_165127.docx#word/media/image1.emf {"userId":105,"exception":"[object] (PhpOffice\\PhpWord\\Exception\\InvalidImageException(code: 0): Invalid image: zip:///var/www/norloxsolutionscrm.com/wowcrm/storage/app/public/resumes/pavani-jb-qvedls-p9pq5e_20260611_165127.docx#word/media/image1.emf at /var/www/norloxsolutionscrm.com/wowcrm/vendor/phpoffice/phpword/src/PhpWord/Element/Image.php:444)
[stacktrace]
#0 /var/www/norloxsolutionscrm.com/wowcrm/vendor/phpoffice/phpword/src/PhpWord/Element/Image.php(157): PhpOffice\\PhpWord\\Element\\Image->checkImage()
#1 [internal function]: PhpOffice\\PhpWord\\Element\\Image->__construct()
#2 /var/www/norloxsolutionscrm.com/wowcrm/vendor/phpoffice/phpword/src/PhpWord/Element/AbstractContainer.php(155): ReflectionClass->newInstanceArgs()
#3 [internal function]: PhpOffice\\PhpWord\\Element\\AbstractContainer->addElement()
#4 /var/www/norloxsolutionscrm.com/wowcrm/vendor/phpoffice/phpword/src/PhpWord/Element/AbstractContainer.php(121): call_user_func_array()
#5 /var/www/norloxsolutionscrm.com/wowcrm/vendor/phpoffice/phpword/src/PhpWord/Reader/Word2007/AbstractPart.php(539): PhpOffice\\PhpWord\\Element\\AbstractContainer->__call()
#6 /var/www/norloxsolutionscrm.com/wowcrm/vendor/phpoffice/phpword/src/PhpWord/Reader/Word2007/AbstractPart.php(475): PhpOffice\\PhpWord\\Reader\\Word2007\\AbstractPart->readRunChild()
#7 /var/www/norloxsolutionscrm.com/wowcrm/vendor/phpoffice/phpword/src/PhpWord/Reader/Word2007/AbstractPart.php(325): PhpOffice\\PhpWord\\Reader\\Word2007\\AbstractPart->readRun()
#8 /var/www/norloxsolutionscrm.com/wowcrm/vendor/phpoffice/phpword/src/PhpWord/Reader/Word2007/Document.php(151): PhpOffice\\PhpWord\\Reader\\Word2007\\AbstractPart->readParagraph()
#9 /var/www/norloxsolutionscrm.com/wowcrm/vendor/phpoffice/phpword/src/PhpWord/Reader/Word2007/Document.php(58): PhpOffice\\PhpWord\\Reader\\Word2007\\Document->readWPNode()
#10 /var/www/norloxsolutionscrm.com/wowcrm/vendor/phpoffice/phpword/src/PhpWord/Reader/Word2007.php(116): PhpOffice\\PhpWord\\Reader\\Word2007\\Document->read()
#11 /var/www/norloxsolutionscrm.com/wowcrm/vendor/phpoffice/phpword/src/PhpWord/Reader/Word2007.php(90): PhpOffice\\PhpWord\\Reader\\Word2007->readPart()
#12 /var/www/norloxsolutionscrm.com/wowcrm/vendor/phpoffice/phpword/src/PhpWord/IOFactory.php(92): PhpOffice\\PhpWord\\Reader\\Word2007->load()
#13 /var/www/norloxsolutionscrm.com/wowcrm/app/Http/Controllers/GoogleSheetController.php(8310): PhpOffice\\PhpWord\\IOFactory::load()
#14 /var/www/norloxsolutionscrm.com/wowcrm/vendor/laravel/framework/src/Illuminate/Routing/ControllerDispatcher.php(47): App\\Http\\Controllers\\GoogleSheetController->viewJuniorResume()
#15 /var/www/norloxsolutionscrm.com/wowcrm/vendor/laravel/framework/src/Illuminate/Routing/Route.php(266): Illuminate\\Routing\\ControllerDispatcher->dispatch()
#16 /var/www/norloxsolutionscrm.com/wowcrm/vendor/laravel/framework/src/Illuminate/Routing/Route.php(212): Illuminate\\Routing\\Route->runController()
#17 /var/www/norloxsolutionscrm.com/wowcrm/vendor/laravel/framework/src/Illuminate/Routing/Router.php(808): Illuminate\\Routing\\Route->run()
#18 /var/www/norloxsolutionscrm.com/wowcrm/vendor/laravel/framework/src/Illuminate/Pipeline/Pipeline.php(170): Illuminate\\Routing\\Router->Illuminate\\Routing\\{closure}()
#19 /var/www/norloxsolutionscrm.com/wowcrm/vendor/laravel/framework/src/Illuminate/Routing/Middleware/SubstituteBindings.php(51): Illuminate\\Pipeline\\Pipeline->Illuminate\\Pipeline\\{closure}()
#20 /var/www/norloxsolutionscrm.com/wowcrm/vendor/laravel/framework/src/Illuminate/Pipeline/Pipeline.php(209): Illuminate\\Routing\\Middleware\\SubstituteBindings->handle()
#21 /var/www/norloxsolutionscrm.com/wowcrm/vendor/laravel/framework/src/Illuminate/Auth/Middleware/Authenticate.php(64): Illuminate\\Pipeline\\Pipeline->Illuminate\\Pipeline\\{closure}()
#22 /var/www/norloxsolutionscrm.com/wowcrm/vendor/laravel/framework/src/Illuminate/Pipeline/Pipeline.php(209): Illuminate\\Auth\\Middleware\\Authenticate->handle()
#23 /var/www/norloxsolutionscrm.com/wowcrm/vendor/laravel/framework/src/Illuminate/Foundation/Http/Middleware/VerifyCsrfToken.php(88): Illuminate\\Pipeline\\Pipeline->Illuminate\\Pipeline\\{closure}()
#24 /var/www/norloxsolutionscrm.com/wowcrm/vendor/laravel/framework/src/Illuminate/Pipeline/Pipeline.php(209): Illuminate\\Foundation\\Http\\Middleware\\VerifyCsrfToken->handle()
#25 /var/www/norloxsolutionscrm.com/wowcrm/vendor/laravel/framework/src/Illuminate/View/Middleware/ShareErrorsFromSession.php(49): Illuminate\\Pipeline\\Pipeline->Illuminate\\Pipeline\\{closure}()
#26 /var/www/norloxsolutionscrm.com/wowcrm/vendor/laravel/framework/src/Illuminate/Pipeline/Pipeline.php(209): Illuminate\\View\\Middleware\\ShareErrorsFromSession->handle()
#27 /var/www/norloxsolutionscrm.com/wowcrm/vendor/laravel/framework/src/Illuminate/Session/Middleware/StartSession.php(121): Illuminate\\Pipeline\\Pipeline->Illuminate\\Pipeline\\{closure}()
#28 /var/www/norloxsolutionscrm.com/wowcrm/vendor/laravel/framework/src/Illuminate/Session/Middleware/StartSession.php(64): Illuminate\\Session\\Middleware\\StartSession->handleStatefulRequest()
#29 /var/www/norloxsolutionscrm.com/wowcrm/vendor/laravel/framework/src/Illuminate/Pipeline/Pipeline.php(209): Illuminate\\Session\\Middleware\\StartSession->handle()
#30 /var/www/norloxsolutionscrm.com/wowcrm/vendor/laravel/framework/src/Illuminate/Cookie/Middleware/AddQueuedCookiesToResponse.php(37): Illuminate\\Pipeline\\Pipeline->Illuminate\\Pipeline\\{closure}()
#31 /var/www/norloxsolutionscrm.com/wowcrm/vendor/laravel/framework/src/Illuminate/Pipeline/Pipeline.php(209): Illuminate\\Cookie\\Middleware\\AddQueuedCookiesToResponse->handle()
#32 /var/www/norloxsolutionscrm.com/wowcrm/vendor/laravel/framework/src/Illuminate/Cookie/Middleware/EncryptCookies.php(75): Illuminate\\Pipeline\\Pipeline->Illuminate\\Pipeline\\{closure}()
#33 /var/www/norloxsolutionscrm.com/wowcrm/vendor/laravel/framework/src/Illuminate/Pipeline/Pipeline.php(209): Illuminate\\Cookie\\Middleware\\EncryptCookies->handle()
#34 /var/www/norloxsolutionscrm.com/wowcrm/vendor/laravel/framework/src/Illuminate/Pipeline/Pipeline.php(127): Illuminate\\Pipeline\\Pipeline->Illuminate\\Pipeline\\{closure}()
#35 /var/www/norloxsolutionscrm.com/wowcrm/vendor/laravel/framework/src/Illuminate/Routing/Router.php(807): Illuminate\\Pipeline\\Pipeline->then()
#36 /var/www/norloxsolutionscrm.com/wowcrm/vendor/laravel/framework/src/Illuminate/Routing/Router.php(786): Illuminate\\Routing\\Router->runRouteWithinStack()
#37 /var/www/norloxsolutionscrm.com/wowcrm/vendor/laravel/framework/src/Illuminate/Routing/Router.php(750): Illuminate\\Routing\\Router->runRoute()
#38 /var/www/norloxsolutionscrm.com/wowcrm/vendor/laravel/framework/src/Illuminate/Routing/Router.php(739): Illuminate\\Routing\\Router->dispatchToRoute()
#39 /var/www/norloxsolutionscrm.com/wowcrm/vendor/laravel/framework/src/Illuminate/Foundation/Http/Kernel.php(201): Illuminate\\Routing\\Router->dispatch()
#40 /var/www/norloxsolutionscrm.com/wowcrm/vendor/laravel/framework/src/Illuminate/Pipeline/Pipeline.php(170): Illuminate\\Foundation\\Http\\Kernel->Illuminate\\Foundation\\Http\\{closure}()
#41 /var/www/norloxsolutionscrm.com/wowcrm/vendor/laravel/framework/src/Illuminate/Foundation/Http/Middleware/TransformsRequest.php(21): Illuminate\\Pipeline\\Pipeline->Illuminate\\Pipeline\\{closure}()
#42 /var/www/norloxsolutionscrm.com/wowcrm/vendor/laravel/framework/src/Illuminate/Foundation/Http/Middleware/ConvertEmptyStringsToNull.php(31): Illuminate\\Foundation\\Http\\Middleware\\TransformsRequest->handle()
#43 /var/www/norloxsolutionscrm.com/wowcrm/vendor/laravel/framework/src/Illuminate/Pipeline/Pipeline.php(209): Illuminate\\Foundation\\Http\\Middleware\\ConvertEmptyStringsToNull->handle()
#44 /var/www/norloxsolutionscrm.com/wowcrm/vendor/laravel/framework/src/Illuminate/Foundation/Http/Middleware/TransformsRequest.php(21): Illuminate\\Pipeline\\Pipeline->Illuminate\\Pipeline\\{closure}()
#45 /var/www/norloxsolutionscrm.com/wowcrm/vendor/laravel/framework/src/Illuminate/Foundation/Http/Middleware/TrimStrings.php(51): Illuminate\\Foundation\\Http\\Middleware\\TransformsRequest->handle()
#46 /var/www/norloxsolutionscrm.com/wowcrm/vendor/laravel/framework/src/Illuminate/Pipeline/Pipeline.php(209): Illuminate\\Foundation\\Http\\Middleware\\TrimStrings->handle()
#47 /var/www/norloxsolutionscrm.com/wowcrm/vendor/laravel/framework/src/Illuminate/Http/Middleware/ValidatePostSize.php(27): Illuminate\\Pipeline\\Pipeline->Illuminate\\Pipeline\\{closure}()
#48 /var/www/norloxsolutionscrm.com/wowcrm/vendor/laravel/framework/src/Illuminate/Pipeline/Pipeline.php(209): Illuminate\\Http\\Middleware\\ValidatePostSize->handle()
#49 /var/www/norloxsolutionscrm.com/wowcrm/vendor/laravel/framework/src/Illuminate/Foundation/Http/Middleware/PreventRequestsDuringMaintenance.php(110): Illuminate\\Pipeline\\Pipeline->Illuminate\\Pipeline\\{closure}()
#50 /var/www/norloxsolutionscrm.com/wowcrm/vendor/laravel/framework/src/Illuminate/Pipeline/Pipeline.php(209): Illuminate\\Foundation\\Http\\Middleware\\PreventRequestsDuringMaintenance->handle()
#51 /var/www/norloxsolutionscrm.com/wowcrm/vendor/laravel/framework/src/Illuminate/Http/Middleware/HandleCors.php(49): Illuminate\\Pipeline\\Pipeline->Illuminate\\Pipeline\\{closure}()
#52 /var/www/norloxsolutionscrm.com/wowcrm/vendor/laravel/framework/src/Illuminate/Pipeline/Pipeline.php(209): Illuminate\\Http\\Middleware\\HandleCors->handle()
#53 /var/www/norloxsolutionscrm.com/wowcrm/vendor/laravel/framework/src/Illuminate/Http/Middleware/TrustProxies.php(58): Illuminate\\Pipeline\\Pipeline->Illuminate\\Pipeline\\{closure}()
#54 /var/www/norloxsolutionscrm.com/wowcrm/vendor/laravel/framework/src/Illuminate/Pipeline/Pipeline.php(209): Illuminate\\Http\\Middleware\\TrustProxies->handle()
#55 /var/www/norloxsolutionscrm.com/wowcrm/vendor/laravel/framework/src/Illuminate/Foundation/Http/Middleware/InvokeDeferredCallbacks.php(22): Illuminate\\Pipeline\\Pipeline->Illuminate\\Pipeline\\{closure}()
#56 /var/www/norloxsolutionscrm.com/wowcrm/vendor/laravel/framework/src/Illuminate/Pipeline/Pipeline.php(209): Illuminate\\Foundation\\Http\\Middleware\\InvokeDeferredCallbacks->handle()
#57 /var/www/norloxsolutionscrm.com/wowcrm/vendor/laravel/framework/src/Illuminate/Pipeline/Pipeline.php(127): Illuminate\\Pipeline\\Pipeline->Illuminate\\Pipeline\\{closure}()
#58 /var/www/norloxsolutionscrm.com/wowcrm/vendor/laravel/framework/src/Illuminate/Foundation/Http/Kernel.php(176): Illuminate\\Pipeline\\Pipeline->then()
#59 /var/www/norloxsolutionscrm.com/wowcrm/vendor/laravel/framework/src/Illuminate/Foundation/Http/Kernel.php(145): Illuminate\\Foundation\\Http\\Kernel->sendRequestThroughRouter()
#60 /var/www/norloxsolutionscrm.com/wowcrm/vendor/laravel/framework/src/Illuminate/Foundation/Application.php(1220): Illuminate\\Foundation\\Http\\Kernel->handle()
#61 /var/www/norloxsolutionscrm.com/wowcrm/index.php(17): Illuminate\\Foundation\\Application->handleRequest()
#62 {main}
"} 
[2026-06-16 09:20:22] local.ERROR: Route [target.allowedall] not defined. {"userId":1,"exception":"[object] (Symfony\\Component\\Routing\\Exception\\RouteNotFoundException(code: 0): Route [target.allowedall] not defined. at /var/www/norloxsolutionscrm.com/wowcrm/vendor/laravel/framework/src/Illuminate/Routing/UrlGenerator.php:517)
[stacktrace]
#0 /var/www/norloxsolutionscrm.com/wowcrm/vendor/laravel/framework/src/Illuminate/Routing/Redirector.php(154): Illuminate\\Routing\\UrlGenerator->route()
#1 /var/www/norloxsolutionscrm.com/wowcrm/app/Http/Controllers/DashboardController.php(1649): Illuminate\\Routing\\Redirector->route()
#2 /var/www/norloxsolutionscrm.com/wowcrm/vendor/laravel/framework/src/Illuminate/Routing/ControllerDispatcher.php(47): App\\Http\\Controllers\\DashboardController->addIp()
#3 /var/www/norloxsolutionscrm.com/wowcrm/vendor/laravel/framework/src/Illuminate/Routing/Route.php(266): Illuminate\\Routing\\ControllerDispatcher->dispatch()
#4 /var/www/norloxsolutionscrm.com/wowcrm/vendor/laravel/framework/src/Illuminate/Routing/Route.php(212): Illuminate\\Routing\\Route->runController()
#5 /var/www/norloxsolutionscrm.com/wowcrm/vendor/laravel/framework/src/Illuminate/Routing/Router.php(808): Illuminate\\Routing\\Route->run()
#6 /var/www/norloxsolutionscrm.com/wowcrm/vendor/laravel/framework/src/Illuminate/Pipeline/Pipeline.php(170): Illuminate\\Routing\\Router->Illuminate\\Routing\\{closure}()
#7 /var/www/norloxsolutionscrm.com/wowcrm/app/Http/Middleware/RestrictIpAddress.php(18): Illuminate\\Pipeline\\Pipeline->Illuminate\\Pipeline\\{closure}()
#8 /var/www/norloxsolutionscrm.com/wowcrm/vendor/laravel/framework/src/Illuminate/Pipeline/Pipeline.php(209): App\\Http\\Middleware\\RestrictIpAddress->handle()
#9 /var/www/norloxsolutionscrm.com/wowcrm/vendor/laravel/framework/src/Illuminate/Routing/Middleware/SubstituteBindings.php(51): Illuminate\\Pipeline\\Pipeline->Illuminate\\Pipeline\\{closure}()
#10 /var/www/norloxsolutionscrm.com/wowcrm/vendor/laravel/framework/src/Illuminate/Pipeline/Pipeline.php(209): Illuminate\\Routing\\Middleware\\SubstituteBindings->handle()
#11 /var/www/norloxsolutionscrm.com/wowcrm/vendor/laravel/framework/src/Illuminate/Auth/Middleware/Authenticate.php(64): Illuminate\\Pipeline\\Pipeline->Illuminate\\Pipeline\\{closure}()
#12 /var/www/norloxsolutionscrm.com/wowcrm/vendor/laravel/framework/src/Illuminate/Pipeline/Pipeline.php(209): Illuminate\\Auth\\Middleware\\Authenticate->handle()
#13 /var/www/norloxsolutionscrm.com/wowcrm/vendor/laravel/framework/src/Illuminate/Foundation/Http/Middleware/VerifyCsrfToken.php(88): Illuminate\\Pipeline\\Pipeline->Illuminate\\Pipeline\\{closure}()
#14 /var/www/norloxsolutionscrm.com/wowcrm/vendor/laravel/framework/src/Illuminate/Pipeline/Pipeline.php(209): Illuminate\\Foundation\\Http\\Middleware\\VerifyCsrfToken->handle()
#15 /var/www/norloxsolutionscrm.com/wowcrm/vendor/laravel/framework/src/Illuminate/View/Middleware/ShareErrorsFromSession.php(49): Illuminate\\Pipeline\\Pipeline->Illuminate\\Pipeline\\{closure}()
#16 /var/www/norloxsolutionscrm.com/wowcrm/vendor/laravel/framework/src/Illuminate/Pipeline/Pipeline.php(209): Illuminate\\View\\Middleware\\ShareErrorsFromSession->handle()
#17 /var/www/norloxsolutionscrm.com/wowcrm/vendor/laravel/framework/src/Illuminate/Session/Middleware/StartSession.php(121): Illuminate\\Pipeline\\Pipeline->Illuminate\\Pipeline\\{closure}()
#18 /var/www/norloxsolutionscrm.com/wowcrm/vendor/laravel/framework/src/Illuminate/Session/Middleware/StartSession.php(64): Illuminate\\Session\\Middleware\\StartSession->handleStatefulRequest()
#19 /var/www/norloxsolutionscrm.com/wowcrm/vendor/laravel/framework/src/Illuminate/Pipeline/Pipeline.php(209): Illuminate\\Session\\Middleware\\StartSession->handle()
#20 /var/www/norloxsolutionscrm.com/wowcrm/vendor/laravel/framework/src/Illuminate/Cookie/Middleware/AddQueuedCookiesToResponse.php(37): Illuminate\\Pipeline\\Pipeline->Illuminate\\Pipeline\\{closure}()
#21 /var/www/norloxsolutionscrm.com/wowcrm/vendor/laravel/framework/src/Illuminate/Pipeline/Pipeline.php(209): Illuminate\\Cookie\\Middleware\\AddQueuedCookiesToResponse->handle()
#22 /var/www/norloxsolutionscrm.com/wowcrm/vendor/laravel/framework/src/Illuminate/Cookie/Middleware/EncryptCookies.php(75): Illuminate\\Pipeline\\Pipeline->Illuminate\\Pipeline\\{closure}()
#23 /var/www/norloxsolutionscrm.com/wowcrm/vendor/laravel/framework/src/Illuminate/Pipeline/Pipeline.php(209): Illuminate\\Cookie\\Middleware\\EncryptCookies->handle()
#24 /var/www/norloxsolutionscrm.com/wowcrm/vendor/laravel/framework/src/Illuminate/Pipeline/Pipeline.php(127): Illuminate\\Pipeline\\Pipeline->Illuminate\\Pipeline\\{closure}()
#25 /var/www/norloxsolutionscrm.com/wowcrm/vendor/laravel/framework/src/Illuminate/Routing/Router.php(807): Illuminate\\Pipeline\\Pipeline->then()
#26 /var/www/norloxsolutionscrm.com/wowcrm/vendor/laravel/framework/src/Illuminate/Routing/Router.php(786): Illuminate\\Routing\\Router->runRouteWithinStack()
#27 /var/www/norloxsolutionscrm.com/wowcrm/vendor/laravel/framework/src/Illuminate/Routing/Router.php(750): Illuminate\\Routing\\Router->runRoute()
#28 /var/www/norloxsolutionscrm.com/wowcrm/vendor/laravel/framework/src/Illuminate/Routing/Router.php(739): Illuminate\\Routing\\Router->dispatchToRoute()
#29 /var/www/norloxsolutionscrm.com/wowcrm/vendor/laravel/framework/src/Illuminate/Foundation/Http/Kernel.php(201): Illuminate\\Routing\\Router->dispatch()
#30 /var/www/norloxsolutionscrm.com/wowcrm/vendor/laravel/framework/src/Illuminate/Pipeline/Pipeline.php(170): Illuminate\\Foundation\\Http\\Kernel->Illuminate\\Foundation\\Http\\{closure}()
#31 /var/www/norloxsolutionscrm.com/wowcrm/vendor/laravel/framework/src/Illuminate/Foundation/Http/Middleware/TransformsRequest.php(21): Illuminate\\Pipeline\\Pipeline->Illuminate\\Pipeline\\{closure}()
#32 /var/www/norloxsolutionscrm.com/wowcrm/vendor/laravel/framework/src/Illuminate/Foundation/Http/Middleware/ConvertEmptyStringsToNull.php(31): Illuminate\\Foundation\\Http\\Middleware\\TransformsRequest->handle()
#33 /var/www/norloxsolutionscrm.com/wowcrm/vendor/laravel/framework/src/Illuminate/Pipeline/Pipeline.php(209): Illuminate\\Foundation\\Http\\Middleware\\ConvertEmptyStringsToNull->handle()
#34 /var/www/norloxsolutionscrm.com/wowcrm/vendor/laravel/framework/src/Illuminate/Foundation/Http/Middleware/TransformsRequest.php(21): Illuminate\\Pipeline\\Pipeline->Illuminate\\Pipeline\\{closure}()
#35 /var/www/norloxsolutionscrm.com/wowcrm/vendor/laravel/framework/src/Illuminate/Foundation/Http/Middleware/TrimStrings.php(51): Illuminate\\Foundation\\Http\\Middleware\\TransformsRequest->handle()
#36 /var/www/norloxsolutionscrm.com/wowcrm/vendor/laravel/framework/src/Illuminate/Pipeline/Pipeline.php(209): Illuminate\\Foundation\\Http\\Middleware\\TrimStrings->handle()
#37 /var/www/norloxsolutionscrm.com/wowcrm/vendor/laravel/framework/src/Illuminate/Http/Middleware/ValidatePostSize.php(27): Illuminate\\Pipeline\\Pipeline->Illuminate\\Pipeline\\{closure}()
#38 /var/www/norloxsolutionscrm.com/wowcrm/vendor/laravel/framework/src/Illuminate/Pipeline/Pipeline.php(209): Illuminate\\Http\\Middleware\\ValidatePostSize->handle()
#39 /var/www/norloxsolutionscrm.com/wowcrm/vendor/laravel/framework/src/Illuminate/Foundation/Http/Middleware/PreventRequestsDuringMaintenance.php(110): Illuminate\\Pipeline\\Pipeline->Illuminate\\Pipeline\\{closure}()
#40 /var/www/norloxsolutionscrm.com/wowcrm/vendor/laravel/framework/src/Illuminate/Pipeline/Pipeline.php(209): Illuminate\\Foundation\\Http\\Middleware\\PreventRequestsDuringMaintenance->handle()
#41 /var/www/norloxsolutionscrm.com/wowcrm/vendor/laravel/framework/src/Illuminate/Http/Middleware/HandleCors.php(49): Illuminate\\Pipeline\\Pipeline->Illuminate\\Pipeline\\{closure}()
#42 /var/www/norloxsolutionscrm.com/wowcrm/vendor/laravel/framework/src/Illuminate/Pipeline/Pipeline.php(209): Illuminate\\Http\\Middleware\\HandleCors->handle()
#43 /var/www/norloxsolutionscrm.com/wowcrm/vendor/laravel/framework/src/Illuminate/Http/Middleware/TrustProxies.php(58): Illuminate\\Pipeline\\Pipeline->Illuminate\\Pipeline\\{closure}()
#44 /var/www/norloxsolutionscrm.com/wowcrm/vendor/laravel/framework/src/Illuminate/Pipeline/Pipeline.php(209): Illuminate\\Http\\Middleware\\TrustProxies->handle()
#45 /var/www/norloxsolutionscrm.com/wowcrm/vendor/laravel/framework/src/Illuminate/Foundation/Http/Middleware/InvokeDeferredCallbacks.php(22): Illuminate\\Pipeline\\Pipeline->Illuminate\\Pipeline\\{closure}()
#46 /var/www/norloxsolutionscrm.com/wowcrm/vendor/laravel/framework/src/Illuminate/Pipeline/Pipeline.php(209): Illuminate\\Foundation\\Http\\Middleware\\InvokeDeferredCallbacks->handle()
#47 /var/www/norloxsolutionscrm.com/wowcrm/vendor/laravel/framework/src/Illuminate/Pipeline/Pipeline.php(127): Illuminate\\Pipeline\\Pipeline->Illuminate\\Pipeline\\{closure}()
#48 /var/www/norloxsolutionscrm.com/wowcrm/vendor/laravel/framework/src/Illuminate/Foundation/Http/Kernel.php(176): Illuminate\\Pipeline\\Pipeline->then()
#49 /var/www/norloxsolutionscrm.com/wowcrm/vendor/laravel/framework/src/Illuminate/Foundation/Http/Kernel.php(145): Illuminate\\Foundation\\Http\\Kernel->sendRequestThroughRouter()
#50 /var/www/norloxsolutionscrm.com/wowcrm/vendor/laravel/framework/src/Illuminate/Foundation/Application.php(1220): Illuminate\\Foundation\\Http\\Kernel->handle()
#51 /var/www/norloxsolutionscrm.com/wowcrm/index.php(17): Illuminate\\Foundation\\Application->handleRequest()
#52 {main}
"} 
[2026-06-18 09:29:28] local.ERROR: SQLSTATE[01000]: Warning: 1265 Data truncated for column 'gender' at row 1 (Connection: mysql, SQL: insert into `users` (`name`, `email`, `phone`, `gender`, `role`, `password`, `status`, `updated_at`, `created_at`) values (Kingshuk Das, kingshuk@thetechsystem.com, ?, Caller, junior, $2y$12$UGmcN5yk3YAFUKinAZue3eWtsGjoJ2sTmMHpErqt5aa/ig2t7rv86, 1, 2026-06-18 09:29:28, 2026-06-18 09:29:28)) {"userId":1,"exception":"[object] (Illuminate\\Database\\QueryException(code: 01000): SQLSTATE[01000]: Warning: 1265 Data truncated for column 'gender' at row 1 (Connection: mysql, SQL: insert into `users` (`name`, `email`, `phone`, `gender`, `role`, `password`, `status`, `updated_at`, `created_at`) values (Kingshuk Das, kingshuk@thetechsystem.com, ?, Caller, junior, $2y$12$UGmcN5yk3YAFUKinAZue3eWtsGjoJ2sTmMHpErqt5aa/ig2t7rv86, 1, 2026-06-18 09:29:28, 2026-06-18 09:29:28)) at /var/www/norloxsolutionscrm.com/wowcrm/vendor/laravel/framework/src/Illuminate/Database/Connection.php:825)
[stacktrace]
#0 /var/www/norloxsolutionscrm.com/wowcrm/vendor/laravel/framework/src/Illuminate/Database/Connection.php(779): Illuminate\\Database\\Connection->runQueryCallback()
#1 /var/www/norloxsolutionscrm.com/wowcrm/vendor/laravel/framework/src/Illuminate/Database/MySqlConnection.php(42): Illuminate\\Database\\Connection->run()
#2 /var/www/norloxsolutionscrm.com/wowcrm/vendor/laravel/framework/src/Illuminate/Database/Query/Processors/MySqlProcessor.php(35): Illuminate\\Database\\MySqlConnection->insert()
#3 /var/www/norloxsolutionscrm.com/wowcrm/vendor/laravel/framework/src/Illuminate/Database/Query/Builder.php(3766): Illuminate\\Database\\Query\\Processors\\MySqlProcessor->processInsertGetId()
#4 /var/www/norloxsolutionscrm.com/wowcrm/vendor/laravel/framework/src/Illuminate/Database/Eloquent/Builder.php(2120): Illuminate\\Database\\Query\\Builder->insertGetId()
#5 /var/www/norloxsolutionscrm.com/wowcrm/vendor/laravel/framework/src/Illuminate/Database/Eloquent/Model.php(1359): Illuminate\\Database\\Eloquent\\Builder->__call()
#6 /var/www/norloxsolutionscrm.com/wowcrm/vendor/laravel/framework/src/Illuminate/Database/Eloquent/Model.php(1324): Illuminate\\Database\\Eloquent\\Model->insertAndSetId()
#7 /var/www/norloxsolutionscrm.com/wowcrm/vendor/laravel/framework/src/Illuminate/Database/Eloquent/Model.php(1163): Illuminate\\Database\\Eloquent\\Model->performInsert()
#8 /var/www/norloxsolutionscrm.com/wowcrm/vendor/laravel/framework/src/Illuminate/Database/Eloquent/Builder.php(1128): Illuminate\\Database\\Eloquent\\Model->save()
#9 /var/www/norloxsolutionscrm.com/wowcrm/vendor/laravel/framework/src/Illuminate/Support/helpers.php(399): Illuminate\\Database\\Eloquent\\Builder->Illuminate\\Database\\Eloquent\\{closure}()
#10 /var/www/norloxsolutionscrm.com/wowcrm/vendor/laravel/framework/src/Illuminate/Database/Eloquent/Builder.php(1127): tap()
#11 /var/www/norloxsolutionscrm.com/wowcrm/vendor/laravel/framework/src/Illuminate/Support/Traits/ForwardsCalls.php(23): Illuminate\\Database\\Eloquent\\Builder->create()
#12 /var/www/norloxsolutionscrm.com/wowcrm/vendor/laravel/framework/src/Illuminate/Database/Eloquent/Model.php(2372): Illuminate\\Database\\Eloquent\\Model->forwardCallTo()
#13 /var/www/norloxsolutionscrm.com/wowcrm/vendor/laravel/framework/src/Illuminate/Database/Eloquent/Model.php(2384): Illuminate\\Database\\Eloquent\\Model->__call()
#14 /var/www/norloxsolutionscrm.com/wowcrm/app/Http/Controllers/UserController.php(196): Illuminate\\Database\\Eloquent\\Model::__callStatic()
#15 /var/www/norloxsolutionscrm.com/wowcrm/vendor/laravel/framework/src/Illuminate/Routing/ControllerDispatcher.php(47): App\\Http\\Controllers\\UserController->juniorstore()
#16 /var/www/norloxsolutionscrm.com/wowcrm/vendor/laravel/framework/src/Illuminate/Routing/Route.php(266): Illuminate\\Routing\\ControllerDispatcher->dispatch()
#17 /var/www/norloxsolutionscrm.com/wowcrm/vendor/laravel/framework/src/Illuminate/Routing/Route.php(212): Illuminate\\Routing\\Route->runController()
#18 /var/www/norloxsolutionscrm.com/wowcrm/vendor/laravel/framework/src/Illuminate/Routing/Router.php(808): Illuminate\\Routing\\Route->run()
#19 /var/www/norloxsolutionscrm.com/wowcrm/vendor/laravel/framework/src/Illuminate/Pipeline/Pipeline.php(170): Illuminate\\Routing\\Router->Illuminate\\Routing\\{closure}()
#20 /var/www/norloxsolutionscrm.com/wowcrm/app/Http/Middleware/RestrictIpAddress.php(18): Illuminate\\Pipeline\\Pipeline->Illuminate\\Pipeline\\{closure}()
#21 /var/www/norloxsolutionscrm.com/wowcrm/vendor/laravel/framework/src/Illuminate/Pipeline/Pipeline.php(209): App\\Http\\Middleware\\RestrictIpAddress->handle()
#22 /var/www/norloxsolutionscrm.com/wowcrm/vendor/laravel/framework/src/Illuminate/Routing/Middleware/SubstituteBindings.php(51): Illuminate\\Pipeline\\Pipeline->Illuminate\\Pipeline\\{closure}()
#23 /var/www/norloxsolutionscrm.com/wowcrm/vendor/laravel/framework/src/Illuminate/Pipeline/Pipeline.php(209): Illuminate\\Routing\\Middleware\\SubstituteBindings->handle()
#24 /var/www/norloxsolutionscrm.com/wowcrm/vendor/laravel/framework/src/Illuminate/Auth/Middleware/Authenticate.php(64): Illuminate\\Pipeline\\Pipeline->Illuminate\\Pipeline\\{closure}()
#25 /var/www/norloxsolutionscrm.com/wowcrm/vendor/laravel/framework/src/Illuminate/Pipeline/Pipeline.php(209): Illuminate\\Auth\\Middleware\\Authenticate->handle()
#26 /var/www/norloxsolutionscrm.com/wowcrm/vendor/laravel/framework/src/Illuminate/Foundation/Http/Middleware/VerifyCsrfToken.php(88): Illuminate\\Pipeline\\Pipeline->Illuminate\\Pipeline\\{closure}()
#27 /var/www/norloxsolutionscrm.com/wowcrm/vendor/laravel/framework/src/Illuminate/Pipeline/Pipeline.php(209): Illuminate\\Foundation\\Http\\Middleware\\VerifyCsrfToken->handle()
#28 /var/www/norloxsolutionscrm.com/wowcrm/vendor/laravel/framework/src/Illuminate/View/Middleware/ShareErrorsFromSession.php(49): Illuminate\\Pipeline\\Pipeline->Illuminate\\Pipeline\\{closure}()
#29 /var/www/norloxsolutionscrm.com/wowcrm/vendor/laravel/framework/src/Illuminate/Pipeline/Pipeline.php(209): Illuminate\\View\\Middleware\\ShareErrorsFromSession->handle()
#30 /var/www/norloxsolutionscrm.com/wowcrm/vendor/laravel/framework/src/Illuminate/Session/Middleware/StartSession.php(121): Illuminate\\Pipeline\\Pipeline->Illuminate\\Pipeline\\{closure}()
#31 /var/www/norloxsolutionscrm.com/wowcrm/vendor/laravel/framework/src/Illuminate/Session/Middleware/StartSession.php(64): Illuminate\\Session\\Middleware\\StartSession->handleStatefulRequest()
#32 /var/www/norloxsolutionscrm.com/wowcrm/vendor/laravel/framework/src/Illuminate/Pipeline/Pipeline.php(209): Illuminate\\Session\\Middleware\\StartSession->handle()
#33 /var/www/norloxsolutionscrm.com/wowcrm/vendor/laravel/framework/src/Illuminate/Cookie/Middleware/AddQueuedCookiesToResponse.php(37): Illuminate\\Pipeline\\Pipeline->Illuminate\\Pipeline\\{closure}()
#34 /var/www/norloxsolutionscrm.com/wowcrm/vendor/laravel/framework/src/Illuminate/Pipeline/Pipeline.php(209): Illuminate\\Cookie\\Middleware\\AddQueuedCookiesToResponse->handle()
#35 /var/www/norloxsolutionscrm.com/wowcrm/vendor/laravel/framework/src/Illuminate/Cookie/Middleware/EncryptCookies.php(75): Illuminate\\Pipeline\\Pipeline->Illuminate\\Pipeline\\{closure}()
#36 /var/www/norloxsolutionscrm.com/wowcrm/vendor/laravel/framework/src/Illuminate/Pipeline/Pipeline.php(209): Illuminate\\Cookie\\Middleware\\EncryptCookies->handle()
#37 /var/www/norloxsolutionscrm.com/wowcrm/vendor/laravel/framework/src/Illuminate/Pipeline/Pipeline.php(127): Illuminate\\Pipeline\\Pipeline->Illuminate\\Pipeline\\{closure}()
#38 /var/www/norloxsolutionscrm.com/wowcrm/vendor/laravel/framework/src/Illuminate/Routing/Router.php(807): Illuminate\\Pipeline\\Pipeline->then()
#39 /var/www/norloxsolutionscrm.com/wowcrm/vendor/laravel/framework/src/Illuminate/Routing/Router.php(786): Illuminate\\Routing\\Router->runRouteWithinStack()
#40 /var/www/norloxsolutionscrm.com/wowcrm/vendor/laravel/framework/src/Illuminate/Routing/Router.php(750): Illuminate\\Routing\\Router->runRoute()
#41 /var/www/norloxsolutionscrm.com/wowcrm/vendor/laravel/framework/src/Illuminate/Routing/Router.php(739): Illuminate\\Routing\\Router->dispatchToRoute()
#42 /var/www/norloxsolutionscrm.com/wowcrm/vendor/laravel/framework/src/Illuminate/Foundation/Http/Kernel.php(201): Illuminate\\Routing\\Router->dispatch()
#43 /var/www/norloxsolutionscrm.com/wowcrm/vendor/laravel/framework/src/Illuminate/Pipeline/Pipeline.php(170): Illuminate\\Foundation\\Http\\Kernel->Illuminate\\Foundation\\Http\\{closure}()
#44 /var/www/norloxsolutionscrm.com/wowcrm/vendor/laravel/framework/src/Illuminate/Foundation/Http/Middleware/TransformsRequest.php(21): Illuminate\\Pipeline\\Pipeline->Illuminate\\Pipeline\\{closure}()
#45 /var/www/norloxsolutionscrm.com/wowcrm/vendor/laravel/framework/src/Illuminate/Foundation/Http/Middleware/ConvertEmptyStringsToNull.php(31): Illuminate\\Foundation\\Http\\Middleware\\TransformsRequest->handle()
#46 /var/www/norloxsolutionscrm.com/wowcrm/vendor/laravel/framework/src/Illuminate/Pipeline/Pipeline.php(209): Illuminate\\Foundation\\Http\\Middleware\\ConvertEmptyStringsToNull->handle()
#47 /var/www/norloxsolutionscrm.com/wowcrm/vendor/laravel/framework/src/Illuminate/Foundation/Http/Middleware/TransformsRequest.php(21): Illuminate\\Pipeline\\Pipeline->Illuminate\\Pipeline\\{closure}()
#48 /var/www/norloxsolutionscrm.com/wowcrm/vendor/laravel/framework/src/Illuminate/Foundation/Http/Middleware/TrimStrings.php(51): Illuminate\\Foundation\\Http\\Middleware\\TransformsRequest->handle()
#49 /var/www/norloxsolutionscrm.com/wowcrm/vendor/laravel/framework/src/Illuminate/Pipeline/Pipeline.php(209): Illuminate\\Foundation\\Http\\Middleware\\TrimStrings->handle()
#50 /var/www/norloxsolutionscrm.com/wowcrm/vendor/laravel/framework/src/Illuminate/Http/Middleware/ValidatePostSize.php(27): Illuminate\\Pipeline\\Pipeline->Illuminate\\Pipeline\\{closure}()
#51 /var/www/norloxsolutionscrm.com/wowcrm/vendor/laravel/framework/src/Illuminate/Pipeline/Pipeline.php(209): Illuminate\\Http\\Middleware\\ValidatePostSize->handle()
#52 /var/www/norloxsolutionscrm.com/wowcrm/vendor/laravel/framework/src/Illuminate/Foundation/Http/Middleware/PreventRequestsDuringMaintenance.php(110): Illuminate\\Pipeline\\Pipeline->Illuminate\\Pipeline\\{closure}()
#53 /var/www/norloxsolutionscrm.com/wowcrm/vendor/laravel/framework/src/Illuminate/Pipeline/Pipeline.php(209): Illuminate\\Foundation\\Http\\Middleware\\PreventRequestsDuringMaintenance->handle()
#54 /var/www/norloxsolutionscrm.com/wowcrm/vendor/laravel/framework/src/Illuminate/Http/Middleware/HandleCors.php(49): Illuminate\\Pipeline\\Pipeline->Illuminate\\Pipeline\\{closure}()
#55 /var/www/norloxsolutionscrm.com/wowcrm/vendor/laravel/framework/src/Illuminate/Pipeline/Pipeline.php(209): Illuminate\\Http\\Middleware\\HandleCors->handle()
#56 /var/www/norloxsolutionscrm.com/wowcrm/vendor/laravel/framework/src/Illuminate/Http/Middleware/TrustProxies.php(58): Illuminate\\Pipeline\\Pipeline->Illuminate\\Pipeline\\{closure}()
#57 /var/www/norloxsolutionscrm.com/wowcrm/vendor/laravel/framework/src/Illuminate/Pipeline/Pipeline.php(209): Illuminate\\Http\\Middleware\\TrustProxies->handle()
#58 /var/www/norloxsolutionscrm.com/wowcrm/vendor/laravel/framework/src/Illuminate/Foundation/Http/Middleware/InvokeDeferredCallbacks.php(22): Illuminate\\Pipeline\\Pipeline->Illuminate\\Pipeline\\{closure}()
#59 /var/www/norloxsolutionscrm.com/wowcrm/vendor/laravel/framework/src/Illuminate/Pipeline/Pipeline.php(209): Illuminate\\Foundation\\Http\\Middleware\\InvokeDeferredCallbacks->handle()
#60 /var/www/norloxsolutionscrm.com/wowcrm/vendor/laravel/framework/src/Illuminate/Pipeline/Pipeline.php(127): Illuminate\\Pipeline\\Pipeline->Illuminate\\Pipeline\\{closure}()
#61 /var/www/norloxsolutionscrm.com/wowcrm/vendor/laravel/framework/src/Illuminate/Foundation/Http/Kernel.php(176): Illuminate\\Pipeline\\Pipeline->then()
#62 /var/www/norloxsolutionscrm.com/wowcrm/vendor/laravel/framework/src/Illuminate/Foundation/Http/Kernel.php(145): Illuminate\\Foundation\\Http\\Kernel->sendRequestThroughRouter()
#63 /var/www/norloxsolutionscrm.com/wowcrm/vendor/laravel/framework/src/Illuminate/Foundation/Application.php(1220): Illuminate\\Foundation\\Http\\Kernel->handle()
#64 /var/www/norloxsolutionscrm.com/wowcrm/index.php(17): Illuminate\\Foundation\\Application->handleRequest()
#65 {main}

[previous exception] [object] (PDOException(code: 01000): SQLSTATE[01000]: Warning: 1265 Data truncated for column 'gender' at row 1 at /var/www/norloxsolutionscrm.com/wowcrm/vendor/laravel/framework/src/Illuminate/Database/MySqlConnection.php:53)
[stacktrace]
#0 /var/www/norloxsolutionscrm.com/wowcrm/vendor/laravel/framework/src/Illuminate/Database/MySqlConnection.php(53): PDOStatement->execute()
#1 /var/www/norloxsolutionscrm.com/wowcrm/vendor/laravel/framework/src/Illuminate/Database/Connection.php(812): Illuminate\\Database\\MySqlConnection->Illuminate\\Database\\{closure}()
#2 /var/www/norloxsolutionscrm.com/wowcrm/vendor/laravel/framework/src/Illuminate/Database/Connection.php(779): Illuminate\\Database\\Connection->runQueryCallback()
#3 /var/www/norloxsolutionscrm.com/wowcrm/vendor/laravel/framework/src/Illuminate/Database/MySqlConnection.php(42): Illuminate\\Database\\Connection->run()
#4 /var/www/norloxsolutionscrm.com/wowcrm/vendor/laravel/framework/src/Illuminate/Database/Query/Processors/MySqlProcessor.php(35): Illuminate\\Database\\MySqlConnection->insert()
#5 /var/www/norloxsolutionscrm.com/wowcrm/vendor/laravel/framework/src/Illuminate/Database/Query/Builder.php(3766): Illuminate\\Database\\Query\\Processors\\MySqlProcessor->processInsertGetId()
#6 /var/www/norloxsolutionscrm.com/wowcrm/vendor/laravel/framework/src/Illuminate/Database/Eloquent/Builder.php(2120): Illuminate\\Database\\Query\\Builder->insertGetId()
#7 /var/www/norloxsolutionscrm.com/wowcrm/vendor/laravel/framework/src/Illuminate/Database/Eloquent/Model.php(1359): Illuminate\\Database\\Eloquent\\Builder->__call()
#8 /var/www/norloxsolutionscrm.com/wowcrm/vendor/laravel/framework/src/Illuminate/Database/Eloquent/Model.php(1324): Illuminate\\Database\\Eloquent\\Model->insertAndSetId()
#9 /var/www/norloxsolutionscrm.com/wowcrm/vendor/laravel/framework/src/Illuminate/Database/Eloquent/Model.php(1163): Illuminate\\Database\\Eloquent\\Model->performInsert()
#10 /var/www/norloxsolutionscrm.com/wowcrm/vendor/laravel/framework/src/Illuminate/Database/Eloquent/Builder.php(1128): Illuminate\\Database\\Eloquent\\Model->save()
#11 /var/www/norloxsolutionscrm.com/wowcrm/vendor/laravel/framework/src/Illuminate/Support/helpers.php(399): Illuminate\\Database\\Eloquent\\Builder->Illuminate\\Database\\Eloquent\\{closure}()
#12 /var/www/norloxsolutionscrm.com/wowcrm/vendor/laravel/framework/src/Illuminate/Database/Eloquent/Builder.php(1127): tap()
#13 /var/www/norloxsolutionscrm.com/wowcrm/vendor/laravel/framework/src/Illuminate/Support/Traits/ForwardsCalls.php(23): Illuminate\\Database\\Eloquent\\Builder->create()
#14 /var/www/norloxsolutionscrm.com/wowcrm/vendor/laravel/framework/src/Illuminate/Database/Eloquent/Model.php(2372): Illuminate\\Database\\Eloquent\\Model->forwardCallTo()
#15 /var/www/norloxsolutionscrm.com/wowcrm/vendor/laravel/framework/src/Illuminate/Database/Eloquent/Model.php(2384): Illuminate\\Database\\Eloquent\\Model->__call()
#16 /var/www/norloxsolutionscrm.com/wowcrm/app/Http/Controllers/UserController.php(196): Illuminate\\Database\\Eloquent\\Model::__callStatic()
#17 /var/www/norloxsolutionscrm.com/wowcrm/vendor/laravel/framework/src/Illuminate/Routing/ControllerDispatcher.php(47): App\\Http\\Controllers\\UserController->juniorstore()
#18 /var/www/norloxsolutionscrm.com/wowcrm/vendor/laravel/framework/src/Illuminate/Routing/Route.php(266): Illuminate\\Routing\\ControllerDispatcher->dispatch()
#19 /var/www/norloxsolutionscrm.com/wowcrm/vendor/laravel/framework/src/Illuminate/Routing/Route.php(212): Illuminate\\Routing\\Route->runController()
#20 /var/www/norloxsolutionscrm.com/wowcrm/vendor/laravel/framework/src/Illuminate/Routing/Router.php(808): Illuminate\\Routing\\Route->run()
#21 /var/www/norloxsolutionscrm.com/wowcrm/vendor/laravel/framework/src/Illuminate/Pipeline/Pipeline.php(170): Illuminate\\Routing\\Router->Illuminate\\Routing\\{closure}()
#22 /var/www/norloxsolutionscrm.com/wowcrm/app/Http/Middleware/RestrictIpAddress.php(18): Illuminate\\Pipeline\\Pipeline->Illuminate\\Pipeline\\{closure}()
#23 /var/www/norloxsolutionscrm.com/wowcrm/vendor/laravel/framework/src/Illuminate/Pipeline/Pipeline.php(209): App\\Http\\Middleware\\RestrictIpAddress->handle()
#24 /var/www/norloxsolutionscrm.com/wowcrm/vendor/laravel/framework/src/Illuminate/Routing/Middleware/SubstituteBindings.php(51): Illuminate\\Pipeline\\Pipeline->Illuminate\\Pipeline\\{closure}()
#25 /var/www/norloxsolutionscrm.com/wowcrm/vendor/laravel/framework/src/Illuminate/Pipeline/Pipeline.php(209): Illuminate\\Routing\\Middleware\\SubstituteBindings->handle()
#26 /var/www/norloxsolutionscrm.com/wowcrm/vendor/laravel/framework/src/Illuminate/Auth/Middleware/Authenticate.php(64): Illuminate\\Pipeline\\Pipeline->Illuminate\\Pipeline\\{closure}()
#27 /var/www/norloxsolutionscrm.com/wowcrm/vendor/laravel/framework/src/Illuminate/Pipeline/Pipeline.php(209): Illuminate\\Auth\\Middleware\\Authenticate->handle()
#28 /var/www/norloxsolutionscrm.com/wowcrm/vendor/laravel/framework/src/Illuminate/Foundation/Http/Middleware/VerifyCsrfToken.php(88): Illuminate\\Pipeline\\Pipeline->Illuminate\\Pipeline\\{closure}()
#29 /var/www/norloxsolutionscrm.com/wowcrm/vendor/laravel/framework/src/Illuminate/Pipeline/Pipeline.php(209): Illuminate\\Foundation\\Http\\Middleware\\VerifyCsrfToken->handle()
#30 /var/www/norloxsolutionscrm.com/wowcrm/vendor/laravel/framework/src/Illuminate/View/Middleware/ShareErrorsFromSession.php(49): Illuminate\\Pipeline\\Pipeline->Illuminate\\Pipeline\\{closure}()
#31 /var/www/norloxsolutionscrm.com/wowcrm/vendor/laravel/framework/src/Illuminate/Pipeline/Pipeline.php(209): Illuminate\\View\\Middleware\\ShareErrorsFromSession->handle()
#32 /var/www/norloxsolutionscrm.com/wowcrm/vendor/laravel/framework/src/Illuminate/Session/Middleware/StartSession.php(121): Illuminate\\Pipeline\\Pipeline->Illuminate\\Pipeline\\{closure}()
#33 /var/www/norloxsolutionscrm.com/wowcrm/vendor/laravel/framework/src/Illuminate/Session/Middleware/StartSession.php(64): Illuminate\\Session\\Middleware\\StartSession->handleStatefulRequest()
#34 /var/www/norloxsolutionscrm.com/wowcrm/vendor/laravel/framework/src/Illuminate/Pipeline/Pipeline.php(209): Illuminate\\Session\\Middleware\\StartSession->handle()
#35 /var/www/norloxsolutionscrm.com/wowcrm/vendor/laravel/framework/src/Illuminate/Cookie/Middleware/AddQueuedCookiesToResponse.php(37): Illuminate\\Pipeline\\Pipeline->Illuminate\\Pipeline\\{closure}()
#36 /var/www/norloxsolutionscrm.com/wowcrm/vendor/laravel/framework/src/Illuminate/Pipeline/Pipeline.php(209): Illuminate\\Cookie\\Middleware\\AddQueuedCookiesToResponse->handle()
#37 /var/www/norloxsolutionscrm.com/wowcrm/vendor/laravel/framework/src/Illuminate/Cookie/Middleware/EncryptCookies.php(75): Illuminate\\Pipeline\\Pipeline->Illuminate\\Pipeline\\{closure}()
#38 /var/www/norloxsolutionscrm.com/wowcrm/vendor/laravel/framework/src/Illuminate/Pipeline/Pipeline.php(209): Illuminate\\Cookie\\Middleware\\EncryptCookies->handle()
#39 /var/www/norloxsolutionscrm.com/wowcrm/vendor/laravel/framework/src/Illuminate/Pipeline/Pipeline.php(127): Illuminate\\Pipeline\\Pipeline->Illuminate\\Pipeline\\{closure}()
#40 /var/www/norloxsolutionscrm.com/wowcrm/vendor/laravel/framework/src/Illuminate/Routing/Router.php(807): Illuminate\\Pipeline\\Pipeline->then()
#41 /var/www/norloxsolutionscrm.com/wowcrm/vendor/laravel/framework/src/Illuminate/Routing/Router.php(786): Illuminate\\Routing\\Router->runRouteWithinStack()
#42 /var/www/norloxsolutionscrm.com/wowcrm/vendor/laravel/framework/src/Illuminate/Routing/Router.php(750): Illuminate\\Routing\\Router->runRoute()
#43 /var/www/norloxsolutionscrm.com/wowcrm/vendor/laravel/framework/src/Illuminate/Routing/Router.php(739): Illuminate\\Routing\\Router->dispatchToRoute()
#44 /var/www/norloxsolutionscrm.com/wowcrm/vendor/laravel/framework/src/Illuminate/Foundation/Http/Kernel.php(201): Illuminate\\Routing\\Router->dispatch()
#45 /var/www/norloxsolutionscrm.com/wowcrm/vendor/laravel/framework/src/Illuminate/Pipeline/Pipeline.php(170): Illuminate\\Foundation\\Http\\Kernel->Illuminate\\Foundation\\Http\\{closure}()
#46 /var/www/norloxsolutionscrm.com/wowcrm/vendor/laravel/framework/src/Illuminate/Foundation/Http/Middleware/TransformsRequest.php(21): Illuminate\\Pipeline\\Pipeline->Illuminate\\Pipeline\\{closure}()
#47 /var/www/norloxsolutionscrm.com/wowcrm/vendor/laravel/framework/src/Illuminate/Foundation/Http/Middleware/ConvertEmptyStringsToNull.php(31): Illuminate\\Foundation\\Http\\Middleware\\TransformsRequest->handle()
#48 /var/www/norloxsolutionscrm.com/wowcrm/vendor/laravel/framework/src/Illuminate/Pipeline/Pipeline.php(209): Illuminate\\Foundation\\Http\\Middleware\\ConvertEmptyStringsToNull->handle()
#49 /var/www/norloxsolutionscrm.com/wowcrm/vendor/laravel/framework/src/Illuminate/Foundation/Http/Middleware/TransformsRequest.php(21): Illuminate\\Pipeline\\Pipeline->Illuminate\\Pipeline\\{closure}()
#50 /var/www/norloxsolutionscrm.com/wowcrm/vendor/laravel/framework/src/Illuminate/Foundation/Http/Middleware/TrimStrings.php(51): Illuminate\\Foundation\\Http\\Middleware\\TransformsRequest->handle()
#51 /var/www/norloxsolutionscrm.com/wowcrm/vendor/laravel/framework/src/Illuminate/Pipeline/Pipeline.php(209): Illuminate\\Foundation\\Http\\Middleware\\TrimStrings->handle()
#52 /var/www/norloxsolutionscrm.com/wowcrm/vendor/laravel/framework/src/Illuminate/Http/Middleware/ValidatePostSize.php(27): Illuminate\\Pipeline\\Pipeline->Illuminate\\Pipeline\\{closure}()
#53 /var/www/norloxsolutionscrm.com/wowcrm/vendor/laravel/framework/src/Illuminate/Pipeline/Pipeline.php(209): Illuminate\\Http\\Middleware\\ValidatePostSize->handle()
#54 /var/www/norloxsolutionscrm.com/wowcrm/vendor/laravel/framework/src/Illuminate/Foundation/Http/Middleware/PreventRequestsDuringMaintenance.php(110): Illuminate\\Pipeline\\Pipeline->Illuminate\\Pipeline\\{closure}()
#55 /var/www/norloxsolutionscrm.com/wowcrm/vendor/laravel/framework/src/Illuminate/Pipeline/Pipeline.php(209): Illuminate\\Foundation\\Http\\Middleware\\PreventRequestsDuringMaintenance->handle()
#56 /var/www/norloxsolutionscrm.com/wowcrm/vendor/laravel/framework/src/Illuminate/Http/Middleware/HandleCors.php(49): Illuminate\\Pipeline\\Pipeline->Illuminate\\Pipeline\\{closure}()
#57 /var/www/norloxsolutionscrm.com/wowcrm/vendor/laravel/framework/src/Illuminate/Pipeline/Pipeline.php(209): Illuminate\\Http\\Middleware\\HandleCors->handle()
#58 /var/www/norloxsolutionscrm.com/wowcrm/vendor/laravel/framework/src/Illuminate/Http/Middleware/TrustProxies.php(58): Illuminate\\Pipeline\\Pipeline->Illuminate\\Pipeline\\{closure}()
#59 /var/www/norloxsolutionscrm.com/wowcrm/vendor/laravel/framework/src/Illuminate/Pipeline/Pipeline.php(209): Illuminate\\Http\\Middleware\\TrustProxies->handle()
#60 /var/www/norloxsolutionscrm.com/wowcrm/vendor/laravel/framework/src/Illuminate/Foundation/Http/Middleware/InvokeDeferredCallbacks.php(22): Illuminate\\Pipeline\\Pipeline->Illuminate\\Pipeline\\{closure}()
#61 /var/www/norloxsolutionscrm.com/wowcrm/vendor/laravel/framework/src/Illuminate/Pipeline/Pipeline.php(209): Illuminate\\Foundation\\Http\\Middleware\\InvokeDeferredCallbacks->handle()
#62 /var/www/norloxsolutionscrm.com/wowcrm/vendor/laravel/framework/src/Illuminate/Pipeline/Pipeline.php(127): Illuminate\\Pipeline\\Pipeline->Illuminate\\Pipeline\\{closure}()
#63 /var/www/norloxsolutionscrm.com/wowcrm/vendor/laravel/framework/src/Illuminate/Foundation/Http/Kernel.php(176): Illuminate\\Pipeline\\Pipeline->then()
#64 /var/www/norloxsolutionscrm.com/wowcrm/vendor/laravel/framework/src/Illuminate/Foundation/Http/Kernel.php(145): Illuminate\\Foundation\\Http\\Kernel->sendRequestThroughRouter()
#65 /var/www/norloxsolutionscrm.com/wowcrm/vendor/laravel/framework/src/Illuminate/Foundation/Application.php(1220): Illuminate\\Foundation\\Http\\Kernel->handle()
#66 /var/www/norloxsolutionscrm.com/wowcrm/index.php(17): Illuminate\\Foundation\\Application->handleRequest()
#67 {main}
"} 
[2026-06-22 06:48:27] local.ERROR: SQLSTATE[40001]: Serialization failure: 1213 Deadlock found when trying to get lock; try restarting transaction (Connection: mysql, SQL: delete from `sessions` where `last_activity` <= 1782118107) {"userId":1,"exception":"[object] (Illuminate\\Database\\QueryException(code: 40001): SQLSTATE[40001]: Serialization failure: 1213 Deadlock found when trying to get lock; try restarting transaction (Connection: mysql, SQL: delete from `sessions` where `last_activity` <= 1782118107) at /var/www/norloxsolutionscrm.com/wowcrm/vendor/laravel/framework/src/Illuminate/Database/Connection.php:825)
[stacktrace]
#0 /var/www/norloxsolutionscrm.com/wowcrm/vendor/laravel/framework/src/Illuminate/Database/Connection.php(779): Illuminate\\Database\\Connection->runQueryCallback()
#1 /var/www/norloxsolutionscrm.com/wowcrm/vendor/laravel/framework/src/Illuminate/Database/Connection.php(584): Illuminate\\Database\\Connection->run()
#2 /var/www/norloxsolutionscrm.com/wowcrm/vendor/laravel/framework/src/Illuminate/Database/Connection.php(548): Illuminate\\Database\\Connection->affectingStatement()
#3 /var/www/norloxsolutionscrm.com/wowcrm/vendor/laravel/framework/src/Illuminate/Database/Query/Builder.php(4024): Illuminate\\Database\\Connection->delete()
#4 /var/www/norloxsolutionscrm.com/wowcrm/vendor/laravel/framework/src/Illuminate/Session/DatabaseSessionHandler.php(281): Illuminate\\Database\\Query\\Builder->delete()
#5 /var/www/norloxsolutionscrm.com/wowcrm/vendor/laravel/framework/src/Illuminate/Session/Middleware/StartSession.php(178): Illuminate\\Session\\DatabaseSessionHandler->gc()
#6 /var/www/norloxsolutionscrm.com/wowcrm/vendor/laravel/framework/src/Illuminate/Session/Middleware/StartSession.php(119): Illuminate\\Session\\Middleware\\StartSession->collectGarbage()
#7 /var/www/norloxsolutionscrm.com/wowcrm/vendor/laravel/framework/src/Illuminate/Session/Middleware/StartSession.php(64): Illuminate\\Session\\Middleware\\StartSession->handleStatefulRequest()
#8 /var/www/norloxsolutionscrm.com/wowcrm/vendor/laravel/framework/src/Illuminate/Pipeline/Pipeline.php(209): Illuminate\\Session\\Middleware\\StartSession->handle()
#9 /var/www/norloxsolutionscrm.com/wowcrm/vendor/laravel/framework/src/Illuminate/Cookie/Middleware/AddQueuedCookiesToResponse.php(37): Illuminate\\Pipeline\\Pipeline->Illuminate\\Pipeline\\{closure}()
#10 /var/www/norloxsolutionscrm.com/wowcrm/vendor/laravel/framework/src/Illuminate/Pipeline/Pipeline.php(209): Illuminate\\Cookie\\Middleware\\AddQueuedCookiesToResponse->handle()
#11 /var/www/norloxsolutionscrm.com/wowcrm/vendor/laravel/framework/src/Illuminate/Cookie/Middleware/EncryptCookies.php(75): Illuminate\\Pipeline\\Pipeline->Illuminate\\Pipeline\\{closure}()
#12 /var/www/norloxsolutionscrm.com/wowcrm/vendor/laravel/framework/src/Illuminate/Pipeline/Pipeline.php(209): Illuminate\\Cookie\\Middleware\\EncryptCookies->handle()
#13 /var/www/norloxsolutionscrm.com/wowcrm/vendor/laravel/framework/src/Illuminate/Pipeline/Pipeline.php(127): Illuminate\\Pipeline\\Pipeline->Illuminate\\Pipeline\\{closure}()
#14 /var/www/norloxsolutionscrm.com/wowcrm/vendor/laravel/framework/src/Illuminate/Routing/Router.php(807): Illuminate\\Pipeline\\Pipeline->then()
#15 /var/www/norloxsolutionscrm.com/wowcrm/vendor/laravel/framework/src/Illuminate/Routing/Router.php(786): Illuminate\\Routing\\Router->runRouteWithinStack()
#16 /var/www/norloxsolutionscrm.com/wowcrm/vendor/laravel/framework/src/Illuminate/Routing/Router.php(750): Illuminate\\Routing\\Router->runRoute()
#17 /var/www/norloxsolutionscrm.com/wowcrm/vendor/laravel/framework/src/Illuminate/Routing/Router.php(739): Illuminate\\Routing\\Router->dispatchToRoute()
#18 /var/www/norloxsolutionscrm.com/wowcrm/vendor/laravel/framework/src/Illuminate/Foundation/Http/Kernel.php(201): Illuminate\\Routing\\Router->dispatch()
#19 /var/www/norloxsolutionscrm.com/wowcrm/vendor/laravel/framework/src/Illuminate/Pipeline/Pipeline.php(170): Illuminate\\Foundation\\Http\\Kernel->Illuminate\\Foundation\\Http\\{closure}()
#20 /var/www/norloxsolutionscrm.com/wowcrm/vendor/laravel/framework/src/Illuminate/Foundation/Http/Middleware/TransformsRequest.php(21): Illuminate\\Pipeline\\Pipeline->Illuminate\\Pipeline\\{closure}()
#21 /var/www/norloxsolutionscrm.com/wowcrm/vendor/laravel/framework/src/Illuminate/Foundation/Http/Middleware/ConvertEmptyStringsToNull.php(31): Illuminate\\Foundation\\Http\\Middleware\\TransformsRequest->handle()
#22 /var/www/norloxsolutionscrm.com/wowcrm/vendor/laravel/framework/src/Illuminate/Pipeline/Pipeline.php(209): Illuminate\\Foundation\\Http\\Middleware\\ConvertEmptyStringsToNull->handle()
#23 /var/www/norloxsolutionscrm.com/wowcrm/vendor/laravel/framework/src/Illuminate/Foundation/Http/Middleware/TransformsRequest.php(21): Illuminate\\Pipeline\\Pipeline->Illuminate\\Pipeline\\{closure}()
#24 /var/www/norloxsolutionscrm.com/wowcrm/vendor/laravel/framework/src/Illuminate/Foundation/Http/Middleware/TrimStrings.php(51): Illuminate\\Foundation\\Http\\Middleware\\TransformsRequest->handle()
#25 /var/www/norloxsolutionscrm.com/wowcrm/vendor/laravel/framework/src/Illuminate/Pipeline/Pipeline.php(209): Illuminate\\Foundation\\Http\\Middleware\\TrimStrings->handle()
#26 /var/www/norloxsolutionscrm.com/wowcrm/vendor/laravel/framework/src/Illuminate/Http/Middleware/ValidatePostSize.php(27): Illuminate\\Pipeline\\Pipeline->Illuminate\\Pipeline\\{closure}()
#27 /var/www/norloxsolutionscrm.com/wowcrm/vendor/laravel/framework/src/Illuminate/Pipeline/Pipeline.php(209): Illuminate\\Http\\Middleware\\ValidatePostSize->handle()
#28 /var/www/norloxsolutionscrm.com/wowcrm/vendor/laravel/framework/src/Illuminate/Foundation/Http/Middleware/PreventRequestsDuringMaintenance.php(110): Illuminate\\Pipeline\\Pipeline->Illuminate\\Pipeline\\{closure}()
#29 /var/www/norloxsolutionscrm.com/wowcrm/vendor/laravel/framework/src/Illuminate/Pipeline/Pipeline.php(209): Illuminate\\Foundation\\Http\\Middleware\\PreventRequestsDuringMaintenance->handle()
#30 /var/www/norloxsolutionscrm.com/wowcrm/vendor/laravel/framework/src/Illuminate/Http/Middleware/HandleCors.php(49): Illuminate\\Pipeline\\Pipeline->Illuminate\\Pipeline\\{closure}()
#31 /var/www/norloxsolutionscrm.com/wowcrm/vendor/laravel/framework/src/Illuminate/Pipeline/Pipeline.php(209): Illuminate\\Http\\Middleware\\HandleCors->handle()
#32 /var/www/norloxsolutionscrm.com/wowcrm/vendor/laravel/framework/src/Illuminate/Http/Middleware/TrustProxies.php(58): Illuminate\\Pipeline\\Pipeline->Illuminate\\Pipeline\\{closure}()
#33 /var/www/norloxsolutionscrm.com/wowcrm/vendor/laravel/framework/src/Illuminate/Pipeline/Pipeline.php(209): Illuminate\\Http\\Middleware\\TrustProxies->handle()
#34 /var/www/norloxsolutionscrm.com/wowcrm/vendor/laravel/framework/src/Illuminate/Foundation/Http/Middleware/InvokeDeferredCallbacks.php(22): Illuminate\\Pipeline\\Pipeline->Illuminate\\Pipeline\\{closure}()
#35 /var/www/norloxsolutionscrm.com/wowcrm/vendor/laravel/framework/src/Illuminate/Pipeline/Pipeline.php(209): Illuminate\\Foundation\\Http\\Middleware\\InvokeDeferredCallbacks->handle()
#36 /var/www/norloxsolutionscrm.com/wowcrm/vendor/laravel/framework/src/Illuminate/Pipeline/Pipeline.php(127): Illuminate\\Pipeline\\Pipeline->Illuminate\\Pipeline\\{closure}()
#37 /var/www/norloxsolutionscrm.com/wowcrm/vendor/laravel/framework/src/Illuminate/Foundation/Http/Kernel.php(176): Illuminate\\Pipeline\\Pipeline->then()
#38 /var/www/norloxsolutionscrm.com/wowcrm/vendor/laravel/framework/src/Illuminate/Foundation/Http/Kernel.php(145): Illuminate\\Foundation\\Http\\Kernel->sendRequestThroughRouter()
#39 /var/www/norloxsolutionscrm.com/wowcrm/vendor/laravel/framework/src/Illuminate/Foundation/Application.php(1220): Illuminate\\Foundation\\Http\\Kernel->handle()
#40 /var/www/norloxsolutionscrm.com/wowcrm/index.php(17): Illuminate\\Foundation\\Application->handleRequest()
#41 {main}

[previous exception] [object] (PDOException(code: 40001): SQLSTATE[40001]: Serialization failure: 1213 Deadlock found when trying to get lock; try restarting transaction at /var/www/norloxsolutionscrm.com/wowcrm/vendor/laravel/framework/src/Illuminate/Database/Connection.php:596)
[stacktrace]
#0 /var/www/norloxsolutionscrm.com/wowcrm/vendor/laravel/framework/src/Illuminate/Database/Connection.php(596): PDOStatement->execute()
#1 /var/www/norloxsolutionscrm.com/wowcrm/vendor/laravel/framework/src/Illuminate/Database/Connection.php(812): Illuminate\\Database\\Connection->Illuminate\\Database\\{closure}()
#2 /var/www/norloxsolutionscrm.com/wowcrm/vendor/laravel/framework/src/Illuminate/Database/Connection.php(779): Illuminate\\Database\\Connection->runQueryCallback()
#3 /var/www/norloxsolutionscrm.com/wowcrm/vendor/laravel/framework/src/Illuminate/Database/Connection.php(584): Illuminate\\Database\\Connection->run()
#4 /var/www/norloxsolutionscrm.com/wowcrm/vendor/laravel/framework/src/Illuminate/Database/Connection.php(548): Illuminate\\Database\\Connection->affectingStatement()
#5 /var/www/norloxsolutionscrm.com/wowcrm/vendor/laravel/framework/src/Illuminate/Database/Query/Builder.php(4024): Illuminate\\Database\\Connection->delete()
#6 /var/www/norloxsolutionscrm.com/wowcrm/vendor/laravel/framework/src/Illuminate/Session/DatabaseSessionHandler.php(281): Illuminate\\Database\\Query\\Builder->delete()
#7 /var/www/norloxsolutionscrm.com/wowcrm/vendor/laravel/framework/src/Illuminate/Session/Middleware/StartSession.php(178): Illuminate\\Session\\DatabaseSessionHandler->gc()
#8 /var/www/norloxsolutionscrm.com/wowcrm/vendor/laravel/framework/src/Illuminate/Session/Middleware/StartSession.php(119): Illuminate\\Session\\Middleware\\StartSession->collectGarbage()
#9 /var/www/norloxsolutionscrm.com/wowcrm/vendor/laravel/framework/src/Illuminate/Session/Middleware/StartSession.php(64): Illuminate\\Session\\Middleware\\StartSession->handleStatefulRequest()
#10 /var/www/norloxsolutionscrm.com/wowcrm/vendor/laravel/framework/src/Illuminate/Pipeline/Pipeline.php(209): Illuminate\\Session\\Middleware\\StartSession->handle()
#11 /var/www/norloxsolutionscrm.com/wowcrm/vendor/laravel/framework/src/Illuminate/Cookie/Middleware/AddQueuedCookiesToResponse.php(37): Illuminate\\Pipeline\\Pipeline->Illuminate\\Pipeline\\{closure}()
#12 /var/www/norloxsolutionscrm.com/wowcrm/vendor/laravel/framework/src/Illuminate/Pipeline/Pipeline.php(209): Illuminate\\Cookie\\Middleware\\AddQueuedCookiesToResponse->handle()
#13 /var/www/norloxsolutionscrm.com/wowcrm/vendor/laravel/framework/src/Illuminate/Cookie/Middleware/EncryptCookies.php(75): Illuminate\\Pipeline\\Pipeline->Illuminate\\Pipeline\\{closure}()
#14 /var/www/norloxsolutionscrm.com/wowcrm/vendor/laravel/framework/src/Illuminate/Pipeline/Pipeline.php(209): Illuminate\\Cookie\\Middleware\\EncryptCookies->handle()
#15 /var/www/norloxsolutionscrm.com/wowcrm/vendor/laravel/framework/src/Illuminate/Pipeline/Pipeline.php(127): Illuminate\\Pipeline\\Pipeline->Illuminate\\Pipeline\\{closure}()
#16 /var/www/norloxsolutionscrm.com/wowcrm/vendor/laravel/framework/src/Illuminate/Routing/Router.php(807): Illuminate\\Pipeline\\Pipeline->then()
#17 /var/www/norloxsolutionscrm.com/wowcrm/vendor/laravel/framework/src/Illuminate/Routing/Router.php(786): Illuminate\\Routing\\Router->runRouteWithinStack()
#18 /var/www/norloxsolutionscrm.com/wowcrm/vendor/laravel/framework/src/Illuminate/Routing/Router.php(750): Illuminate\\Routing\\Router->runRoute()
#19 /var/www/norloxsolutionscrm.com/wowcrm/vendor/laravel/framework/src/Illuminate/Routing/Router.php(739): Illuminate\\Routing\\Router->dispatchToRoute()
#20 /var/www/norloxsolutionscrm.com/wowcrm/vendor/laravel/framework/src/Illuminate/Foundation/Http/Kernel.php(201): Illuminate\\Routing\\Router->dispatch()
#21 /var/www/norloxsolutionscrm.com/wowcrm/vendor/laravel/framework/src/Illuminate/Pipeline/Pipeline.php(170): Illuminate\\Foundation\\Http\\Kernel->Illuminate\\Foundation\\Http\\{closure}()
#22 /var/www/norloxsolutionscrm.com/wowcrm/vendor/laravel/framework/src/Illuminate/Foundation/Http/Middleware/TransformsRequest.php(21): Illuminate\\Pipeline\\Pipeline->Illuminate\\Pipeline\\{closure}()
#23 /var/www/norloxsolutionscrm.com/wowcrm/vendor/laravel/framework/src/Illuminate/Foundation/Http/Middleware/ConvertEmptyStringsToNull.php(31): Illuminate\\Foundation\\Http\\Middleware\\TransformsRequest->handle()
#24 /var/www/norloxsolutionscrm.com/wowcrm/vendor/laravel/framework/src/Illuminate/Pipeline/Pipeline.php(209): Illuminate\\Foundation\\Http\\Middleware\\ConvertEmptyStringsToNull->handle()
#25 /var/www/norloxsolutionscrm.com/wowcrm/vendor/laravel/framework/src/Illuminate/Foundation/Http/Middleware/TransformsRequest.php(21): Illuminate\\Pipeline\\Pipeline->Illuminate\\Pipeline\\{closure}()
#26 /var/www/norloxsolutionscrm.com/wowcrm/vendor/laravel/framework/src/Illuminate/Foundation/Http/Middleware/TrimStrings.php(51): Illuminate\\Foundation\\Http\\Middleware\\TransformsRequest->handle()
#27 /var/www/norloxsolutionscrm.com/wowcrm/vendor/laravel/framework/src/Illuminate/Pipeline/Pipeline.php(209): Illuminate\\Foundation\\Http\\Middleware\\TrimStrings->handle()
#28 /var/www/norloxsolutionscrm.com/wowcrm/vendor/laravel/framework/src/Illuminate/Http/Middleware/ValidatePostSize.php(27): Illuminate\\Pipeline\\Pipeline->Illuminate\\Pipeline\\{closure}()
#29 /var/www/norloxsolutionscrm.com/wowcrm/vendor/laravel/framework/src/Illuminate/Pipeline/Pipeline.php(209): Illuminate\\Http\\Middleware\\ValidatePostSize->handle()
#30 /var/www/norloxsolutionscrm.com/wowcrm/vendor/laravel/framework/src/Illuminate/Foundation/Http/Middleware/PreventRequestsDuringMaintenance.php(110): Illuminate\\Pipeline\\Pipeline->Illuminate\\Pipeline\\{closure}()
#31 /var/www/norloxsolutionscrm.com/wowcrm/vendor/laravel/framework/src/Illuminate/Pipeline/Pipeline.php(209): Illuminate\\Foundation\\Http\\Middleware\\PreventRequestsDuringMaintenance->handle()
#32 /var/www/norloxsolutionscrm.com/wowcrm/vendor/laravel/framework/src/Illuminate/Http/Middleware/HandleCors.php(49): Illuminate\\Pipeline\\Pipeline->Illuminate\\Pipeline\\{closure}()
#33 /var/www/norloxsolutionscrm.com/wowcrm/vendor/laravel/framework/src/Illuminate/Pipeline/Pipeline.php(209): Illuminate\\Http\\Middleware\\HandleCors->handle()
#34 /var/www/norloxsolutionscrm.com/wowcrm/vendor/laravel/framework/src/Illuminate/Http/Middleware/TrustProxies.php(58): Illuminate\\Pipeline\\Pipeline->Illuminate\\Pipeline\\{closure}()
#35 /var/www/norloxsolutionscrm.com/wowcrm/vendor/laravel/framework/src/Illuminate/Pipeline/Pipeline.php(209): Illuminate\\Http\\Middleware\\TrustProxies->handle()
#36 /var/www/norloxsolutionscrm.com/wowcrm/vendor/laravel/framework/src/Illuminate/Foundation/Http/Middleware/InvokeDeferredCallbacks.php(22): Illuminate\\Pipeline\\Pipeline->Illuminate\\Pipeline\\{closure}()
#37 /var/www/norloxsolutionscrm.com/wowcrm/vendor/laravel/framework/src/Illuminate/Pipeline/Pipeline.php(209): Illuminate\\Foundation\\Http\\Middleware\\InvokeDeferredCallbacks->handle()
#38 /var/www/norloxsolutionscrm.com/wowcrm/vendor/laravel/framework/src/Illuminate/Pipeline/Pipeline.php(127): Illuminate\\Pipeline\\Pipeline->Illuminate\\Pipeline\\{closure}()
#39 /var/www/norloxsolutionscrm.com/wowcrm/vendor/laravel/framework/src/Illuminate/Foundation/Http/Kernel.php(176): Illuminate\\Pipeline\\Pipeline->then()
#40 /var/www/norloxsolutionscrm.com/wowcrm/vendor/laravel/framework/src/Illuminate/Foundation/Http/Kernel.php(145): Illuminate\\Foundation\\Http\\Kernel->sendRequestThroughRouter()
#41 /var/www/norloxsolutionscrm.com/wowcrm/vendor/laravel/framework/src/Illuminate/Foundation/Application.php(1220): Illuminate\\Foundation\\Http\\Kernel->handle()
#42 /var/www/norloxsolutionscrm.com/wowcrm/index.php(17): Illuminate\\Foundation\\Application->handleRequest()
#43 {main}
"} 
